knowledge_id,source_type,source_activity_id,observation_id,stop_id,stop_name,latitude,longitude,coordinates_valid,observed_at,observed_time,time_period,duplicate_group_id,duplicate_status,usage,facilities,accessibility,condition,environment,issues,strengths,weaknesses,recommendation_tags,evidence,confidence,description_normalized,provenance
knowledge_2dc4470857745172122d8213,survey_activity,6a8fcdd05148674129bac313,obs_a8c0392d375811c1308c077f,stop_131cb3d66e315c49457f6595,Halte TJ SMPN 5 Yogyakarta,-7.7871872,110.37527069999999,True,,12:32:00,midday,,unique,"{""boarding_activity"": true, ""bus_present"": true, ""passenger_count"": null, ""passenger_level"": ""high"", ""traffic_activity"": ""unknown""}","{""has_bicycle_parking"": null, ""has_fan"": null, ""has_lighting"": null, ""has_motorcycle_parking"": null, ""has_roof"": null, ""has_route_information"": null, ""has_seating"": null, ""has_shelter"": null, ""has_signage"": null, ""has_staff"": null, ""has_ticket_counter"": null, ""has_trash_bin"": null, ""has_water_facility"": null, ""has_wifi"": null, ""has_zebra_crossing"": null, ""seating_capacity"": null}","{""accessibility_issues"": [], ""pedestrian_access"": ""unknown"", ""ramp_available"": null, ""sidewalk_condition"": ""unknown"", ""stairs_access"": null, ""wheelchair_access"": null}","{""cleanliness"": ""unknown"", ""lighting_condition"": ""unknown"", ""maintenance"": ""unknown"", ""signage_condition"": ""unknown"", ""structural_condition"": ""unknown"", ""vandalism"": null}","{""activity_context"": [], ""landmark_categories"": [], ""nearby_place_categories"": [""school""], ""nearby_places"": [""SMPN 5 Yogyakarta""]}",[],[],[],"[""high_passenger_activity"", ""near_school""]","{""environment.nearby_place_categories"": ""Halte ini berada tepat di depan SMPN 5 Yogyakarta dan pada saat pengamatan kondisinya terlihat cukup ramai dengan banyak penumpang yang sedang menunggu."", ""environment.nearby_places"": ""Halte ini berada tepat di depan SMPN 5 Yogyakarta dan pada saat pengamatan kondisinya terlihat cukup ramai dengan banyak penumpang yang sedang menunggu."", ""usage.boarding_activity"": ""Terdapat pula bus Trans Jogja yang sedang berhenti untuk menjemput penumpang, sehingga aktivitas naik penumpang terlihat cukup aktif pada waktu tersebut."", ""usage.bus_present"": ""Terdapat pula bus Trans Jogja yang sedang berhenti untuk menjemput penumpang, sehingga aktivitas naik penumpang terlihat cukup aktif pada waktu tersebut."", ""usage.passenger_level"": ""Halte ini berada tepat di depan SMPN 5 Yogyakarta dan pada saat pengamatan kondisinya terlihat cukup ramai dengan banyak penumpang yang sedang menunggu.""}","{""environment.nearby_place_categories"": 0.92, ""environment.nearby_places"": 0.94, ""usage.boarding_activity"": 0.86, ""usage.bus_present"": 0.94, ""usage.passenger_level"": 0.88}","Siang ini, saya dan rekan sekelompok melakukan observasi di Halte TJ SMPN 5 Yogyakarta sekitar pukul 12.32 WIB. Halte ini berada tepat di depan SMPN 5 Yogyakarta dan pada saat pengamatan kondisinya terlihat cukup ramai dengan banyak penumpang yang sedang menunggu. Terdapat pula bus Trans Jogja yang sedang berhenti untuk menjemput penumpang, sehingga aktivitas naik penumpang terlihat cukup aktif pada waktu tersebut. Lokasinya yang berada di depan sekolah membuat halte ini cukup strategis untuk mendukung mobilitas pelajar maupun masyarakat di sekitarnya. #BANGJO","{""extraction_model"": ""nvidia/nemotron-3.5-lightning:free"", ""extraction_provider"": ""openrouter"", ""extraction_status"": ""deterministic_only"", ""extraction_version"": ""activities-v1"", ""processed_at"": ""2026-09-10T12:35:52.050896Z"", ""prompt_version"": ""activities-prompt-v1"", ""request_id"": null, ""source_file"": ""raw/activities_raw.csv"", ""source_row"": 2}"
knowledge_bbd1ebde6fbb9499039105a3,survey_activity,6a8d799852d86e03b51acfac,obs_5de6263685d5e66d2d9424c5,stop_0a8a68390d5e6e5cc720e6be,Halte SMPN 1 Yogyakarta,-7.777552952341509,110.37573404625363,True,,18:12:00,evening,,unique,"{""boarding_activity"": null, ""bus_present"": null, ""passenger_count"": null, ""passenger_level"": ""very_low"", ""traffic_activity"": ""unknown""}","{""has_bicycle_parking"": null, ""has_fan"": null, ""has_lighting"": null, ""has_motorcycle_parking"": null, ""has_roof"": null, ""has_route_information"": null, ""has_seating"": null, ""has_shelter"": null, ""has_signage"": null, ""has_staff"": null, ""has_ticket_counter"": null, ""has_trash_bin"": null, ""has_water_facility"": null, ""has_wifi"": null, ""has_zebra_crossing"": null, ""seating_capacity"": null}","{""accessibility_issues"": [], ""pedestrian_access"": ""unknown"", ""ramp_available"": null, ""sidewalk_condition"": ""unknown"", ""stairs_access"": null, ""wheelchair_access"": null}","{""cleanliness"": ""unknown"", ""lighting_condition"": ""unknown"", ""maintenance"": ""unknown"", ""signage_condition"": ""unknown"", ""structural_condition"": ""unknown"", ""vandalism"": null}","{""activity_context"": [], ""landmark_categories"": [], ""nearby_place_categories"": [""school""], ""nearby_places"": [""SMPN 1 Yogyakarta""]}",[],[],[],"[""near_school""]","{""environment.nearby_place_categories"": ""Halte ini berada tepat di depan SMPN 1 Yogyakarta dan pada saat pengamatan tidak terlihat adanya penumpang yang sedang menunggu Trans Jogja."", ""environment.nearby_places"": ""Halte ini berada tepat di depan SMPN 1 Yogyakarta dan pada saat pengamatan tidak terlihat adanya penumpang yang sedang menunggu Trans Jogja."", ""usage.passenger_level"": ""Halte ini berada tepat di depan SMPN 1 Yogyakarta dan pada saat pengamatan tidak terlihat adanya penumpang yang sedang menunggu Trans Jogja.""}","{""environment.nearby_place_categories"": 0.92, ""environment.nearby_places"": 0.94, ""usage.passenger_level"": 0.92}","Sore ini, saya dan rekan saya melakukan observasi di Halte SMPN 1 Yogyakarta sekitar pukul 18.12 WIB. Halte ini berada tepat di depan SMPN 1 Yogyakarta dan pada saat pengamatan tidak terlihat adanya penumpang yang sedang menunggu Trans Jogja. Dari kondisi yang terlihat, area halte relatif sepi pada waktu tersebut dan pencahayaan di sekitarnya mulai bergantung pada lampu jalan karena hari sudah mulai gelap. Secara umum halte masih dapat digunakan sebagai titik pemberhentian, namun kondisi visual di sekitar halte tampak cukup sederhana sehingga aspek penerangan, kebersihan, dan kejelasan informasi halte perlu tetap diperhatikan agar nyaman digunakan terutama pada malam hari. #BANGJO","{""extraction_model"": ""nvidia/nemotron-3.5-lightning:free"", ""extraction_provider"": ""openrouter"", ""extraction_status"": ""deterministic_only"", ""extraction_version"": ""activities-v1"", ""processed_at"": ""2026-09-10T12:35:52.050896Z"", ""prompt_version"": ""activities-prompt-v1"", ""request_id"": null, ""source_file"": ""raw/activities_raw.csv"", ""source_row"": 3}"
knowledge_0b9486b1f090bfd070e50faa,survey_activity,6a8d77b552d86e03b51acbf3,obs_6394d325d8ee10ae62c41cfe,stop_dde1e6c761b233ed8a7779d8,Halte TJ Cik Di Tiro 2,-7.78119792960976,110.37518200888871,True,,18:04:00,evening,,unique,"{""boarding_activity"": null, ""bus_present"": null, ""passenger_count"": null, ""passenger_level"": ""low"", ""traffic_activity"": ""high""}","{""has_bicycle_parking"": null, ""has_fan"": null, ""has_lighting"": null, ""has_motorcycle_parking"": null, ""has_roof"": null, ""has_route_information"": null, ""has_seating"": null, ""has_shelter"": null, ""has_signage"": null, ""has_staff"": true, ""has_ticket_counter"": null, ""has_trash_bin"": null, ""has_water_facility"": null, ""has_wifi"": null, ""has_zebra_crossing"": null, ""seating_capacity"": null}","{""accessibility_issues"": [], ""pedestrian_access"": ""unknown"", ""ramp_available"": null, ""sidewalk_condition"": ""unknown"", ""stairs_access"": null, ""wheelchair_access"": null}","{""cleanliness"": ""unknown"", ""lighting_condition"": ""unknown"", ""maintenance"": ""unknown"", ""signage_condition"": ""unknown"", ""structural_condition"": ""unknown"", ""vandalism"": true}","{""activity_context"": [], ""landmark_categories"": [], ""nearby_place_categories"": [], ""nearby_places"": []}","[{""category"": ""maintenance"", ""confidence"": 0.94, ""evidence"": ""Yang perlu menjadi catatan adalah masih ada coret² vandalisme di bagian bawah Halte."", ""issue"": ""vandalism"", ""severity"": ""unknown""}]",[],[],"[""vandalism_risk""]","{""condition.vandalism"": ""Yang perlu menjadi catatan adalah masih ada coret² vandalisme di bagian bawah Halte."", ""facilities.has_staff"": ""Terdapat satu petugas yang berjaga di halte untuk membantu pelayanan serta menjaga ketertiban."", ""usage.passenger_level"": ""Pada saat pengamatan, kondisi halte terlihat tidak terlalu ramai dan hanya terdapat sedikit aktivitas penumpang."", ""usage.traffic_activity"": ""Halte ini berada di sebelah BRI Cik Di Tiro dan terletak di kawasan dengan aktivitas lalu lintas yang cukup aktif.""}","{""condition.vandalism"": 0.96, ""facilities.has_staff"": 0.88, ""usage.passenger_level"": 0.9, ""usage.traffic_activity"": 0.84}","Sore ini, saya dan rekan melakukan observasi di Halte Cik Di Tiro 2 sekitar pukul 18.04 WIB. Halte ini berada di sebelah BRI Cik Di Tiro dan terletak di kawasan dengan aktivitas lalu lintas yang cukup aktif. Pada saat pengamatan, kondisi halte terlihat tidak terlalu ramai dan hanya terdapat sedikit aktivitas penumpang. Terdapat satu petugas yang berjaga di halte untuk membantu pelayanan serta menjaga ketertiban. Secara umum, halte masih berfungsi dengan baik sebagai titik naik dan turun penumpang Trans Jogja pada kawasan Cik Di Tiro. Yang perlu menjadi catatan adalah masih ada coret² vandalisme di bagian bawah Halte. #BANGJO","{""extraction_model"": ""nvidia/nemotron-3.5-lightning:free"", ""extraction_provider"": ""openrouter"", ""extraction_status"": ""deterministic_only"", ""extraction_version"": ""activities-v1"", ""processed_at"": ""2026-09-10T12:35:52.050896Z"", ""prompt_version"": ""activities-prompt-v1"", ""request_id"": null, ""source_file"": ""raw/activities_raw.csv"", ""source_row"": 4}"
knowledge_b57868e19ca5a68d0b3415a7,survey_activity,6a8d757252d86e03b51ac7f6,obs_1e090b35a0997330ea14caf9,stop_6aa412726d497212f57c7a2c,Halte Sudirman Bethesda,-7.783064172792365,110.37786262137291,True,,17:55:00,afternoon,,unique,"{""boarding_activity"": true, ""bus_present"": true, ""passenger_count"": null, ""passenger_level"": ""high"", ""traffic_activity"": ""unknown""}","{""has_bicycle_parking"": null, ""has_fan"": null, ""has_lighting"": null, ""has_motorcycle_parking"": null, ""has_roof"": null, ""has_route_information"": null, ""has_seating"": null, ""has_shelter"": null, ""has_signage"": null, ""has_staff"": true, ""has_ticket_counter"": null, ""has_trash_bin"": null, ""has_water_facility"": null, ""has_wifi"": null, ""has_zebra_crossing"": null, ""seating_capacity"": null}","{""accessibility_issues"": [], ""pedestrian_access"": ""unknown"", ""ramp_available"": null, ""sidewalk_condition"": ""unknown"", ""stairs_access"": null, ""wheelchair_access"": null}","{""cleanliness"": ""unknown"", ""lighting_condition"": ""unknown"", ""maintenance"": ""unknown"", ""signage_condition"": ""unknown"", ""structural_condition"": ""unknown"", ""vandalism"": null}","{""activity_context"": [], ""landmark_categories"": [], ""nearby_place_categories"": [], ""nearby_places"": []}",[],[],[],"[""high_passenger_activity""]","{""facilities.has_staff"": ""Saat observasi berlangsung, terdapat dua petugas yang berjaga di halte serta sebuah bus Trans Jogja yang sedang berhenti untuk menurunkan penumpang."", ""usage.boarding_activity"": ""Saat observasi berlangsung, terdapat dua petugas yang berjaga di halte serta sebuah bus Trans Jogja yang sedang berhenti untuk menurunkan penumpang."", ""usage.bus_present"": ""Saat observasi berlangsung, terdapat dua petugas yang berjaga di halte serta sebuah bus Trans Jogja yang sedang berhenti untuk menurunkan penumpang."", ""usage.passenger_level"": ""Halte ini terletak tepat di depan RS Bethesda, sehingga lokasinya cukup strategis dan ramai oleh aktivitas masyarakat.""}","{""facilities.has_staff"": 0.88, ""usage.boarding_activity"": 0.86, ""usage.bus_present"": 0.94, ""usage.passenger_level"": 0.88}","Sore ini, saya dan rekan saya melakukan observasi di Halte Sudirman Bethesda sekitar pukul 17.55 WIB. Halte ini terletak tepat di depan RS Bethesda, sehingga lokasinya cukup strategis dan ramai oleh aktivitas masyarakat. Saat observasi berlangsung, terdapat dua petugas yang berjaga di halte serta sebuah bus Trans Jogja yang sedang berhenti untuk menurunkan penumpang. Kondisi halte terlihat cukup aktif dengan sejumlah penumpang yang datang dan turun dari bus. Keberadaan petugas juga membantu mendukung pelayanan dan ketertiban pengguna halte, terutama pada jam sibuk sore hari. #BANGJO","{""extraction_model"": ""nvidia/nemotron-3.5-lightning:free"", ""extraction_provider"": ""openrouter"", ""extraction_status"": ""deterministic_only"", ""extraction_version"": ""activities-v1"", ""processed_at"": ""2026-09-10T12:35:52.050896Z"", ""prompt_version"": ""activities-prompt-v1"", ""request_id"": null, ""source_file"": ""raw/activities_raw.csv"", ""source_row"": 5}"
knowledge_937ec415dd89bd4615c42b9b,survey_activity,6a8d7398eca288692ef3da8b,obs_3d626175813adc5234f332eb,stop_f57c1a4f32dd196b049252ff,Halte Taksi Urip Sumoharjo,-7.783115407637396,110.38428667127943,True,,17:46:00,afternoon,,unique,"{""boarding_activity"": null, ""bus_present"": null, ""passenger_count"": null, ""passenger_level"": ""very_low"", ""traffic_activity"": ""unknown""}","{""has_bicycle_parking"": null, ""has_fan"": null, ""has_lighting"": null, ""has_motorcycle_parking"": null, ""has_roof"": null, ""has_route_information"": null, ""has_seating"": null, ""has_shelter"": null, ""has_signage"": null, ""has_staff"": null, ""has_ticket_counter"": null, ""has_trash_bin"": null, ""has_water_facility"": null, ""has_wifi"": null, ""has_zebra_crossing"": null, ""seating_capacity"": null}","{""accessibility_issues"": [], ""pedestrian_access"": ""unknown"", ""ramp_available"": null, ""sidewalk_condition"": ""unknown"", ""stairs_access"": null, ""wheelchair_access"": null}","{""cleanliness"": ""unknown"", ""lighting_condition"": ""unknown"", ""maintenance"": ""unknown"", ""signage_condition"": ""unknown"", ""structural_condition"": ""unknown"", ""vandalism"": true}","{""activity_context"": [], ""landmark_categories"": [], ""nearby_place_categories"": [], ""nearby_places"": []}","[{""category"": ""maintenance"", ""confidence"": 0.94, ""evidence"": ""Halte masih menyediakan fasilitas dasar berupa tempat berteduh dan area duduk, namun kondisinya terlihat kurang terawat karena terdapat cukup banyak coretan pada beberapa bagian serta poster yang ditempel kurang tertata dan tidak seluruhnya berkaitan dengan informasi transportasi"", ""issue"": ""vandalism"", ""severity"": ""unknown""}]",[],[],"[""vandalism_risk""]","{""condition.vandalism"": ""Halte masih menyediakan fasilitas dasar berupa tempat berteduh dan area duduk, namun kondisinya terlihat kurang terawat karena terdapat cukup banyak coretan pada beberapa bagian serta poster yang ditempel kurang tertata dan tidak seluruhnya berkaitan dengan informasi transportasi"", ""usage.passenger_level"": ""Saat observasi dilakukan, tidak terlihat penumpang yang sedang menunggu meskipun kondisi lalu lintas di sekitar kawasan cukup ramai.#BANGJO""}","{""condition.vandalism"": 0.96, ""usage.passenger_level"": 0.92}","Sore ini, saya dan rekan sekelompok melakukan observasi di Halte Taksi yang berada di kawasan Urip Sumoharjo sekitar pukul 17.46 WIB. Halte masih menyediakan fasilitas dasar berupa tempat berteduh dan area duduk, namun kondisinya terlihat kurang terawat karena terdapat cukup banyak coretan pada beberapa bagian serta poster yang ditempel kurang tertata dan tidak seluruhnya berkaitan dengan informasi transportasi. Beberapa bagian halte juga tampak kusam sehingga mengurangi kenyamanan dan kerapian fasilitas. Saat observasi dilakukan, tidak terlihat penumpang yang sedang menunggu meskipun kondisi lalu lintas di sekitar kawasan cukup ramai.#BANGJO","{""extraction_model"": ""nvidia/nemotron-3.5-lightning:free"", ""extraction_provider"": ""openrouter"", ""extraction_status"": ""deterministic_only"", ""extraction_version"": ""activities-v1"", ""processed_at"": ""2026-09-10T12:35:52.050896Z"", ""prompt_version"": ""activities-prompt-v1"", ""request_id"": null, ""source_file"": ""raw/activities_raw.csv"", ""source_row"": 6}"
knowledge_8b447fc73d2ee391cae6521a,survey_activity,6a8d71c052d86e03b51ac4d1,obs_07fc2e69b94386563e912f4e,stop_dbccd12a4f95aad0bbce2a07,TJ Halte Urip Sumoharjo,-7.783122817095673,110.38607575735847,True,,17:38:00,afternoon,,unique,"{""boarding_activity"": null, ""bus_present"": null, ""passenger_count"": null, ""passenger_level"": ""high"", ""traffic_activity"": ""high""}","{""has_bicycle_parking"": null, ""has_fan"": null, ""has_lighting"": null, ""has_motorcycle_parking"": null, ""has_roof"": null, ""has_route_information"": null, ""has_seating"": null, ""has_shelter"": null, ""has_signage"": null, ""has_staff"": true, ""has_ticket_counter"": null, ""has_trash_bin"": null, ""has_water_facility"": null, ""has_wifi"": null, ""has_zebra_crossing"": null, ""seating_capacity"": null}","{""accessibility_issues"": [], ""pedestrian_access"": ""unknown"", ""ramp_available"": null, ""sidewalk_condition"": ""unknown"", ""stairs_access"": null, ""wheelchair_access"": null}","{""cleanliness"": ""unknown"", ""lighting_condition"": ""unknown"", ""maintenance"": ""unknown"", ""signage_condition"": ""unknown"", ""structural_condition"": ""unknown"", ""vandalism"": null}","{""activity_context"": [], ""landmark_categories"": [], ""nearby_place_categories"": [], ""nearby_places"": []}",[],[],[],"[""high_passenger_activity""]","{""facilities.has_staff"": ""Di dalam halte juga terdapat petugas yang berjaga dan membantu mengurus pelayanan tiket bagi penumpang."", ""usage.passenger_level"": ""Halte ini berada di kawasan Urip Sumoharjo depan AZKO Urip Sumoharjo,yang memiliki aktivitas lalu lintas cukup ramai, terutama pada sore hari ketika masyarakat mulai melakukan perjalanan pulang dari berbagai aktivitas."", ""usage.traffic_activity"": ""Halte ini berada di kawasan Urip Sumoharjo depan AZKO Urip Sumoharjo,yang memiliki aktivitas lalu lintas cukup ramai, terutama pada sore hari ketika masyarakat mulai melakukan perjalanan pulang dari berbagai aktivitas.""}","{""facilities.has_staff"": 0.88, ""usage.passenger_level"": 0.88, ""usage.traffic_activity"": 0.84}","Sore ini, saya dan rekan sekelompok melakukan observasi di halte Trans Jogja (TJ) Urip Sumoharjo sekitar pukul 17.38 WIB. Halte ini berada di kawasan Urip Sumoharjo depan AZKO Urip Sumoharjo,yang memiliki aktivitas lalu lintas cukup ramai, terutama pada sore hari ketika masyarakat mulai melakukan perjalanan pulang dari berbagai aktivitas. Dari segi fasilitas, kondisi halte terlihat baik, bersih, dan cukup terawat. Di dalam halte juga terdapat petugas yang berjaga dan membantu mengurus pelayanan tiket bagi penumpang. Keberadaan petugas membuat pelayanan di halte terlihat lebih terorganisasi serta dapat membantu calon penumpang yang membutuhkan informasi mengenai perjalanan menggunakan Trans Jogja. Meskipun berada di kawasan yang cukup ramai dan waktu observasi bertepatan dengan jam pulang aktivitas, saat pengamatan dilakukan belum terlihat adanya penumpang yang sedang menunggu atau akan menaiki Trans Jogja dari halte tersebut. Aktivitas di sekitar halte lebih banyak didominasi oleh kendaraan yang melintas di sepanjang Jalan Urip Sumoharjo. Secara keseluruhan, kondisi TJ Urip Sumoharjo tergolong baik dari sisi fasilitas, kebersihan, serta keberadaan petugas pelayanan. Halte juga memiliki lokasi yang cukup strategis untuk mendukung mobilitas masyarakat di kawasan Urip Sumoharjo dan sekitarnya. #BANGJO","{""extraction_model"": ""nvidia/nemotron-3.5-lightning:free"", ""extraction_provider"": ""openrouter"", ""extraction_status"": ""deterministic_only"", ""extraction_version"": ""activities-v1"", ""processed_at"": ""2026-09-10T12:35:52.050896Z"", ""prompt_version"": ""activities-prompt-v1"", ""request_id"": null, ""source_file"": ""raw/activities_raw.csv"", ""source_row"": 7}"
knowledge_cb488c67437b907326b11007,survey_activity,6a8d6d0752d86e03b51ac071,obs_412821472bb183acfd515aa0,stop_cd749eef55f4eba1376f7126,Halte Trans Jogja,-7.7846699138632545,110.37139916439395,True,,17:18:00,afternoon,,unique,"{""boarding_activity"": null, ""bus_present"": null, ""passenger_count"": null, ""passenger_level"": ""high"", ""traffic_activity"": ""high""}","{""has_bicycle_parking"": null, ""has_fan"": null, ""has_lighting"": null, ""has_motorcycle_parking"": null, ""has_roof"": null, ""has_route_information"": null, ""has_seating"": null, ""has_shelter"": null, ""has_signage"": null, ""has_staff"": null, ""has_ticket_counter"": null, ""has_trash_bin"": null, ""has_water_facility"": null, ""has_wifi"": null, ""has_zebra_crossing"": null, ""seating_capacity"": null}","{""accessibility_issues"": [], ""pedestrian_access"": ""unknown"", ""ramp_available"": null, ""sidewalk_condition"": ""unknown"", ""stairs_access"": null, ""wheelchair_access"": null}","{""cleanliness"": ""unknown"", ""lighting_condition"": ""unknown"", ""maintenance"": ""unknown"", ""signage_condition"": ""unknown"", ""structural_condition"": ""unknown"", ""vandalism"": null}","{""activity_context"": [], ""landmark_categories"": [], ""nearby_place_categories"": [], ""nearby_places"": []}",[],[],[],"[""high_passenger_activity""]","{""usage.passenger_level"": ""Lokasi halte berada di kawasan perkotaan dengan aktivitas lalu lintas yang cukup ramai pada sore hari."", ""usage.traffic_activity"": ""Lokasi halte berada di kawasan perkotaan dengan aktivitas lalu lintas yang cukup ramai pada sore hari.""}","{""usage.passenger_level"": 0.88, ""usage.traffic_activity"": 0.84}","Sore ini, saya dan rekan sekelompok tiba di halte Trans Jogja (TJ) Kotabaru, Yogyakarta, yang berada di samping persis Museum Sandi, sekitar pukul 17.18 WIB. Lokasi halte berada di kawasan perkotaan dengan aktivitas lalu lintas yang cukup ramai pada sore hari. Akses menuju halte cukup mudah karena berada di tepi jalan utama dan dekat dengan beberapa fasilitas serta bangunan di kawasan Kotabaru. Saat observasi dilakukan, kondisi di sekitar halte cukup aktif dengan kendaraan yang melintas. Halte menyediakan area bagi penumpang untuk menunggu kedatangan Trans Jogja serta informasi yang mendukung penggunaan transportasi umum. Dari segi lokasi, keberadaan halte ini cukup strategis karena berada dekat Museum Sandi Yogyakarta dan kawasan Kotabaru, sehingga dapat mendukung mobilitas masyarakat maupun pengunjung yang beraktivitas di sekitarnya. Observasi dilakukan pada sore hari ketika aktivitas perjalanan masyarakat mulai meningkat. #BANGJO","{""extraction_model"": ""nvidia/nemotron-3.5-lightning:free"", ""extraction_provider"": ""openrouter"", ""extraction_status"": ""deterministic_only"", ""extraction_version"": ""activities-v1"", ""processed_at"": ""2026-09-10T12:35:52.050896Z"", ""prompt_version"": ""activities-prompt-v1"", ""request_id"": null, ""source_file"": ""raw/activities_raw.csv"", ""source_row"": 8}"
knowledge_1d7acad030759e67a5cd25ec,survey_activity,6a8bac5fa4262ae1033d0d42,obs_f68039d94f169b80703387db,stop_78eac843291d6b54155703d2,Halte TJ Mangkubumi 2,-7.787650230803976,110.3665164836438,True,,09:26:00,morning,,unique,"{""boarding_activity"": null, ""bus_present"": null, ""passenger_count"": null, ""passenger_level"": ""very_low"", ""traffic_activity"": ""unknown""}","{""has_bicycle_parking"": null, ""has_fan"": null, ""has_lighting"": null, ""has_motorcycle_parking"": null, ""has_roof"": null, ""has_route_information"": null, ""has_seating"": true, ""has_shelter"": null, ""has_signage"": null, ""has_staff"": true, ""has_ticket_counter"": null, ""has_trash_bin"": null, ""has_water_facility"": null, ""has_wifi"": null, ""has_zebra_crossing"": null, ""seating_capacity"": null}","{""accessibility_issues"": [], ""pedestrian_access"": ""unknown"", ""ramp_available"": null, ""sidewalk_condition"": ""unknown"", ""stairs_access"": null, ""wheelchair_access"": null}","{""cleanliness"": ""unknown"", ""lighting_condition"": ""unknown"", ""maintenance"": ""unknown"", ""signage_condition"": ""unknown"", ""structural_condition"": ""unknown"", ""vandalism"": null}","{""activity_context"": [], ""landmark_categories"": [], ""nearby_place_categories"": [], ""nearby_places"": []}",[],[],[],[],"{""facilities.has_seating"": ""Halte berupa bangunan tertutup yang dilengkapi tempat duduk, lampu, papan informasi peta jaringan dan rute Trans Jogja, serta akses berupa tangga dan jalur landai dengan pegangan tangan."", ""facilities.has_staff"": ""Saat observasi dilakukan, kondisi halte dalam keadaan kosong dan tidak terlihat penumpang maupun petugas di dalamnya."", ""usage.passenger_level"": ""Saat observasi dilakukan, kondisi halte dalam keadaan kosong dan tidak terlihat penumpang maupun petugas di dalamnya.""}","{""facilities.has_seating"": 0.88, ""facilities.has_staff"": 0.88, ""usage.passenger_level"": 0.92}","Pagi ini, saya tiba di Halte Mangkubumi 2 sekitar pukul 09.26 WIB. Saat observasi dilakukan, kondisi halte dalam keadaan kosong dan tidak terlihat penumpang maupun petugas di dalamnya. Halte berupa bangunan tertutup yang dilengkapi tempat duduk, lampu, papan informasi peta jaringan dan rute Trans Jogja, serta akses berupa tangga dan jalur landai dengan pegangan tangan. Kondisi bangunan secara umum masih dapat digunakan, tetapi terdapat beberapa bagian yang terlihat kurang terawat. Cat pada pegangan jalur landai banyak yang mengelupas dan mulai berkarat, sementara bagian plafon tampak kotor dan terdapat bekas noda. Kondisi lantai di dalam halte juga terlihat berdebu, terdapat beberapa sampah kecil, serta sebagian pelat lantai tampak tidak terpasang dengan rapi. Di sekitar halte terdapat trotoar yang cukup luas, meskipun terlihat becak yang diparkir berdekatan dengan jalur masuk halte. Secara keseluruhan, Halte Mangkubumi 2 masih memiliki fasilitas dasar yang memadai sebagai tempat pemberhentian bus, namun kebersihan dan pemeliharaan beberapa bagian bangunan perlu ditingkatkan agar halte lebih bersih, aman, dan nyaman bagi penumpang. #BANGJO","{""extraction_model"": ""nvidia/nemotron-3.5-lightning:free"", ""extraction_provider"": ""openrouter"", ""extraction_status"": ""deterministic_only"", ""extraction_version"": ""activities-v1"", ""processed_at"": ""2026-09-10T12:35:52.050896Z"", ""prompt_version"": ""activities-prompt-v1"", ""request_id"": null, ""source_file"": ""raw/activities_raw.csv"", ""source_row"": 9}"
knowledge_ba0f685f1ec754872985b34d,survey_activity,6a8bab13a4262ae1033d0c6b,obs_340203830bcce43265c1ff31,stop_e80fae2dacbfc57e77ae56bc,Halte TJ Mangkubumi 1,-7.784746410935341,110.36684580652371,True,,09:21:00,morning,,unique,"{""boarding_activity"": null, ""bus_present"": true, ""passenger_count"": null, ""passenger_level"": ""unknown"", ""traffic_activity"": ""unknown""}","{""has_bicycle_parking"": null, ""has_fan"": true, ""has_lighting"": null, ""has_motorcycle_parking"": null, ""has_roof"": null, ""has_route_information"": null, ""has_seating"": true, ""has_shelter"": null, ""has_signage"": null, ""has_staff"": true, ""has_ticket_counter"": null, ""has_trash_bin"": null, ""has_water_facility"": null, ""has_wifi"": null, ""has_zebra_crossing"": null, ""seating_capacity"": null}","{""accessibility_issues"": [], ""pedestrian_access"": ""unknown"", ""ramp_available"": true, ""sidewalk_condition"": ""unknown"", ""stairs_access"": null, ""wheelchair_access"": null}","{""cleanliness"": ""unknown"", ""lighting_condition"": ""unknown"", ""maintenance"": ""unknown"", ""signage_condition"": ""unknown"", ""structural_condition"": ""unknown"", ""vandalism"": true}","{""activity_context"": [], ""landmark_categories"": [], ""nearby_place_categories"": [], ""nearby_places"": []}","[{""category"": ""maintenance"", ""confidence"": 0.94, ""evidence"": ""Namun, pada beberapa bagian luar bangunan terlihat coretan pada dinding dan penutup bagian atas, sementara papan penanda di dekat halte juga dipenuhi stiker dan coretan sehingga tampilannya kurang terawat."", ""issue"": ""vandalism"", ""severity"": ""unknown""}]",[],[],"[""vandalism_risk""]","{""accessibility.ramp_available"": ""Akses masuk tersedia melalui tangga dan jalur landai dengan pegangan tangan di kedua sisinya sehingga memudahkan pengguna untuk menuju ruang tunggu."", ""condition.vandalism"": ""Namun, pada beberapa bagian luar bangunan terlihat coretan pada dinding dan penutup bagian atas, sementara papan penanda di dekat halte juga dipenuhi stiker dan coretan sehingga tampilannya kurang terawat."", ""facilities.has_fan"": ""Halte memiliki bangunan tertutup dengan tempat duduk, kipas angin, lampu, serta papan informasi yang memuat peta jaringan dan rute Trans Jogja."", ""facilities.has_seating"": ""Halte memiliki bangunan tertutup dengan tempat duduk, kipas angin, lampu, serta papan informasi yang memuat peta jaringan dan rute Trans Jogja."", ""facilities.has_staff"": ""Pada saat observasi, terdapat lima penumpang yang sedang menunggu bus dan satu petugas yang berjaga di dalam halte."", ""usage.bus_present"": ""Pada saat observasi, terdapat lima penumpang yang sedang menunggu bus dan satu petugas yang berjaga di dalam halte.""}","{""accessibility.ramp_available"": 0.88, ""condition.vandalism"": 0.96, ""facilities.has_fan"": 0.88, ""facilities.has_seating"": 0.88, ""facilities.has_staff"": 0.88, ""usage.bus_present"": 0.88}","Pagi ini, saya tiba di Halte Mangkubumi 1 sekitar pukul 09.21 WIB. Pada saat observasi, terdapat lima penumpang yang sedang menunggu bus dan satu petugas yang berjaga di dalam halte. Halte memiliki bangunan tertutup dengan tempat duduk, kipas angin, lampu, serta papan informasi yang memuat peta jaringan dan rute Trans Jogja. Akses masuk tersedia melalui tangga dan jalur landai dengan pegangan tangan di kedua sisinya sehingga memudahkan pengguna untuk menuju ruang tunggu. Kondisi bagian dalam masih cukup baik dan dapat digunakan untuk menunggu bus dengan nyaman. Namun, pada beberapa bagian luar bangunan terlihat coretan pada dinding dan penutup bagian atas, sementara papan penanda di dekat halte juga dipenuhi stiker dan coretan sehingga tampilannya kurang terawat. Di sisi halte, terdapat becak dan barang-barang yang memenuhi sebagian area trotoar sehingga ruang bagi pejalan kaki menjadi lebih sempit. Secara keseluruhan, Halte Mangkubumi 1 masih berfungsi dengan baik sebagai fasilitas pemberhentian dan tempat menunggu penumpang, tetapi kebersihan serta kondisi bagian luar halte perlu mendapat perhatian agar lingkungan halte terlihat lebih rapi dan nyaman digunakan. #BANGJO","{""extraction_model"": ""nvidia/nemotron-3.5-lightning:free"", ""extraction_provider"": ""openrouter"", ""extraction_status"": ""deterministic_only"", ""extraction_version"": ""activities-v1"", ""processed_at"": ""2026-09-10T12:35:52.050896Z"", ""prompt_version"": ""activities-prompt-v1"", ""request_id"": null, ""source_file"": ""raw/activities_raw.csv"", ""source_row"": 10}"
knowledge_3c88185f8799c01aa85943dc,survey_activity,6a8ba82fa4262ae1033d0be2,obs_e7ad58c39ac5b345cf657b67,stop_5cc7d04fab74a6a5bb4573e8,Halte SMP N 14,-7.786639735892905,110.3598915994072,True,,09:09:00,morning,,unique,"{""boarding_activity"": null, ""bus_present"": true, ""passenger_count"": null, ""passenger_level"": ""unknown"", ""traffic_activity"": ""unknown""}","{""has_bicycle_parking"": null, ""has_fan"": true, ""has_lighting"": null, ""has_motorcycle_parking"": null, ""has_roof"": null, ""has_route_information"": null, ""has_seating"": true, ""has_shelter"": null, ""has_signage"": null, ""has_staff"": true, ""has_ticket_counter"": null, ""has_trash_bin"": null, ""has_water_facility"": null, ""has_wifi"": null, ""has_zebra_crossing"": null, ""seating_capacity"": null}","{""accessibility_issues"": [], ""pedestrian_access"": ""unknown"", ""ramp_available"": true, ""sidewalk_condition"": ""unknown"", ""stairs_access"": null, ""wheelchair_access"": null}","{""cleanliness"": ""unknown"", ""lighting_condition"": ""unknown"", ""maintenance"": ""unknown"", ""signage_condition"": ""unknown"", ""structural_condition"": ""unknown"", ""vandalism"": true}","{""activity_context"": [], ""landmark_categories"": [], ""nearby_place_categories"": [], ""nearby_places"": []}","[{""category"": ""maintenance"", ""confidence"": 0.94, ""evidence"": ""Pada bagian luar, papan nama halte tampak rusak dan robek sehingga tulisan tidak lagi terlihat dengan baik, serta terdapat coretan pada dinding bagian bawah."", ""issue"": ""vandalism"", ""severity"": ""unknown""}]",[],[],"[""vandalism_risk""]","{""accessibility.ramp_available"": ""Akses menuju halte tersedia melalui tangga dan jalur landai yang dilengkapi pegangan tangan."", ""condition.vandalism"": ""Pada bagian luar, papan nama halte tampak rusak dan robek sehingga tulisan tidak lagi terlihat dengan baik, serta terdapat coretan pada dinding bagian bawah."", ""facilities.has_fan"": ""Halte ini berupa bangunan tertutup yang dilengkapi tempat duduk, kipas angin, lampu, serta papan informasi berupa peta jaringan dan rute Trans Jogja."", ""facilities.has_seating"": ""Halte ini berupa bangunan tertutup yang dilengkapi tempat duduk, kipas angin, lampu, serta papan informasi berupa peta jaringan dan rute Trans Jogja."", ""facilities.has_staff"": ""Saat observasi dilakukan, terdapat empat penumpang yang sedang menunggu bus dan satu petugas yang berjaga di dalam halte."", ""usage.bus_present"": ""Saat observasi dilakukan, terdapat empat penumpang yang sedang menunggu bus dan satu petugas yang berjaga di dalam halte.""}","{""accessibility.ramp_available"": 0.88, ""condition.vandalism"": 0.96, ""facilities.has_fan"": 0.88, ""facilities.has_seating"": 0.88, ""facilities.has_staff"": 0.88, ""usage.bus_present"": 0.88}","Pagi ini, saya tiba di Halte SMP N 14 Yogyakarta sekitar pukul 09.09 WIB. Saat observasi dilakukan, terdapat empat penumpang yang sedang menunggu bus dan satu petugas yang berjaga di dalam halte. Halte ini berupa bangunan tertutup yang dilengkapi tempat duduk, kipas angin, lampu, serta papan informasi berupa peta jaringan dan rute Trans Jogja. Akses menuju halte tersedia melalui tangga dan jalur landai yang dilengkapi pegangan tangan. Secara umum, bagian dalam halte masih cukup layak digunakan, meskipun beberapa bagian bangunan terlihat mulai menua dan memerlukan perawatan. Pada bagian luar, papan nama halte tampak rusak dan robek sehingga tulisan tidak lagi terlihat dengan baik, serta terdapat coretan pada dinding bagian bawah. Beberapa sepeda motor juga terlihat diparkir di dekat jalur masuk halte sehingga dapat mengurangi ruang akses bagi pengguna. Di sisi belakang bangunan terdapat area tanah dengan pohon besar serta terlihat sejumlah sampah yang membuat lingkungan sekitar tampak kurang terawat. Secara keseluruhan, Halte SMP N 14 masih dapat digunakan dengan cukup baik untuk menunjang aktivitas naik turun dan menunggu penumpang, tetapi diperlukan perbaikan pada papan nama, beberapa bagian bangunan, serta kebersihan area di sekitarnya agar kondisi halte menjadi lebih nyaman. #BANGJO","{""extraction_model"": ""nvidia/nemotron-3.5-lightning:free"", ""extraction_provider"": ""openrouter"", ""extraction_status"": ""deterministic_only"", ""extraction_version"": ""activities-v1"", ""processed_at"": ""2026-09-10T12:35:52.050896Z"", ""prompt_version"": ""activities-prompt-v1"", ""request_id"": null, ""source_file"": ""raw/activities_raw.csv"", ""source_row"": 11}"
knowledge_e59e8eac7fc4b1989f93e5e1,survey_activity,6a8ba64f52d86e03b519bfcf,obs_05e76802114e6d7f366ae9e0,stop_87484c07aeef9e1268422219,Halte TJ Diponegoro,-7.782872521318353,110.36255287491576,True,,08:58:00,morning,,unique,"{""boarding_activity"": null, ""bus_present"": true, ""passenger_count"": null, ""passenger_level"": ""unknown"", ""traffic_activity"": ""unknown""}","{""has_bicycle_parking"": null, ""has_fan"": null, ""has_lighting"": null, ""has_motorcycle_parking"": null, ""has_roof"": null, ""has_route_information"": null, ""has_seating"": null, ""has_shelter"": null, ""has_signage"": null, ""has_staff"": true, ""has_ticket_counter"": null, ""has_trash_bin"": null, ""has_water_facility"": null, ""has_wifi"": null, ""has_zebra_crossing"": null, ""seating_capacity"": null}","{""accessibility_issues"": [], ""pedestrian_access"": ""unknown"", ""ramp_available"": null, ""sidewalk_condition"": ""unknown"", ""stairs_access"": null, ""wheelchair_access"": null}","{""cleanliness"": ""unknown"", ""lighting_condition"": ""unknown"", ""maintenance"": ""unknown"", ""signage_condition"": ""unknown"", ""structural_condition"": ""unknown"", ""vandalism"": null}","{""activity_context"": [], ""landmark_categories"": [], ""nearby_place_categories"": [], ""nearby_places"": []}",[],[],[],[],"{""facilities.has_staff"": ""Saat observasi dilakukan, kondisi halte terlihat kosong dan tidak terdapat penumpang yang sedang menunggu bus maupun petugas yang berjaga."", ""usage.bus_present"": ""Saat observasi dilakukan, kondisi halte terlihat kosong dan tidak terdapat penumpang yang sedang menunggu bus maupun petugas yang berjaga.""}","{""facilities.has_staff"": 0.88, ""usage.bus_present"": 0.88}","Pagi ini, saya tiba di Halte TJ Diponegoro sekitar pukul 08.58 WIB. Saat observasi dilakukan, kondisi halte terlihat kosong dan tidak terdapat penumpang yang sedang menunggu bus maupun petugas yang berjaga. Halte ini berupa bangunan tertutup dengan struktur besi, dinding kaca, atap, tempat duduk, serta jalur landai yang dilengkapi pegangan tangan. Di dalam halte tersedia papan informasi mengenai layanan dan halte alternatif yang dapat digunakan oleh penumpang. Kondisi bangunan secara umum masih dapat digunakan, tetapi terlihat cukup tua dan kurang terawat. Beberapa bagian rangka dan pegangan tangan tampak kusam serta catnya mulai mengelupas, sementara pada bagian atas halte terlihat sejumlah barang yang diletakkan di atas struktur. Di bagian samping halte terdapat pohon besar dan tiang utilitas yang posisinya sangat dekat dengan bangunan sehingga membuat area tersebut terlihat cukup sempit. Beberapa informasi dan stiker yang terpasang pada kaca juga terlihat sudah usang dan sebagian rusak. Secara umum, Halte TJ Diponegoro masih layak digunakan dan memiliki fasilitas dasar yang memadai, namun diperlukan perawatan pada struktur, papan informasi, serta penataan area halte agar terlihat lebih bersih, rapi, dan nyaman bagi pengguna. #BANGJO","{""extraction_model"": ""nvidia/nemotron-3.5-lightning:free"", ""extraction_provider"": ""openrouter"", ""extraction_status"": ""deterministic_only"", ""extraction_version"": ""activities-v1"", ""processed_at"": ""2026-09-10T12:35:52.050896Z"", ""prompt_version"": ""activities-prompt-v1"", ""request_id"": null, ""source_file"": ""raw/activities_raw.csv"", ""source_row"": 12}"
knowledge_9ba55ee9f06ce9e51bfca8dd,survey_activity,6a8ba3eca4262ae1033d0aed,obs_8e194c3ecf82aa3d1483f7aa,stop_3dfa792e2982e66a15082e79,Halte Sudirman Bumiputera,-7.782965837983895,110.36955864583643,True,,08:51:00,morning,,unique,"{""boarding_activity"": null, ""bus_present"": true, ""passenger_count"": null, ""passenger_level"": ""very_low"", ""traffic_activity"": ""unknown""}","{""has_bicycle_parking"": null, ""has_fan"": null, ""has_lighting"": null, ""has_motorcycle_parking"": null, ""has_roof"": null, ""has_route_information"": null, ""has_seating"": null, ""has_shelter"": null, ""has_signage"": null, ""has_staff"": true, ""has_ticket_counter"": null, ""has_trash_bin"": null, ""has_water_facility"": null, ""has_wifi"": null, ""has_zebra_crossing"": null, ""seating_capacity"": null}","{""accessibility_issues"": [], ""pedestrian_access"": ""unknown"", ""ramp_available"": null, ""sidewalk_condition"": ""unknown"", ""stairs_access"": null, ""wheelchair_access"": null}","{""cleanliness"": ""unknown"", ""lighting_condition"": ""unknown"", ""maintenance"": ""unknown"", ""signage_condition"": ""unknown"", ""structural_condition"": ""unknown"", ""vandalism"": true}","{""activity_context"": [], ""landmark_categories"": [], ""nearby_place_categories"": [], ""nearby_places"": []}","[{""category"": ""maintenance"", ""confidence"": 0.94, ""evidence"": ""Di sekitar halte terdapat papan informasi kawasan Jalan Jenderal Sudirman, tetapi kondisinya dipenuhi coretan sehingga informasi yang ditampilkan menjadi kurang jelas."", ""issue"": ""vandalism"", ""severity"": ""unknown""}]",[],[],"[""vandalism_risk""]","{""condition.vandalism"": ""Di sekitar halte terdapat papan informasi kawasan Jalan Jenderal Sudirman, tetapi kondisinya dipenuhi coretan sehingga informasi yang ditampilkan menjadi kurang jelas."", ""facilities.has_staff"": ""Saat observasi dilakukan, tidak terlihat penumpang yang sedang menunggu bus dan hanya terdapat satu petugas di dalam halte yang sedang beristirahat."", ""usage.bus_present"": ""Saat observasi dilakukan, tidak terlihat penumpang yang sedang menunggu bus dan hanya terdapat satu petugas di dalam halte yang sedang beristirahat."", ""usage.passenger_level"": ""Saat observasi dilakukan, tidak terlihat penumpang yang sedang menunggu bus dan hanya terdapat satu petugas di dalam halte yang sedang beristirahat.""}","{""condition.vandalism"": 0.96, ""facilities.has_staff"": 0.88, ""usage.bus_present"": 0.88, ""usage.passenger_level"": 0.92}","Pagi ini, saya tiba di Halte Sudirman Bumiputera sekitar pukul 08.51 WIB. Saat observasi dilakukan, tidak terlihat penumpang yang sedang menunggu bus dan hanya terdapat satu petugas di dalam halte yang sedang beristirahat. Halte ini berupa bangunan tertutup dengan dinding kaca, atap, tempat duduk, kipas angin, serta jalur landai yang dilengkapi pegangan tangan. Di dalam halte tersedia papan informasi yang memuat peta jaringan, daftar jalur, tarif, dan jam operasional Trans Jogja sehingga informasi perjalanan cukup mudah diakses oleh pengguna. Kondisi bagian dalam terlihat cukup bersih dan fasilitas utama masih dapat digunakan dengan baik. Namun, pada bagian luar terdapat sepeda motor yang diparkir tepat di samping bangunan sehingga mempersempit ruang pada trotoar. Beberapa ornamen pada kaca juga mulai terlihat kusam dan mengelupas. Di sekitar halte terdapat papan informasi kawasan Jalan Jenderal Sudirman, tetapi kondisinya dipenuhi coretan sehingga informasi yang ditampilkan menjadi kurang jelas. Secara umum, Halte Sudirman Bumiputera masih layak digunakan dan memiliki fasilitas yang cukup lengkap, namun penataan area sekitar serta perawatan elemen visual perlu diperhatikan agar lingkungan halte terlihat lebih rapi dan nyaman. #BANGJO","{""extraction_model"": ""nvidia/nemotron-3.5-lightning:free"", ""extraction_provider"": ""openrouter"", ""extraction_status"": ""deterministic_only"", ""extraction_version"": ""activities-v1"", ""processed_at"": ""2026-09-10T12:35:52.050896Z"", ""prompt_version"": ""activities-prompt-v1"", ""request_id"": null, ""source_file"": ""raw/activities_raw.csv"", ""source_row"": 13}"
knowledge_fd02dbcf40c1b529e8e7ea58,survey_activity,6a8ba24b52d86e03b519bec8,obs_7659e6abf35333fb9d0447b8,stop_fad538b68e40a017fb6c7425,Halte Jend. Sudirman (santika),-7.7827849512265175,110.36882439062049,True,,08:43:00,morning,,unique,"{""boarding_activity"": null, ""bus_present"": true, ""passenger_count"": null, ""passenger_level"": ""unknown"", ""traffic_activity"": ""unknown""}","{""has_bicycle_parking"": null, ""has_fan"": true, ""has_lighting"": null, ""has_motorcycle_parking"": null, ""has_roof"": true, ""has_route_information"": null, ""has_seating"": true, ""has_shelter"": null, ""has_signage"": null, ""has_staff"": null, ""has_ticket_counter"": null, ""has_trash_bin"": null, ""has_water_facility"": null, ""has_wifi"": null, ""has_zebra_crossing"": null, ""seating_capacity"": null}","{""accessibility_issues"": [], ""pedestrian_access"": ""unknown"", ""ramp_available"": true, ""sidewalk_condition"": ""unknown"", ""stairs_access"": null, ""wheelchair_access"": null}","{""cleanliness"": ""unknown"", ""lighting_condition"": ""unknown"", ""maintenance"": ""unknown"", ""signage_condition"": ""unknown"", ""structural_condition"": ""unknown"", ""vandalism"": null}","{""activity_context"": [], ""landmark_categories"": [], ""nearby_place_categories"": [], ""nearby_places"": []}",[],[],[],[],"{""accessibility.ramp_available"": ""Kondisi halte secara umum cukup baik dengan bangunan tertutup yang dilengkapi atap, dinding kaca, tempat duduk, kipas angin, serta jalur landai dengan pegangan tangan untuk memudahkan akses pengguna."", ""facilities.has_fan"": ""Kondisi halte secara umum cukup baik dengan bangunan tertutup yang dilengkapi atap, dinding kaca, tempat duduk, kipas angin, serta jalur landai dengan pegangan tangan untuk memudahkan akses pengguna."", ""facilities.has_roof"": ""Kondisi halte secara umum cukup baik dengan bangunan tertutup yang dilengkapi atap, dinding kaca, tempat duduk, kipas angin, serta jalur landai dengan pegangan tangan untuk memudahkan akses pengguna."", ""facilities.has_seating"": ""Kondisi halte secara umum cukup baik dengan bangunan tertutup yang dilengkapi atap, dinding kaca, tempat duduk, kipas angin, serta jalur landai dengan pegangan tangan untuk memudahkan akses pengguna."", ""usage.bus_present"": ""Saat observasi berlangsung, terdapat tiga penumpang yang sedang duduk menunggu bus di dalam halte.""}","{""accessibility.ramp_available"": 0.88, ""facilities.has_fan"": 0.88, ""facilities.has_roof"": 0.88, ""facilities.has_seating"": 0.88, ""usage.bus_present"": 0.88}","Pagi ini, saya tiba di Halte Jend. Sudirman (Santika) sekitar pukul 08.43 WIB. Saat observasi berlangsung, terdapat tiga penumpang yang sedang duduk menunggu bus di dalam halte. Kondisi halte secara umum cukup baik dengan bangunan tertutup yang dilengkapi atap, dinding kaca, tempat duduk, kipas angin, serta jalur landai dengan pegangan tangan untuk memudahkan akses pengguna. Di dalam halte juga tersedia papan informasi yang memuat peta jaringan, daftar jalur Trans Jogja, jam operasional, dan informasi tarif sehingga cukup membantu penumpang dalam menentukan perjalanan. Meskipun fasilitas utama masih berfungsi, beberapa bagian halte menunjukkan tanda kurang terawat, terutama ornamen pada kaca yang terlihat kusam, mengelupas, dan berubah warna. Pada bagian luar juga terdapat beberapa papan dan gerobak usaha yang diletakkan cukup dekat dengan bangunan halte sehingga sedikit mengurangi kerapian area sekitarnya. Secara keseluruhan, Halte Jend. Sudirman masih dalam kondisi layak dan memiliki fasilitas yang cukup lengkap untuk menunjang kenyamanan penumpang, meskipun perawatan pada beberapa bagian bangunan perlu ditingkatkan. #BANGJO","{""extraction_model"": ""nvidia/nemotron-3.5-lightning:free"", ""extraction_provider"": ""openrouter"", ""extraction_status"": ""deterministic_only"", ""extraction_version"": ""activities-v1"", ""processed_at"": ""2026-09-10T12:35:52.050896Z"", ""prompt_version"": ""activities-prompt-v1"", ""request_id"": null, ""source_file"": ""raw/activities_raw.csv"", ""source_row"": 14}"
knowledge_f1847bb49fa9b7edef272bb6,survey_activity,6a8ba06ba4262ae1033d0891,obs_68863738e1e98629600b35f2,stop_f3c1bd1e5928ddf724c2dfcc,Halte Portabel Trans Jogja,-7.777833012319633,110.36649580646275,True,,08:27:00,morning,,unique,"{""boarding_activity"": null, ""bus_present"": true, ""passenger_count"": null, ""passenger_level"": ""unknown"", ""traffic_activity"": ""unknown""}","{""has_bicycle_parking"": null, ""has_fan"": null, ""has_lighting"": null, ""has_motorcycle_parking"": null, ""has_roof"": true, ""has_route_information"": null, ""has_seating"": true, ""has_shelter"": true, ""has_signage"": null, ""has_staff"": null, ""has_ticket_counter"": null, ""has_trash_bin"": null, ""has_water_facility"": null, ""has_wifi"": null, ""has_zebra_crossing"": null, ""seating_capacity"": null}","{""accessibility_issues"": [], ""pedestrian_access"": ""unknown"", ""ramp_available"": null, ""sidewalk_condition"": ""unknown"", ""stairs_access"": null, ""wheelchair_access"": null}","{""cleanliness"": ""unknown"", ""lighting_condition"": ""unknown"", ""maintenance"": ""unknown"", ""signage_condition"": ""unknown"", ""structural_condition"": ""unknown"", ""vandalism"": null}","{""activity_context"": [], ""landmark_categories"": [], ""nearby_place_categories"": [], ""nearby_places"": []}",[],[],[],[],"{""facilities.has_roof"": ""Berbeda dengan halte permanen, titik pemberhentian ini hanya ditandai dengan papan bertuliskan “STOP” dan simbol bus yang dipasang pada sebuah tiang di tepi trotoar, tanpa dilengkapi bangunan shelter, atap, maupun tempat duduk."", ""facilities.has_seating"": ""Berbeda dengan halte permanen, titik pemberhentian ini hanya ditandai dengan papan bertuliskan “STOP” dan simbol bus yang dipasang pada sebuah tiang di tepi trotoar, tanpa dilengkapi bangunan shelter, atap, maupun tempat duduk."", ""facilities.has_shelter"": ""Berbeda dengan halte permanen, titik pemberhentian ini hanya ditandai dengan papan bertuliskan “STOP” dan simbol bus yang dipasang pada sebuah tiang di tepi trotoar, tanpa dilengkapi bangunan shelter, atap, maupun tempat duduk."", ""usage.bus_present"": ""Saat observasi dilakukan, tidak terdapat penumpang yang sedang menunggu bus di lokasi.""}","{""facilities.has_roof"": 0.88, ""facilities.has_seating"": 0.88, ""facilities.has_shelter"": 0.88, ""usage.bus_present"": 0.88}","Pagi ini, saya tiba di Halte Portabel Trans Jogja sekitar pukul 08.27 WIB. Saat observasi dilakukan, tidak terdapat penumpang yang sedang menunggu bus di lokasi. Berbeda dengan halte permanen, titik pemberhentian ini hanya ditandai dengan papan bertuliskan “STOP” dan simbol bus yang dipasang pada sebuah tiang di tepi trotoar, tanpa dilengkapi bangunan shelter, atap, maupun tempat duduk. Area pemberhentian berada tepat di depan SMK Negeri 3 Yogyakarta dengan kondisi jalan yang cukup baik dan terdapat trotoar yang dapat digunakan oleh pejalan kaki. Namun, kondisi trotoar di sekitar titik halte terlihat kurang rata pada beberapa bagian dan terdapat pepohonan yang mempersempit ruang berjalan. Di sisi dalam trotoar juga terdapat saluran air terbuka yang cukup lebar sehingga pengguna perlu lebih berhati-hati ketika berjalan maupun menunggu bus. Secara umum, penanda halte masih terlihat jelas dan dapat berfungsi sebagai titik naik turun penumpang, tetapi fasilitas pendukung untuk kenyamanan dan keamanan pengguna masih cukup terbatas. #BANGJO","{""extraction_model"": ""nvidia/nemotron-3.5-lightning:free"", ""extraction_provider"": ""openrouter"", ""extraction_status"": ""deterministic_only"", ""extraction_version"": ""activities-v1"", ""processed_at"": ""2026-09-10T12:35:52.050896Z"", ""prompt_version"": ""activities-prompt-v1"", ""request_id"": null, ""source_file"": ""raw/activities_raw.csv"", ""source_row"": 15}"
knowledge_4f9903b92d503d76b4f3e9a8,survey_activity,6a8b9fbb52d86e03b519bc1e,obs_5c2c7fc28cd0dfa21a97b1da,stop_6f03c8ed18d9213bc20e85d6,Halte Terlihat Kosong Dan Tidak Terdapat Penumpang Yang Sedang Menunggu Bus. Tpb Ini B,-7.777881497716891,110.36672595741157,True,,08:33:00,morning,,unique,"{""boarding_activity"": null, ""bus_present"": true, ""passenger_count"": null, ""passenger_level"": ""unknown"", ""traffic_activity"": ""unknown""}","{""has_bicycle_parking"": null, ""has_fan"": null, ""has_lighting"": null, ""has_motorcycle_parking"": null, ""has_roof"": true, ""has_route_information"": null, ""has_seating"": null, ""has_shelter"": null, ""has_signage"": null, ""has_staff"": null, ""has_ticket_counter"": null, ""has_trash_bin"": null, ""has_water_facility"": null, ""has_wifi"": null, ""has_zebra_crossing"": null, ""seating_capacity"": null}","{""accessibility_issues"": [], ""pedestrian_access"": ""unknown"", ""ramp_available"": true, ""sidewalk_condition"": ""unknown"", ""stairs_access"": null, ""wheelchair_access"": null}","{""cleanliness"": ""unknown"", ""lighting_condition"": ""unknown"", ""maintenance"": ""unknown"", ""signage_condition"": ""unknown"", ""structural_condition"": ""unknown"", ""vandalism"": true}","{""activity_context"": [], ""landmark_categories"": [], ""nearby_place_categories"": [], ""nearby_places"": []}","[{""category"": ""maintenance"", ""confidence"": 0.94, ""evidence"": ""Hampir seluruh bagian dinding berwarna kuning dipenuhi coretan dan grafiti, termasuk pada bagian bawah bangunan, sehingga mengurangi kebersihan dan kerapian visual halte."", ""issue"": ""vandalism"", ""severity"": ""unknown""}]",[],[],"[""vandalism_risk""]","{""accessibility.ramp_available"": ""TPB ini berupa shelter permanen dengan area tunggu yang cukup luas, dilengkapi atap, jalur landai, serta pagar pembatas berbahan logam di bagian depan."", ""condition.vandalism"": ""Hampir seluruh bagian dinding berwarna kuning dipenuhi coretan dan grafiti, termasuk pada bagian bawah bangunan, sehingga mengurangi kebersihan dan kerapian visual halte."", ""facilities.has_roof"": ""TPB ini berupa shelter permanen dengan area tunggu yang cukup luas, dilengkapi atap, jalur landai, serta pagar pembatas berbahan logam di bagian depan."", ""usage.bus_present"": ""Pada saat observasi, kondisi halte terlihat kosong dan tidak terdapat penumpang yang sedang menunggu bus.""}","{""accessibility.ramp_available"": 0.88, ""condition.vandalism"": 0.96, ""facilities.has_roof"": 0.88, ""usage.bus_present"": 0.88}","Pagi ini, saya tiba di TPB Wolter Monginsidi sekitar pukul 08.33 WIB. Pada saat observasi, kondisi halte terlihat kosong dan tidak terdapat penumpang yang sedang menunggu bus. TPB ini berupa shelter permanen dengan area tunggu yang cukup luas, dilengkapi atap, jalur landai, serta pagar pembatas berbahan logam di bagian depan. Secara fungsi, struktur utama halte masih dapat digunakan, namun kondisi fisiknya terlihat kurang terawat. Hampir seluruh bagian dinding berwarna kuning dipenuhi coretan dan grafiti, termasuk pada bagian bawah bangunan, sehingga mengurangi kebersihan dan kerapian visual halte. Beberapa kabel dan instalasi pada bagian dinding juga terlihat cukup terbuka. Di sisi belakang halte terdapat saluran air terbuka yang posisinya berdekatan dengan bangunan. Akses menuju halte terhubung langsung dengan trotoar, meskipun terdapat pepohonan dan beberapa bagian permukaan trotoar yang dapat membatasi ruang gerak pejalan kaki. Secara keseluruhan, fasilitas utama TPB masih dapat dimanfaatkan sebagai tempat naik dan turun penumpang, tetapi kebersihan serta perawatan bangunan perlu ditingkatkan agar halte terasa lebih nyaman dan tertata bagi pengguna. #BANGJO","{""extraction_model"": ""nvidia/nemotron-3.5-lightning:free"", ""extraction_provider"": ""openrouter"", ""extraction_status"": ""deterministic_only"", ""extraction_version"": ""activities-v1"", ""processed_at"": ""2026-09-10T12:35:52.050896Z"", ""prompt_version"": ""activities-prompt-v1"", ""request_id"": null, ""source_file"": ""raw/activities_raw.csv"", ""source_row"": 16}"
knowledge_616f587863a42ed3a21e3746,survey_activity,6a8b9c3f52d86e03b519ba50,obs_953f197adc89210785637f28,stop_9c8473729a27dfa619c72c59,Halte Susteran Jetis (a.m. Sangaji Timur),-7.775795579487905,110.36800871983917,True,,08:14:00,morning,,unique,"{""boarding_activity"": null, ""bus_present"": true, ""passenger_count"": null, ""passenger_level"": ""very_low"", ""traffic_activity"": ""unknown""}","{""has_bicycle_parking"": null, ""has_fan"": null, ""has_lighting"": null, ""has_motorcycle_parking"": null, ""has_roof"": true, ""has_route_information"": null, ""has_seating"": true, ""has_shelter"": null, ""has_signage"": null, ""has_staff"": null, ""has_ticket_counter"": null, ""has_trash_bin"": null, ""has_water_facility"": null, ""has_wifi"": null, ""has_zebra_crossing"": null, ""seating_capacity"": null}","{""accessibility_issues"": [], ""pedestrian_access"": ""unknown"", ""ramp_available"": true, ""sidewalk_condition"": ""unknown"", ""stairs_access"": null, ""wheelchair_access"": null}","{""cleanliness"": ""unknown"", ""lighting_condition"": ""unknown"", ""maintenance"": ""unknown"", ""signage_condition"": ""unknown"", ""structural_condition"": ""unknown"", ""vandalism"": null}","{""activity_context"": [], ""landmark_categories"": [], ""nearby_place_categories"": [], ""nearby_places"": []}",[],[],[],[],"{""accessibility.ramp_available"": ""Halte memiliki bangunan tertutup dengan atap, tempat duduk, serta area naik dan turun yang dilengkapi tangga dan jalur landai dengan pegangan tangan di kedua sisinya."", ""facilities.has_roof"": ""Halte memiliki bangunan tertutup dengan atap, tempat duduk, serta area naik dan turun yang dilengkapi tangga dan jalur landai dengan pegangan tangan di kedua sisinya."", ""facilities.has_seating"": ""Halte memiliki bangunan tertutup dengan atap, tempat duduk, serta area naik dan turun yang dilengkapi tangga dan jalur landai dengan pegangan tangan di kedua sisinya."", ""usage.bus_present"": ""Saat dilakukan observasi, kondisi halte cukup sepi dengan hanya terdapat satu penumpang yang sedang menunggu bus."", ""usage.passenger_level"": ""Saat dilakukan observasi, kondisi halte cukup sepi dengan hanya terdapat satu penumpang yang sedang menunggu bus.""}","{""accessibility.ramp_available"": 0.88, ""facilities.has_roof"": 0.88, ""facilities.has_seating"": 0.88, ""usage.bus_present"": 0.88, ""usage.passenger_level"": 0.92}","Pagi ini, saya tiba di Halte A.M. Sangaji Timur sekitar pukul 08.14 WIB. Saat dilakukan observasi, kondisi halte cukup sepi dengan hanya terdapat satu penumpang yang sedang menunggu bus. Halte memiliki bangunan tertutup dengan atap, tempat duduk, serta area naik dan turun yang dilengkapi tangga dan jalur landai dengan pegangan tangan di kedua sisinya. Kondisi bangunan secara umum masih dapat digunakan, meskipun terlihat beberapa bagian fasilitas yang mulai mengalami penurunan kondisi, seperti cat pada pegangan yang mengelupas, bagian penutup dinding yang kurang rapi, serta papan nama halte yang sudah rusak sehingga tulisan tidak terlihat secara utuh. Pada bagian dalam, beberapa kaca ditutup menggunakan material bermotif yang membuat tampilan halte terlihat kurang terawat. Area di sekitar halte cukup bersih dan terdapat trotoar serta saluran drainase di sisi jalan. Secara keseluruhan, Halte A.M. Sangaji Timur masih berfungsi dengan cukup baik sebagai tempat menunggu dan naik turun penumpang, namun beberapa bagian bangunan dan fasilitasnya memerlukan perawatan agar lebih nyaman dan layak digunakan. #BANGJO","{""extraction_model"": ""nvidia/nemotron-3.5-lightning:free"", ""extraction_provider"": ""openrouter"", ""extraction_status"": ""deterministic_only"", ""extraction_version"": ""activities-v1"", ""processed_at"": ""2026-09-10T12:35:52.050896Z"", ""prompt_version"": ""activities-prompt-v1"", ""request_id"": null, ""source_file"": ""raw/activities_raw.csv"", ""source_row"": 17}"
knowledge_9b3d6dcb73db0ac3b7601209,survey_activity,6a8a78fc52d86e03b519092c,obs_705e7ec3908624bd0cd069cd,,,-7.815705687555166,110.38637318272771,True,,11:04:00,midday,,unique,"{""boarding_activity"": null, ""bus_present"": true, ""passenger_count"": null, ""passenger_level"": ""very_low"", ""traffic_activity"": ""unknown""}","{""has_bicycle_parking"": null, ""has_fan"": null, ""has_lighting"": null, ""has_motorcycle_parking"": null, ""has_roof"": null, ""has_route_information"": true, ""has_seating"": null, ""has_shelter"": true, ""has_signage"": null, ""has_staff"": null, ""has_ticket_counter"": null, ""has_trash_bin"": null, ""has_water_facility"": null, ""has_wifi"": null, ""has_zebra_crossing"": null, ""seating_capacity"": null}","{""accessibility_issues"": [], ""pedestrian_access"": ""unknown"", ""ramp_available"": null, ""sidewalk_condition"": ""unknown"", ""stairs_access"": null, ""wheelchair_access"": null}","{""cleanliness"": ""unknown"", ""lighting_condition"": ""unknown"", ""maintenance"": ""unknown"", ""signage_condition"": ""unknown"", ""structural_condition"": ""unknown"", ""vandalism"": true}","{""activity_context"": [], ""landmark_categories"": [], ""nearby_place_categories"": [], ""nearby_places"": []}","[{""category"": ""maintenance"", ""confidence"": 0.94, ""evidence"": ""Pada area sekitar shelter juga terlihat coretan pada dinding dan terdapat beberapa kendaraan yang berada di sisi jalan."", ""issue"": ""vandalism"", ""severity"": ""unknown""}]",[],[],"[""vandalism_risk""]","{""condition.vandalism"": ""Pada area sekitar shelter juga terlihat coretan pada dinding dan terdapat beberapa kendaraan yang berada di sisi jalan."", ""facilities.has_route_information"": ""Fasilitas TPB berupa shelter dengan lantai yang ditinggikan, dilengkapi tangga dan pegangan tangan serta papan informasi rute Trans Jogja."", ""facilities.has_shelter"": ""Fasilitas TPB berupa shelter dengan lantai yang ditinggikan, dilengkapi tangga dan pegangan tangan serta papan informasi rute Trans Jogja."", ""usage.bus_present"": ""Saat observasi, kondisi TPB terlihat sepi dan tidak terdapat penumpang yang sedang menunggu bus."", ""usage.passenger_level"": ""Saat observasi, kondisi TPB terlihat sepi dan tidak terdapat penumpang yang sedang menunggu bus.""}","{""condition.vandalism"": 0.96, ""facilities.has_route_information"": 0.88, ""facilities.has_shelter"": 0.88, ""usage.bus_present"": 0.88, ""usage.passenger_level"": 0.92}","Siang ini, saya tiba di TPB S3 PSKY Umbulharjo sekitar pukul 11.04 WIB. Saat observasi, kondisi TPB terlihat sepi dan tidak terdapat penumpang yang sedang menunggu bus. Fasilitas TPB berupa shelter dengan lantai yang ditinggikan, dilengkapi tangga dan pegangan tangan serta papan informasi rute Trans Jogja. Akses menuju shelter telah dilengkapi jalur pemandu bagi pejalan kaki, tetapi kondisi trotoar di sekitar shelter terlihat kurang baik dengan permukaan yang tidak rata, beberapa bagian rusak, serta terdapat material batu dan bagian jalan yang berlubang di sekitar akses. Pada area sekitar shelter juga terlihat coretan pada dinding dan terdapat beberapa kendaraan yang berada di sisi jalan. Secara umum, fasilitas utama shelter masih dapat digunakan, tetapi kondisi akses di sekitarnya perlu diperhatikan agar lebih nyaman dan aman bagi pengguna. #BANGJO","{""extraction_model"": ""nvidia/nemotron-3.5-lightning:free"", ""extraction_provider"": ""openrouter"", ""extraction_status"": ""deterministic_only"", ""extraction_version"": ""activities-v1"", ""processed_at"": ""2026-09-10T12:35:52.050896Z"", ""prompt_version"": ""activities-prompt-v1"", ""request_id"": null, ""source_file"": ""raw/activities_raw.csv"", ""source_row"": 18}"
knowledge_6fa814acbae2222cf6e393ad,survey_activity,6a8a6fe352d86e03b5190111,obs_ff8d134be0089060ddab772b,stop_0e763a5c72aa4ba29dde3ca3,Halte Rsi Hidayatullah Di Depan Rsi Hidayatullah,-7.8155725125259465,110.38748170684397,True,,10:49:00,morning,,unique,"{""boarding_activity"": null, ""bus_present"": true, ""passenger_count"": null, ""passenger_level"": ""unknown"", ""traffic_activity"": ""unknown""}","{""has_bicycle_parking"": null, ""has_fan"": null, ""has_lighting"": null, ""has_motorcycle_parking"": null, ""has_roof"": null, ""has_route_information"": null, ""has_seating"": null, ""has_shelter"": true, ""has_signage"": null, ""has_staff"": null, ""has_ticket_counter"": null, ""has_trash_bin"": null, ""has_water_facility"": null, ""has_wifi"": null, ""has_zebra_crossing"": null, ""seating_capacity"": null}","{""accessibility_issues"": [], ""pedestrian_access"": ""unknown"", ""ramp_available"": null, ""sidewalk_condition"": ""unknown"", ""stairs_access"": null, ""wheelchair_access"": null}","{""cleanliness"": ""unknown"", ""lighting_condition"": ""unknown"", ""maintenance"": ""unknown"", ""signage_condition"": ""unknown"", ""structural_condition"": ""unknown"", ""vandalism"": null}","{""activity_context"": [], ""landmark_categories"": [], ""nearby_place_categories"": [], ""nearby_places"": []}",[],[],[],[],"{""facilities.has_shelter"": ""Saat observasi, terdapat beberapa keluarga yang sedang menunggu bus di dalam shelter serta satu orang penjaga yang berada di lokasi."", ""usage.bus_present"": ""Saat observasi, terdapat beberapa keluarga yang sedang menunggu bus di dalam shelter serta satu orang penjaga yang berada di lokasi.""}","{""facilities.has_shelter"": 0.88, ""usage.bus_present"": 0.88}","Pagi ini, saya tiba di Halte RSI Hidayatullah yang berada di depan RSI Hidayatullah sekitar pukul 10.49 WIB. Saat observasi, terdapat beberapa keluarga yang sedang menunggu bus di dalam shelter serta satu orang penjaga yang berada di lokasi. Shelter berupa ruang tunggu tertutup dengan fasilitas tempat duduk, tangga, ramp kursi roda, poster informasi rute, serta pegangan tangan berwarna kuning. Kondisi fasilitas shelter masih cukup baik dan dapat digunakan, meskipun pada beberapa bagian terlihat cat dan pegangan mulai mengalami keausan. Akses menuju shelter berada di trotoar dengan ruang pejalan kaki yang relatif terbatas, tetapi terdapat pohon besar di sekitar shelter yang memberikan keteduhan bagi pejalan kaki. Kondisi jalan di depan shelter terlihat cukup aktif dilalui kendaraan. #BANGJO","{""extraction_model"": ""nvidia/nemotron-3.5-lightning:free"", ""extraction_provider"": ""openrouter"", ""extraction_status"": ""deterministic_only"", ""extraction_version"": ""activities-v1"", ""processed_at"": ""2026-09-10T12:35:52.050896Z"", ""prompt_version"": ""activities-prompt-v1"", ""request_id"": null, ""source_file"": ""raw/activities_raw.csv"", ""source_row"": 19}"
knowledge_9358376d3a26c6eb0c0d8917,survey_activity,6a8a6ac352d86e03b518fd7d,obs_cbcce2bf437d9e94e70ca61d,stop_886609164a9f23a15274acdb,Halte Ngeksigondo (basen) Di Depan Kantor Balai Pengembangan Kompetensi Dan Wisma,-7.81913404849054,110.39495622717425,True,,10:29:00,morning,,unique,"{""boarding_activity"": null, ""bus_present"": null, ""passenger_count"": null, ""passenger_level"": ""unknown"", ""traffic_activity"": ""unknown""}","{""has_bicycle_parking"": null, ""has_fan"": null, ""has_lighting"": null, ""has_motorcycle_parking"": null, ""has_roof"": null, ""has_route_information"": null, ""has_seating"": true, ""has_shelter"": null, ""has_signage"": null, ""has_staff"": null, ""has_ticket_counter"": null, ""has_trash_bin"": null, ""has_water_facility"": null, ""has_wifi"": null, ""has_zebra_crossing"": null, ""seating_capacity"": null}","{""accessibility_issues"": [], ""pedestrian_access"": ""unknown"", ""ramp_available"": null, ""sidewalk_condition"": ""unknown"", ""stairs_access"": null, ""wheelchair_access"": null}","{""cleanliness"": ""unknown"", ""lighting_condition"": ""unknown"", ""maintenance"": ""unknown"", ""signage_condition"": ""unknown"", ""structural_condition"": ""unknown"", ""vandalism"": true}","{""activity_context"": [], ""landmark_categories"": [], ""nearby_place_categories"": [], ""nearby_places"": []}","[{""category"": ""maintenance"", ""confidence"": 0.94, ""evidence"": ""Kondisi halte juga cukup bersih, meskipun pada bagian dinding masih terdapat beberapa coretan dan sedikit kotoran yang perlu dibersihkan."", ""issue"": ""vandalism"", ""severity"": ""unknown""}]",[],[],"[""vandalism_risk""]","{""condition.vandalism"": ""Kondisi halte juga cukup bersih, meskipun pada bagian dinding masih terdapat beberapa coretan dan sedikit kotoran yang perlu dibersihkan."", ""facilities.has_seating"": ""Secara umum, kondisi halte terlihat cukup baik dan dilengkapi dengan berbagai fasilitas, seperti bangku tunggu, peneduh, poster informasi, ramp untuk pengguna kursi roda, serta pagar pembatas.""}","{""condition.vandalism"": 0.96, ""facilities.has_seating"": 0.88}","Pada pukul 10.29 pagi ini, saya sampai di Halte Ngeksigondo (Basen) yang berada di depan Kantor Balai Pengembangan Kompetensi dan Wisma. Halte ini merupakan shelter yang terhubung langsung dengan trotoar. Kondisi trotoar terlihat cukup teduh karena terdapat vegetasi serta beberapa tanaman dalam pot. Secara umum, kondisi halte terlihat cukup baik dan dilengkapi dengan berbagai fasilitas, seperti bangku tunggu, peneduh, poster informasi, ramp untuk pengguna kursi roda, serta pagar pembatas. Kondisi halte juga cukup bersih, meskipun pada bagian dinding masih terdapat beberapa coretan dan sedikit kotoran yang perlu dibersihkan. #BANGJO","{""extraction_model"": ""nvidia/nemotron-3.5-lightning:free"", ""extraction_provider"": ""openrouter"", ""extraction_status"": ""deterministic_only"", ""extraction_version"": ""activities-v1"", ""processed_at"": ""2026-09-10T12:35:52.050896Z"", ""prompt_version"": ""activities-prompt-v1"", ""request_id"": null, ""source_file"": ""raw/activities_raw.csv"", ""source_row"": 20}"
knowledge_27cf51a401de82d39f6d7c82,survey_activity,6a8a69c30d6732db988bded7,obs_7a0a35a5d4ea12aa5dc99d55,stop_7ef777a031f788938dcff245,Halte Sosrowijayan Di Jl. Gandekan,-7.792450662486047,110.36151182576276,True,2026-08-23T10:23:00+07:00,10:23:00,morning,,unique,"{""boarding_activity"": null, ""bus_present"": null, ""passenger_count"": null, ""passenger_level"": ""unknown"", ""traffic_activity"": ""unknown""}","{""has_bicycle_parking"": null, ""has_fan"": null, ""has_lighting"": null, ""has_motorcycle_parking"": null, ""has_roof"": true, ""has_route_information"": null, ""has_seating"": true, ""has_shelter"": null, ""has_signage"": null, ""has_staff"": null, ""has_ticket_counter"": null, ""has_trash_bin"": null, ""has_water_facility"": null, ""has_wifi"": null, ""has_zebra_crossing"": null, ""seating_capacity"": null}","{""accessibility_issues"": [], ""pedestrian_access"": ""unknown"", ""ramp_available"": null, ""sidewalk_condition"": ""unknown"", ""stairs_access"": null, ""wheelchair_access"": null}","{""cleanliness"": ""unknown"", ""lighting_condition"": ""unknown"", ""maintenance"": ""unknown"", ""signage_condition"": ""unknown"", ""structural_condition"": ""unknown"", ""vandalism"": null}","{""activity_context"": [], ""landmark_categories"": [], ""nearby_place_categories"": [], ""nearby_places"": []}",[],[],[],[],"{""facilities.has_roof"": ""Halte terhitung kecil dengan hanya berupa platform kecil dengan hanya 1 tempat duduk besi dan atap kecil tanpa ada pencahayaan lampu yang memadai."", ""facilities.has_seating"": ""Halte terhitung kecil dengan hanya berupa platform kecil dengan hanya 1 tempat duduk besi dan atap kecil tanpa ada pencahayaan lampu yang memadai.""}","{""facilities.has_roof"": 0.88, ""facilities.has_seating"": 0.88}","Pagi ini, minggu 23 Agustus 2026 sekitar pukul 10.23, saya tiba di Halte Sosrowijayan. Halte terletak di trotoar yang sangat kecil dengan aksesibilitasnya yang sangat minim karena jalan yang digunakan sebagai parkir mobil sehingga akses bus pun terhalang karena jalanan semakin sempit. Halte terhitung kecil dengan hanya berupa platform kecil dengan hanya 1 tempat duduk besi dan atap kecil tanpa ada pencahayaan lampu yang memadai. Lingkungan sekitar halte sendiri cukup kotor dengan adanya tumpukan sampah di sekitarnya. #BANGJO","{""extraction_model"": ""nvidia/nemotron-3.5-lightning:free"", ""extraction_provider"": ""openrouter"", ""extraction_status"": ""deterministic_only"", ""extraction_version"": ""activities-v1"", ""processed_at"": ""2026-09-10T12:35:52.050896Z"", ""prompt_version"": ""activities-prompt-v1"", ""request_id"": null, ""source_file"": ""raw/activities_raw.csv"", ""source_row"": 21}"
knowledge_30b4d0c850c9d0b8aafc3d1b,survey_activity,6a8a685a0d6732db988bddf0,obs_b5d5facb8c513a9f4c58b992,stop_e214e0008a4c05a436d6e723,Halte Ngeksigondo (diklat Pu) Di Depan Kantor Balai Pengembangan Kompetensi,-7.818933410592663,110.39499646317802,True,,10:22:00,morning,,unique,"{""boarding_activity"": null, ""bus_present"": null, ""passenger_count"": null, ""passenger_level"": ""unknown"", ""traffic_activity"": ""unknown""}","{""has_bicycle_parking"": null, ""has_fan"": null, ""has_lighting"": null, ""has_motorcycle_parking"": null, ""has_roof"": null, ""has_route_information"": null, ""has_seating"": true, ""has_shelter"": null, ""has_signage"": null, ""has_staff"": null, ""has_ticket_counter"": null, ""has_trash_bin"": null, ""has_water_facility"": null, ""has_wifi"": null, ""has_zebra_crossing"": null, ""seating_capacity"": null}","{""accessibility_issues"": [], ""pedestrian_access"": ""unknown"", ""ramp_available"": null, ""sidewalk_condition"": ""unknown"", ""stairs_access"": null, ""wheelchair_access"": null}","{""cleanliness"": ""unknown"", ""lighting_condition"": ""unknown"", ""maintenance"": ""unknown"", ""signage_condition"": ""unknown"", ""structural_condition"": ""unknown"", ""vandalism"": true}","{""activity_context"": [], ""landmark_categories"": [], ""nearby_place_categories"": [], ""nearby_places"": []}","[{""category"": ""maintenance"", ""confidence"": 0.94, ""evidence"": ""Struktur halte masih tersedia dengan peneduh dan tempat duduk, tetapi bagian dalam halte tampak kotor, berdebu, serta terdapat banyak coretan pada dinding dan bagian peneduh."", ""issue"": ""vandalism"", ""severity"": ""unknown""}]",[],[],"[""vandalism_risk""]","{""condition.vandalism"": ""Struktur halte masih tersedia dengan peneduh dan tempat duduk, tetapi bagian dalam halte tampak kotor, berdebu, serta terdapat banyak coretan pada dinding dan bagian peneduh."", ""facilities.has_seating"": ""Struktur halte masih tersedia dengan peneduh dan tempat duduk, tetapi bagian dalam halte tampak kotor, berdebu, serta terdapat banyak coretan pada dinding dan bagian peneduh.""}","{""condition.vandalism"": 0.96, ""facilities.has_seating"": 0.88}","Pukul 10.22 pagi ini saya sampai di Halte Ngeksigondo (Diklat PU) yang berada di depan Kantor Balai Pengembangan Kompetensi. Kondisi halte terlihat cukup memprihatinkan dan kurang terawat. Struktur halte masih tersedia dengan peneduh dan tempat duduk, tetapi bagian dalam halte tampak kotor, berdebu, serta terdapat banyak coretan pada dinding dan bagian peneduh. Beberapa bagian konstruksi juga terlihat sudah kusam dan mengalami penurunan kondisi. Selain itu, area trotoar di sekitar halte terlihat tidak rata dan beberapa bagian paving mengalami kerusakan, sehingga dapat mengurangi kenyamanan pejalan kaki maupun akses menuju halte. Tetapi halte dihubungkan dengan zebra cross sehingga aksesibilitas berpotensi untuk ditingkatkan. #BANGJO","{""extraction_model"": ""nvidia/nemotron-3.5-lightning:free"", ""extraction_provider"": ""openrouter"", ""extraction_status"": ""deterministic_only"", ""extraction_version"": ""activities-v1"", ""processed_at"": ""2026-09-10T12:35:52.050896Z"", ""prompt_version"": ""activities-prompt-v1"", ""request_id"": null, ""source_file"": ""raw/activities_raw.csv"", ""source_row"": 22}"
knowledge_5f3439d8b839140fecfc4c6a,survey_activity,6a8a661e0d6732db988bdce1,obs_3ee8036286cdaaf7b47ce3b2,stop_2f0d56015f1deea9345b8ea6,Halte Malioboro 2 Di Depan Bpd DIY Dan Government Tourist Information Centre,-7.7951730892286974,110.36561345027224,True,2026-08-23T10:10:00+07:00,10:10:00,morning,,unique,"{""boarding_activity"": null, ""bus_present"": null, ""passenger_count"": 4, ""passenger_level"": ""high"", ""traffic_activity"": ""unknown""}","{""has_bicycle_parking"": null, ""has_fan"": true, ""has_lighting"": null, ""has_motorcycle_parking"": null, ""has_roof"": null, ""has_route_information"": null, ""has_seating"": null, ""has_shelter"": null, ""has_signage"": null, ""has_staff"": null, ""has_ticket_counter"": null, ""has_trash_bin"": null, ""has_water_facility"": null, ""has_wifi"": null, ""has_zebra_crossing"": null, ""seating_capacity"": null}","{""accessibility_issues"": [], ""pedestrian_access"": ""unknown"", ""ramp_available"": null, ""sidewalk_condition"": ""unknown"", ""stairs_access"": null, ""wheelchair_access"": null}","{""cleanliness"": ""unknown"", ""lighting_condition"": ""unknown"", ""maintenance"": ""unknown"", ""signage_condition"": ""unknown"", ""structural_condition"": ""unknown"", ""vandalism"": null}","{""activity_context"": [], ""landmark_categories"": [], ""nearby_place_categories"": [], ""nearby_places"": []}",[],[],[],"[""high_passenger_activity""]","{""facilities.has_fan"": ""Fasilitas dari Halte inibpun terbilang baik, dengan bentuk shelter dan terdapat banyak kursi serta 2 kipas angin di dalamnya dan lampu jalan Malioboro yang membantu penerangan di sekitar Halte."", ""usage.passenger_count"": ""Ketika saya observasi, kondisi halte cukup ramai dengan terdapat sekitar 4 orang yang mengantre."", ""usage.passenger_level"": ""Ketika saya observasi, kondisi halte cukup ramai dengan terdapat sekitar 4 orang yang mengantre.""}","{""facilities.has_fan"": 0.88, ""usage.passenger_count"": 0.96, ""usage.passenger_level"": 0.88}","Pagi hari, minggu 23 agustus 2026 sekitsr pukul 10.10, saya tiba di Halte Malioboro 2. Lokasi dari halte sangatlah strategis dikarenakan terdapat di tengah Malioboro yang merupakan salah satu titik wisata di Kota Yogyakarta. Ketika saya observasi, kondisi halte cukup ramai dengan terdapat sekitar 4 orang yang mengantre. Fasilitas dari Halte inibpun terbilang baik, dengan bentuk shelter dan terdapat banyak kursi serta 2 kipas angin di dalamnya dan lampu jalan Malioboro yang membantu penerangan di sekitar Halte. Peta informasi rute dan kebersihan juga terjaga dengan baik. Selain itu, aksesibilitas dari halte juga baik dengan tangga dan ramp yang tidak terlalu curam dan cukup lebar, serta trotoar luas yang ramah disabilitas. #BANGJO","{""extraction_model"": ""nvidia/nemotron-3.5-lightning:free"", ""extraction_provider"": ""openrouter"", ""extraction_status"": ""deterministic_only"", ""extraction_version"": ""activities-v1"", ""processed_at"": ""2026-09-10T12:35:52.050896Z"", ""prompt_version"": ""activities-prompt-v1"", ""request_id"": null, ""source_file"": ""raw/activities_raw.csv"", ""source_row"": 23}"
knowledge_4ce4785e3cc42a4044d88b60,survey_activity,6a8a63d60d6732db988bdba4,obs_be4b63fcf82c225c026f58f1,stop_7c892f2a200a51f29f270c5d,Halte Tegal Gendu 2,-7.825830130625448,110.39132452910576,True,,10:00:00,morning,,unique,"{""boarding_activity"": null, ""bus_present"": null, ""passenger_count"": null, ""passenger_level"": ""unknown"", ""traffic_activity"": ""unknown""}","{""has_bicycle_parking"": null, ""has_fan"": null, ""has_lighting"": true, ""has_motorcycle_parking"": null, ""has_roof"": null, ""has_route_information"": null, ""has_seating"": null, ""has_shelter"": null, ""has_signage"": null, ""has_staff"": true, ""has_ticket_counter"": null, ""has_trash_bin"": null, ""has_water_facility"": null, ""has_wifi"": null, ""has_zebra_crossing"": null, ""seating_capacity"": null}","{""accessibility_issues"": [], ""pedestrian_access"": ""unknown"", ""ramp_available"": null, ""sidewalk_condition"": ""unknown"", ""stairs_access"": null, ""wheelchair_access"": null}","{""cleanliness"": ""unknown"", ""lighting_condition"": ""unknown"", ""maintenance"": ""unknown"", ""signage_condition"": ""unknown"", ""structural_condition"": ""unknown"", ""vandalism"": true}","{""activity_context"": [], ""landmark_categories"": [], ""nearby_place_categories"": [], ""nearby_places"": []}","[{""category"": ""maintenance"", ""confidence"": 0.94, ""evidence"": ""Namun, kondisi halte terlihat kurang terawat karena terdapat banyak debu di area depan dan dalam halte, serta coretan pada beberapa bagian."", ""issue"": ""vandalism"", ""severity"": ""unknown""}]",[],[],"[""vandalism_risk""]","{""condition.vandalism"": ""Namun, kondisi halte terlihat kurang terawat karena terdapat banyak debu di area depan dan dalam halte, serta coretan pada beberapa bagian."", ""facilities.has_lighting"": ""Fasilitas yang tersedia meliputi satu kursi panjang, penerangan, peneduh, pagar pembatas, informasi rute, serta ramp kursi roda."", ""facilities.has_staff"": ""Saat tiba, tidak terdapat penumpang maupun petugas yang berjaga.""}","{""condition.vandalism"": 0.96, ""facilities.has_lighting"": 0.88, ""facilities.has_staff"": 0.88}","Pagi ini pukul 10.00 saya berada di Halte Tegal Gendu 2. Saat tiba, tidak terdapat penumpang maupun petugas yang berjaga. Halte merupakan tipe shelter yang terhubung langsung dengan trotoar, meskipun aksesnya sedikit terganggu oleh beberapa benda seperti bendera dan papan toko. Fasilitas yang tersedia meliputi satu kursi panjang, penerangan, peneduh, pagar pembatas, informasi rute, serta ramp kursi roda. Namun, kondisi halte terlihat kurang terawat karena terdapat banyak debu di area depan dan dalam halte, serta coretan pada beberapa bagian. #BANGJO","{""extraction_model"": ""nvidia/nemotron-3.5-lightning:free"", ""extraction_provider"": ""openrouter"", ""extraction_status"": ""deterministic_only"", ""extraction_version"": ""activities-v1"", ""processed_at"": ""2026-09-10T12:35:52.050896Z"", ""prompt_version"": ""activities-prompt-v1"", ""request_id"": null, ""source_file"": ""raw/activities_raw.csv"", ""source_row"": 24}"
knowledge_b859e3d4a33985c8541c58b9,survey_activity,6a8a63ab52d86e03b518f9e8,obs_949cb92cc7097e1fe5392258,stop_00e32a1a2c2f2df796dcb25e,Halte Malioboro 1 Di Jalan Masuk Malioboro Dan Di Sebrang Jogja Library Center,-7.7909053564000175,110.36610569761893,True,2026-08-23T10:00:00+07:00,10:00:00,morning,,unique,"{""boarding_activity"": null, ""bus_present"": null, ""passenger_count"": null, ""passenger_level"": ""very_high"", ""traffic_activity"": ""unknown""}","{""has_bicycle_parking"": null, ""has_fan"": null, ""has_lighting"": true, ""has_motorcycle_parking"": null, ""has_roof"": null, ""has_route_information"": true, ""has_seating"": null, ""has_shelter"": null, ""has_signage"": null, ""has_staff"": null, ""has_ticket_counter"": null, ""has_trash_bin"": null, ""has_water_facility"": null, ""has_wifi"": null, ""has_zebra_crossing"": null, ""seating_capacity"": null}","{""accessibility_issues"": [], ""pedestrian_access"": ""unknown"", ""ramp_available"": null, ""sidewalk_condition"": ""unknown"", ""stairs_access"": null, ""wheelchair_access"": null}","{""cleanliness"": ""unknown"", ""lighting_condition"": ""unknown"", ""maintenance"": ""unknown"", ""signage_condition"": ""unknown"", ""structural_condition"": ""unknown"", ""vandalism"": null}","{""activity_context"": [], ""landmark_categories"": [], ""nearby_place_categories"": [], ""nearby_places"": []}",[],[],[],"[""high_passenger_activity""]","{""facilities.has_lighting"": ""Penerangan di jalanan sekitar juga oke karena terdapat penerangan lain dari jalanan Malioboro."", ""facilities.has_route_information"": ""Fasilitas sangat oke mulai dari atap shelter yang luas, kursi cukup banyak, dan peta rute yang terjaga dengan baik."", ""usage.passenger_level"": ""Lokasi dari Halte sangatlah strategis karena berada di dekat pintu masuk Malioboro yang umumnya sangat ramai wisatawan.""}","{""facilities.has_lighting"": 0.88, ""facilities.has_route_information"": 0.88, ""usage.passenger_level"": 0.93}","Pagi ini, minggu 23 Agustus 2026 sekitar pukul 10.00 WIB, saya mengamati Halte Malioboro 1. Lokasi dari Halte sangatlah strategis karena berada di dekat pintu masuk Malioboro yang umumnya sangat ramai wisatawan. Fasilitas sangat oke mulai dari atap shelter yang luas, kursi cukup banyak, dan peta rute yang terjaga dengan baik. Aksesibilitas sangat baik dengan tangga dan ramp yang lebar dan juga trotoar yanf snagat luas yang juga ramah disabilitas. Penerangan di jalanan sekitar juga oke karena terdapat penerangan lain dari jalanan Malioboro. #BANGJO","{""extraction_model"": ""nvidia/nemotron-3.5-lightning:free"", ""extraction_provider"": ""openrouter"", ""extraction_status"": ""deterministic_only"", ""extraction_version"": ""activities-v1"", ""processed_at"": ""2026-09-10T12:35:52.050896Z"", ""prompt_version"": ""activities-prompt-v1"", ""request_id"": null, ""source_file"": ""raw/activities_raw.csv"", ""source_row"": 25}"
knowledge_c400fa63d4d6882e8e84004d,survey_activity,6a8a610352d86e03b518f797,obs_fdce94d0b1f1753f3c80b80a,stop_9f5de9c3f5554795967463a1,Halte Berada Langsung Di Jalur Trotoar Yang Cukup Baik Dan Terhubung Dengan Akses Peja,-7.82709440766655,110.38993827454601,True,,09:50:00,morning,,unique,"{""boarding_activity"": null, ""bus_present"": true, ""passenger_count"": null, ""passenger_level"": ""unknown"", ""traffic_activity"": ""unknown""}","{""has_bicycle_parking"": null, ""has_fan"": null, ""has_lighting"": null, ""has_motorcycle_parking"": null, ""has_roof"": null, ""has_route_information"": null, ""has_seating"": null, ""has_shelter"": null, ""has_signage"": null, ""has_staff"": null, ""has_ticket_counter"": null, ""has_trash_bin"": null, ""has_water_facility"": null, ""has_wifi"": null, ""has_zebra_crossing"": null, ""seating_capacity"": null}","{""accessibility_issues"": [], ""pedestrian_access"": ""unknown"", ""ramp_available"": null, ""sidewalk_condition"": ""unknown"", ""stairs_access"": null, ""wheelchair_access"": null}","{""cleanliness"": ""unknown"", ""lighting_condition"": ""unknown"", ""maintenance"": ""unknown"", ""signage_condition"": ""unknown"", ""structural_condition"": ""unknown"", ""vandalism"": true}","{""activity_context"": [], ""landmark_categories"": [], ""nearby_place_categories"": [], ""nearby_places"": []}","[{""category"": ""maintenance"", ""confidence"": 0.94, ""evidence"": ""Namun, kondisi halte terlihat kurang terawat karena terdapat banyak kotoran dan coretan di beberapa bagian."", ""issue"": ""vandalism"", ""severity"": ""unknown""}]",[],[],"[""vandalism_risk""]","{""condition.vandalism"": ""Namun, kondisi halte terlihat kurang terawat karena terdapat banyak kotoran dan coretan di beberapa bagian."", ""usage.bus_present"": ""Fasilitas yang tersedia meliputi tanda bus stop, kursi, peneduh, pagar pembatas, serta informasi rute.""}","{""condition.vandalism"": 0.96, ""usage.bus_present"": 0.88}","Pagi ini pukul 09.50 saya berada di TPB Gudang SGM 1. Halte berada langsung di jalur trotoar yang cukup baik dan terhubung dengan akses pejalan kaki. Fasilitas yang tersedia meliputi tanda bus stop, kursi, peneduh, pagar pembatas, serta informasi rute. Namun, kondisi halte terlihat kurang terawat karena terdapat banyak kotoran dan coretan di beberapa bagian. #BANGJO","{""extraction_model"": ""nvidia/nemotron-3.5-lightning:free"", ""extraction_provider"": ""openrouter"", ""extraction_status"": ""deterministic_only"", ""extraction_version"": ""activities-v1"", ""processed_at"": ""2026-09-10T12:35:52.050896Z"", ""prompt_version"": ""activities-prompt-v1"", ""request_id"": null, ""source_file"": ""raw/activities_raw.csv"", ""source_row"": 26}"
knowledge_2b3be10dd960b1d7749d97ff,survey_activity,6a8a5fad52d86e03b518f6bb,obs_0915c0655f55efc4b469286d,stop_4764e22b97a428eb722a3a84,Halte Terlihat Cukup Kurang Terawat Dan Saat Digunakan,-7.827296155621269,110.39001359165013,True,,09:43:00,morning,,unique,"{""boarding_activity"": null, ""bus_present"": true, ""passenger_count"": null, ""passenger_level"": ""high"", ""traffic_activity"": ""unknown""}","{""has_bicycle_parking"": null, ""has_fan"": null, ""has_lighting"": null, ""has_motorcycle_parking"": null, ""has_roof"": null, ""has_route_information"": true, ""has_seating"": true, ""has_shelter"": null, ""has_signage"": null, ""has_staff"": null, ""has_ticket_counter"": null, ""has_trash_bin"": null, ""has_water_facility"": null, ""has_wifi"": null, ""has_zebra_crossing"": null, ""seating_capacity"": null}","{""accessibility_issues"": [], ""pedestrian_access"": ""unknown"", ""ramp_available"": true, ""sidewalk_condition"": ""unknown"", ""stairs_access"": null, ""wheelchair_access"": null}","{""cleanliness"": ""unknown"", ""lighting_condition"": ""unknown"", ""maintenance"": ""unknown"", ""signage_condition"": ""unknown"", ""structural_condition"": ""unknown"", ""vandalism"": null}","{""activity_context"": [], ""landmark_categories"": [], ""nearby_place_categories"": [], ""nearby_places"": []}",[],[],[],"[""high_passenger_activity""]","{""accessibility.ramp_available"": ""TPB dilengkapi dengan peneduh, tempat duduk, ramp akses, serta papan informasi rute."", ""facilities.has_route_information"": ""TPB dilengkapi dengan peneduh, tempat duduk, ramp akses, serta papan informasi rute."", ""facilities.has_seating"": ""TPB dilengkapi dengan peneduh, tempat duduk, ramp akses, serta papan informasi rute."", ""usage.bus_present"": ""Saat tiba, tidak terdapat penumpang yang menunggu bus."", ""usage.passenger_level"": ""Akses menuju TPB berada di area trotoar yang cukup memadai, tetapi kondisi sekitar halte cukup ramai dengan aktivitas pertokoan.""}","{""accessibility.ramp_available"": 0.88, ""facilities.has_route_information"": 0.88, ""facilities.has_seating"": 0.88, ""usage.bus_present"": 0.88, ""usage.passenger_level"": 0.88}","Pagi ini pukul 09.43 saya berada di TPB Gudang SGM 2 yang berada di depan deretan ruko. Saat tiba, tidak terdapat penumpang yang menunggu bus. TPB dilengkapi dengan peneduh, tempat duduk, ramp akses, serta papan informasi rute. Namun, kondisi halte terlihat cukup kurang terawat dan saat digunakan, bagian lantai/struktur halte terasa sedikit goyang ketika diinjak. Akses menuju TPB berada di area trotoar yang cukup memadai, tetapi kondisi sekitar halte cukup ramai dengan aktivitas pertokoan. #BANGJO","{""extraction_model"": ""nvidia/nemotron-3.5-lightning:free"", ""extraction_provider"": ""openrouter"", ""extraction_status"": ""deterministic_only"", ""extraction_version"": ""activities-v1"", ""processed_at"": ""2026-09-10T12:35:52.050896Z"", ""prompt_version"": ""activities-prompt-v1"", ""request_id"": null, ""source_file"": ""raw/activities_raw.csv"", ""source_row"": 27}"
knowledge_60d710f7def08dd001ce209d,survey_activity,6a8a5eb90d6732db988bd7f1,obs_c4dcf07890edf4583845d264,stop_e18c409c0dedf9f06f824ac0,"Halte Hayam Wuruk Barat Di Depan Taman Kanak Kanak Negeri 5 Dan Dinas Pendidikan Kota Yogyakarta, Serta Di Sebrang Indomaret Lempuyangan",-7.795611352505858,110.37264715713184,True,2026-08-23T09:38:00+07:00,09:38:00,morning,,unique,"{""boarding_activity"": null, ""bus_present"": null, ""passenger_count"": null, ""passenger_level"": ""unknown"", ""traffic_activity"": ""unknown""}","{""has_bicycle_parking"": null, ""has_fan"": null, ""has_lighting"": true, ""has_motorcycle_parking"": null, ""has_roof"": null, ""has_route_information"": null, ""has_seating"": null, ""has_shelter"": null, ""has_signage"": null, ""has_staff"": null, ""has_ticket_counter"": null, ""has_trash_bin"": null, ""has_water_facility"": null, ""has_wifi"": null, ""has_zebra_crossing"": null, ""seating_capacity"": null}","{""accessibility_issues"": [], ""pedestrian_access"": ""unknown"", ""ramp_available"": null, ""sidewalk_condition"": ""unknown"", ""stairs_access"": null, ""wheelchair_access"": null}","{""cleanliness"": ""unknown"", ""lighting_condition"": ""unknown"", ""maintenance"": ""unknown"", ""signage_condition"": ""unknown"", ""structural_condition"": ""unknown"", ""vandalism"": null}","{""activity_context"": [], ""landmark_categories"": [], ""nearby_place_categories"": [], ""nearby_places"": []}",[],[],[],[],"{""facilities.has_lighting"": ""Selain itu, tersapat kursi dan juga lampu halte yang masih beroperasi dengan baik.""}","{""facilities.has_lighting"": 0.88}","Pagi ini, minggu 23 Agustus 2026 sekitar pukul 09.38, saya tiba di Halte Hayam Wuruk Barat. Ketika saya mengamati halte, saya mendapati informasi bahwa halte berlokasi pada tempat yang memiliki aksesibilitas baik yaitu pada trotoar yang cukup luas, banyak pohon, dan juga ramah disabilitas. Tangga dan ramp tidak terlalu curam dan pegangan besi masih kuat, tetapi papan informasi rute bus tersobek dan tidak terlihat secara menyeluruh. Selain itu, tersapat kursi dan juga lampu halte yang masih beroperasi dengan baik. #BANGJO","{""extraction_model"": ""nvidia/nemotron-3.5-lightning:free"", ""extraction_provider"": ""openrouter"", ""extraction_status"": ""deterministic_only"", ""extraction_version"": ""activities-v1"", ""processed_at"": ""2026-09-10T12:35:52.050896Z"", ""prompt_version"": ""activities-prompt-v1"", ""request_id"": null, ""source_file"": ""raw/activities_raw.csv"", ""source_row"": 28}"
knowledge_e475c13c43bf4eb92f035142,survey_activity,6a8a5ca752d86e03b518f594,obs_bbcf4b7a46d2e433cd5a2421,,,-7.790516123059845,110.37357166959845,True,2026-08-23T09:30:00+07:00,09:30:00,morning,,unique,"{""boarding_activity"": null, ""bus_present"": null, ""passenger_count"": null, ""passenger_level"": ""unknown"", ""traffic_activity"": ""unknown""}","{""has_bicycle_parking"": null, ""has_fan"": null, ""has_lighting"": null, ""has_motorcycle_parking"": null, ""has_roof"": null, ""has_route_information"": true, ""has_seating"": false, ""has_shelter"": null, ""has_signage"": null, ""has_staff"": null, ""has_ticket_counter"": null, ""has_trash_bin"": null, ""has_water_facility"": null, ""has_wifi"": null, ""has_zebra_crossing"": null, ""seating_capacity"": null}","{""accessibility_issues"": [], ""pedestrian_access"": ""unknown"", ""ramp_available"": null, ""sidewalk_condition"": ""unknown"", ""stairs_access"": null, ""wheelchair_access"": null}","{""cleanliness"": ""unknown"", ""lighting_condition"": ""unknown"", ""maintenance"": ""unknown"", ""signage_condition"": ""unknown"", ""structural_condition"": ""unknown"", ""vandalism"": null}","{""activity_context"": [], ""landmark_categories"": [], ""nearby_place_categories"": [], ""nearby_places"": []}",[],[],[],"[""insufficient_seating""]","{""facilities.has_route_information"": ""TPB hanya berupa tangga saja tanpa ada tempat duduk dan lampu, hanya terdapat papan informasi rute saja."", ""facilities.has_seating"": ""TPB hanya berupa tangga saja tanpa ada tempat duduk dan lampu, hanya terdapat papan informasi rute saja.""}","{""facilities.has_route_information"": 0.88, ""facilities.has_seating"": 0.92}","Pagi ini, minggu 23 Agustus 2026 sekitar pukul 09.30, saya tiba di TPB Lempuyangan 2. Lokasi TPB berdekatan dengan stasiun tapi berada di pinggir jalan dan tidak ada trotoar. TPB hanya berupa tangga saja tanpa ada tempat duduk dan lampu, hanya terdapat papan informasi rute saja. Ketika saya observasi, jalanan di samping TPB digunakan sebagai tempat parkir mobil yang menyebabkan jalanan semakin sempit untuk dilalui bus. #BANGJO","{""extraction_model"": ""nvidia/nemotron-3.5-lightning:free"", ""extraction_provider"": ""openrouter"", ""extraction_status"": ""deterministic_only"", ""extraction_version"": ""activities-v1"", ""processed_at"": ""2026-09-10T12:35:52.050896Z"", ""prompt_version"": ""activities-prompt-v1"", ""request_id"": null, ""source_file"": ""raw/activities_raw.csv"", ""source_row"": 29}"
knowledge_8295bb2806afffcd0333e609,survey_activity,6a8a5ba152d86e03b518f4a3,obs_2ac8bb349d45bc237562a569,stop_745300fb1618fe87020b7285,Halte Terlihat Kosong Meskipun Cukup Ramai Kendaraan Lalu Lalang. Lokasi Dari Halte Se,-7.790566734946367,110.38197255876753,True,2026-08-23T09:18:00+07:00,09:18:00,morning,,unique,"{""boarding_activity"": null, ""bus_present"": null, ""passenger_count"": null, ""passenger_level"": ""high"", ""traffic_activity"": ""unknown""}","{""has_bicycle_parking"": null, ""has_fan"": null, ""has_lighting"": null, ""has_motorcycle_parking"": null, ""has_roof"": true, ""has_route_information"": true, ""has_seating"": false, ""has_shelter"": null, ""has_signage"": null, ""has_staff"": null, ""has_ticket_counter"": null, ""has_trash_bin"": null, ""has_water_facility"": null, ""has_wifi"": null, ""has_zebra_crossing"": null, ""seating_capacity"": null}","{""accessibility_issues"": [], ""pedestrian_access"": ""unknown"", ""ramp_available"": null, ""sidewalk_condition"": ""unknown"", ""stairs_access"": null, ""wheelchair_access"": null}","{""cleanliness"": ""unknown"", ""lighting_condition"": ""unknown"", ""maintenance"": ""unknown"", ""signage_condition"": ""unknown"", ""structural_condition"": ""unknown"", ""vandalism"": true}","{""activity_context"": [], ""landmark_categories"": [], ""nearby_place_categories"": [], ""nearby_places"": []}","[{""category"": ""maintenance"", ""confidence"": 0.94, ""evidence"": ""Halte memilili banyak coretan pilok."", ""issue"": ""vandalism"", ""severity"": ""unknown""}]",[],[],"[""high_passenger_activity"", ""insufficient_seating"", ""vandalism_risk""]","{""condition.vandalism"": ""Halte memilili banyak coretan pilok."", ""facilities.has_roof"": ""Secara fasilitas, halte hanya memiliki atap kecil tanpa ada tempat duduk sama sekali, masih ada papan informasi rute yang cukup jelas, tetap pegangan sudah cukip rapuh dan tidak aman digunakan serta lampu yang sudah agak pecah."", ""facilities.has_route_information"": ""Secara fasilitas, halte hanya memiliki atap kecil tanpa ada tempat duduk sama sekali, masih ada papan informasi rute yang cukup jelas, tetap pegangan sudah cukip rapuh dan tidak aman digunakan serta lampu yang sudah agak pecah."", ""facilities.has_seating"": ""Secara fasilitas, halte hanya memiliki atap kecil tanpa ada tempat duduk sama sekali, masih ada papan informasi rute yang cukup jelas, tetap pegangan sudah cukip rapuh dan tidak aman digunakan serta lampu yang sudah agak pecah."", ""usage.passenger_level"": ""Halte terlihat kosong meskipun cukup ramai kendaraan lalu lalang.""}","{""condition.vandalism"": 0.96, ""facilities.has_roof"": 0.88, ""facilities.has_route_information"": 0.88, ""facilities.has_seating"": 0.92, ""usage.passenger_level"": 0.88}","Pagi ini, minggu 23 Agustus 2026 sekitar pukul 09.18, saya tiba di TPB Tarumartani Selatan. Halte terlihat kosong meskipun cukup ramai kendaraan lalu lalang. Lokasi dari halte sendiri terletak pada trotoar yang cukup kecil. Secara fasilitas, halte hanya memiliki atap kecil tanpa ada tempat duduk sama sekali, masih ada papan informasi rute yang cukup jelas, tetap pegangan sudah cukip rapuh dan tidak aman digunakan serta lampu yang sudah agak pecah. Halte memilili banyak coretan pilok. #BANGJO","{""extraction_model"": ""nvidia/nemotron-3.5-lightning:free"", ""extraction_provider"": ""openrouter"", ""extraction_status"": ""deterministic_only"", ""extraction_version"": ""activities-v1"", ""processed_at"": ""2026-09-10T12:35:52.050896Z"", ""prompt_version"": ""activities-prompt-v1"", ""request_id"": null, ""source_file"": ""raw/activities_raw.csv"", ""source_row"": 30}"
knowledge_f89c517e4d34c85ff000eb9b,survey_activity,6a8a5b240d6732db988bd606,obs_3e6c311cc7e4e0574c8b214b,stop_1680fcf4112555f6f34ebebd,Halte Cukup Padat,-7.8317377219596125,110.39000415456871,True,,09:27:00,morning,,unique,"{""boarding_activity"": null, ""bus_present"": null, ""passenger_count"": null, ""passenger_level"": ""high"", ""traffic_activity"": ""unknown""}","{""has_bicycle_parking"": null, ""has_fan"": null, ""has_lighting"": null, ""has_motorcycle_parking"": null, ""has_roof"": null, ""has_route_information"": null, ""has_seating"": null, ""has_shelter"": null, ""has_signage"": null, ""has_staff"": null, ""has_ticket_counter"": null, ""has_trash_bin"": null, ""has_water_facility"": null, ""has_wifi"": null, ""has_zebra_crossing"": null, ""seating_capacity"": null}","{""accessibility_issues"": [], ""pedestrian_access"": ""unknown"", ""ramp_available"": null, ""sidewalk_condition"": ""unknown"", ""stairs_access"": null, ""wheelchair_access"": null}","{""cleanliness"": ""unknown"", ""lighting_condition"": ""unknown"", ""maintenance"": ""unknown"", ""signage_condition"": ""unknown"", ""structural_condition"": ""unknown"", ""vandalism"": true}","{""activity_context"": [], ""landmark_categories"": [], ""nearby_place_categories"": [], ""nearby_places"": []}","[{""category"": ""maintenance"", ""confidence"": 0.94, ""evidence"": ""Namun, papan informasi terlihat mulai usang dan terdapat coretan pada beberapa bagiannya."", ""issue"": ""vandalism"", ""severity"": ""unknown""}]",[],[],"[""high_passenger_activity"", ""vandalism_risk""]","{""condition.vandalism"": ""Namun, papan informasi terlihat mulai usang dan terdapat coretan pada beberapa bagiannya."", ""usage.passenger_level"": ""Di sekitar TPB juga terdapat aktivitas perdagangan dan lalu lintas kendaraan yang cukup ramai, sehingga suasana di sekitar halte cukup padat.""}","{""condition.vandalism"": 0.96, ""usage.passenger_level"": 0.88}","Pagi ini sekitar pukul 09.27 WIB, saya berada di TPB Pasar Giwangan 2. TPB berada di tepi jalan dengan trotoar yang cukup memadai dan terhubung langsung dengan area pemberhentian. Fasilitasnya berupa shelter dengan atap peneduh, tempat duduk, pagar pembatas, serta papan informasi rute bus. Namun, papan informasi terlihat mulai usang dan terdapat coretan pada beberapa bagiannya. Di sekitar TPB juga terdapat aktivitas perdagangan dan lalu lintas kendaraan yang cukup ramai, sehingga suasana di sekitar halte cukup padat. #BANGJO","{""extraction_model"": ""nvidia/nemotron-3.5-lightning:free"", ""extraction_provider"": ""openrouter"", ""extraction_status"": ""deterministic_only"", ""extraction_version"": ""activities-v1"", ""processed_at"": ""2026-09-10T12:35:52.050896Z"", ""prompt_version"": ""activities-prompt-v1"", ""request_id"": null, ""source_file"": ""raw/activities_raw.csv"", ""source_row"": 31}"
knowledge_cd013e9bd2bf8a0e3b6a6a10,survey_activity,6a8a597552d86e03b518f35f,obs_98c92699c948573a1eda2d97,stop_38830fea7f327f1797c7d8ff,Stop Sebagai Penanda Lokasi Pemberhentian Bus,-7.832450448568949,110.39019525983775,True,,09:19:00,morning,,unique,"{""boarding_activity"": null, ""bus_present"": true, ""passenger_count"": null, ""passenger_level"": ""unknown"", ""traffic_activity"": ""unknown""}","{""has_bicycle_parking"": null, ""has_fan"": null, ""has_lighting"": null, ""has_motorcycle_parking"": null, ""has_roof"": null, ""has_route_information"": null, ""has_seating"": null, ""has_shelter"": null, ""has_signage"": null, ""has_staff"": null, ""has_ticket_counter"": null, ""has_trash_bin"": null, ""has_water_facility"": null, ""has_wifi"": null, ""has_zebra_crossing"": null, ""seating_capacity"": null}","{""accessibility_issues"": [], ""pedestrian_access"": ""unknown"", ""ramp_available"": null, ""sidewalk_condition"": ""unknown"", ""stairs_access"": null, ""wheelchair_access"": null}","{""cleanliness"": ""unknown"", ""lighting_condition"": ""unknown"", ""maintenance"": ""unknown"", ""signage_condition"": ""unknown"", ""structural_condition"": ""unknown"", ""vandalism"": null}","{""activity_context"": [], ""landmark_categories"": [], ""nearby_place_categories"": [], ""nearby_places"": []}",[],[],[],[],"{""usage.bus_present"": ""Saat tiba, tidak terdapat penumpang yang sedang menunggu bus.""}","{""usage.bus_present"": 0.88}","Pagi ini sekitar pukul 09.19 WIB, saya berada di TPB Pasar Giwangan 2. TPB berada di pinggir jalan dengan akses trotoar yang kurang memadai bagi pejalan kaki. Saat tiba, tidak terdapat penumpang yang sedang menunggu bus. Fasilitas TPB masih cukup layak untuk aktivitas menunggu, dengan kursi dan peneduh, meskipun kondisinya sedikit kotor. Selain itu, terdapat tanda bus stop sebagai penanda lokasi pemberhentian bus. #BANGJO","{""extraction_model"": ""nvidia/nemotron-3.5-lightning:free"", ""extraction_provider"": ""openrouter"", ""extraction_status"": ""deterministic_only"", ""extraction_version"": ""activities-v1"", ""processed_at"": ""2026-09-10T12:35:52.050896Z"", ""prompt_version"": ""activities-prompt-v1"", ""request_id"": null, ""source_file"": ""raw/activities_raw.csv"", ""source_row"": 32}"
knowledge_f923fe9050c4f8c8d6eb3fcc,survey_activity,6a8a56f60d6732db988bd3bb,obs_7b1718e21a2e3ccabfd9086e,stop_90fa1475806ad0a7af852b60,Halte Kenari 1 Di Depan Fakultas Psikologi UNY Dan Di Sebelah Selatan Stadiun Mandala Krida,-7.7975338130852805,110.38323059426864,True,2026-08-23T09:03:00+07:00,09:03:00,morning,,unique,"{""boarding_activity"": null, ""bus_present"": null, ""passenger_count"": 1, ""passenger_level"": ""very_low"", ""traffic_activity"": ""unknown""}","{""has_bicycle_parking"": null, ""has_fan"": null, ""has_lighting"": null, ""has_motorcycle_parking"": null, ""has_roof"": null, ""has_route_information"": null, ""has_seating"": null, ""has_shelter"": null, ""has_signage"": null, ""has_staff"": null, ""has_ticket_counter"": null, ""has_trash_bin"": null, ""has_water_facility"": null, ""has_wifi"": null, ""has_zebra_crossing"": null, ""seating_capacity"": null}","{""accessibility_issues"": [], ""pedestrian_access"": ""unknown"", ""ramp_available"": null, ""sidewalk_condition"": ""unknown"", ""stairs_access"": null, ""wheelchair_access"": null}","{""cleanliness"": ""unknown"", ""lighting_condition"": ""unknown"", ""maintenance"": ""unknown"", ""signage_condition"": ""unknown"", ""structural_condition"": ""unknown"", ""vandalism"": true}","{""activity_context"": [], ""landmark_categories"": [], ""nearby_place_categories"": [], ""nearby_places"": []}","[{""category"": ""maintenance"", ""confidence"": 0.94, ""evidence"": ""Selain itu, kondisi halte juga terdapat beberapa coretan pilok."", ""issue"": ""vandalism"", ""severity"": ""unknown""}]",[],[],"[""vandalism_risk""]","{""condition.vandalism"": ""Selain itu, kondisi halte juga terdapat beberapa coretan pilok."", ""usage.passenger_count"": ""Halte cukup sepi dengan hanya ada 1 orang mengantre."", ""usage.passenger_level"": ""Halte cukup sepi dengan hanya ada 1 orang mengantre.""}","{""condition.vandalism"": 0.96, ""usage.passenger_count"": 0.96, ""usage.passenger_level"": 0.92}","Pagi ini, minggu 23 Agustus 2026 sekitar pukul 09.03, saya tiba di Halte Kenari 1. Halte cukup sepi dengan hanya ada 1 orang mengantre. Secara lokasi, lokasi dari halte cukuo strategis karena dekat dengan kampus, sekolah, dan stadiun. Padahal lokasi dan aksesibilitas halte sendiri cukup oke, tetapi sayang sekali fasilitas dari halte kurang memadai dengan tidak adanya informasi apapum terkait rute maupun jadwal bus. Selain itu, kondisi halte juga terdapat beberapa coretan pilok. #BANGJO","{""extraction_model"": ""nvidia/nemotron-3.5-lightning:free"", ""extraction_provider"": ""openrouter"", ""extraction_status"": ""deterministic_only"", ""extraction_version"": ""activities-v1"", ""processed_at"": ""2026-09-10T12:35:52.050896Z"", ""prompt_version"": ""activities-prompt-v1"", ""request_id"": null, ""source_file"": ""raw/activities_raw.csv"", ""source_row"": 33}"
knowledge_5b09828d6b73a9cbefabe569,survey_activity,6a8a55a40d6732db988bd319,obs_152785c5efc3a271ab5b78b6,stop_6a9e35a2fe5e4d1d38bde3ca,Halte Tegal Gendu 1,-7.826017116757498,110.39183869483821,True,,09:00:00,morning,,unique,"{""boarding_activity"": null, ""bus_present"": null, ""passenger_count"": null, ""passenger_level"": ""unknown"", ""traffic_activity"": ""unknown""}","{""has_bicycle_parking"": null, ""has_fan"": null, ""has_lighting"": null, ""has_motorcycle_parking"": null, ""has_roof"": null, ""has_route_information"": null, ""has_seating"": null, ""has_shelter"": null, ""has_signage"": null, ""has_staff"": null, ""has_ticket_counter"": null, ""has_trash_bin"": null, ""has_water_facility"": null, ""has_wifi"": null, ""has_zebra_crossing"": null, ""seating_capacity"": null}","{""accessibility_issues"": [], ""pedestrian_access"": ""unknown"", ""ramp_available"": true, ""sidewalk_condition"": ""unknown"", ""stairs_access"": null, ""wheelchair_access"": null}","{""cleanliness"": ""unknown"", ""lighting_condition"": ""unknown"", ""maintenance"": ""unknown"", ""signage_condition"": ""unknown"", ""structural_condition"": ""unknown"", ""vandalism"": true}","{""activity_context"": [], ""landmark_categories"": [], ""nearby_place_categories"": [], ""nearby_places"": []}","[{""category"": ""maintenance"", ""confidence"": 0.94, ""evidence"": ""Namun, kondisi bagian dalam halte terlihat cukup kumuh karena kotor dan terdapat banyak coretan."", ""issue"": ""vandalism"", ""severity"": ""unknown""}]",[],[],"[""vandalism_risk""]","{""accessibility.ramp_available"": ""Halte dilengkapi ramp kursi roda, kursi tunggu, poster informasi, dan peneduh."", ""condition.vandalism"": ""Namun, kondisi bagian dalam halte terlihat cukup kumuh karena kotor dan terdapat banyak coretan.""}","{""accessibility.ramp_available"": 0.88, ""condition.vandalism"": 0.96}","Pagi ini sekitar pukul 09.00 WIB, saya berada di Halte Tegal Gendu 1. Halte berupa shelter yang berada di trotoar dengan akses yang cukup baik bagi pejalan kaki, tetapi sebagian trotoar di sisi kanan halte terhalang oleh warung bubur sehingga pejalan kaki harus melewati badan jalan. Halte dilengkapi ramp kursi roda, kursi tunggu, poster informasi, dan peneduh. Namun, kondisi bagian dalam halte terlihat cukup kumuh karena kotor dan terdapat banyak coretan. #BANGJO","{""extraction_model"": ""nvidia/nemotron-3.5-lightning:free"", ""extraction_provider"": ""openrouter"", ""extraction_status"": ""deterministic_only"", ""extraction_version"": ""activities-v1"", ""processed_at"": ""2026-09-10T12:35:52.050896Z"", ""prompt_version"": ""activities-prompt-v1"", ""request_id"": null, ""source_file"": ""raw/activities_raw.csv"", ""source_row"": 34}"
knowledge_a70d8cb3ac35587b40518ac1,survey_activity,6a8a538e52d86e03b518f041,obs_740e8e54bfa1cd4a5cd21501,stop_7c49e6a57526d08390ce3438,Halte Apmd Timur Di Depan Stpmd Apmd Yogyakarta,-7.791168291573598,110.39335082850641,True,2026-08-23T08:52:00+07:00,08:52:00,morning,,unique,"{""boarding_activity"": null, ""bus_present"": true, ""passenger_count"": null, ""passenger_level"": ""unknown"", ""traffic_activity"": ""unknown""}","{""has_bicycle_parking"": null, ""has_fan"": null, ""has_lighting"": null, ""has_motorcycle_parking"": null, ""has_roof"": null, ""has_route_information"": null, ""has_seating"": null, ""has_shelter"": null, ""has_signage"": null, ""has_staff"": null, ""has_ticket_counter"": null, ""has_trash_bin"": null, ""has_water_facility"": null, ""has_wifi"": null, ""has_zebra_crossing"": null, ""seating_capacity"": null}","{""accessibility_issues"": [], ""pedestrian_access"": ""unknown"", ""ramp_available"": null, ""sidewalk_condition"": ""unknown"", ""stairs_access"": null, ""wheelchair_access"": null}","{""cleanliness"": ""unknown"", ""lighting_condition"": ""unknown"", ""maintenance"": ""unknown"", ""signage_condition"": ""unknown"", ""structural_condition"": ""unknown"", ""vandalism"": null}","{""activity_context"": [], ""landmark_categories"": [], ""nearby_place_categories"": [], ""nearby_places"": []}",[],[],[],[],"{""usage.bus_present"": ""Halte hanya berupa tempat pemberhentian bus kecil yang hanya memiliki tangga saja tanpa ada penutup namun masih memiliki informasi terkait rute bus.""}","{""usage.bus_present"": 0.88}","Pagi ini, minggu 23 Agustus 2026 sekitar pukul 08.52 WIB, saya tiba di Halte APMD Timur. Halte hanya berupa tempat pemberhentian bus kecil yang hanya memiliki tangga saja tanpa ada penutup namun masih memiliki informasi terkait rute bus. Trotoar sangat kecil dan tiang lampu penerangan miring yang menandakan kurang terawatnya halte ini. Aksesibilitas halte juga kurang memadai dikarenakan terdapat pada jalan yang cukup kecil untuk dilalui oleh bus. Sleain itu, di sekitar halte terdapat banyak sampah yang dibuang sembarangan oleh masyarakat sekitar. #BANGJO","{""extraction_model"": ""nvidia/nemotron-3.5-lightning:free"", ""extraction_provider"": ""openrouter"", ""extraction_status"": ""deterministic_only"", ""extraction_version"": ""activities-v1"", ""processed_at"": ""2026-09-10T12:35:52.050896Z"", ""prompt_version"": ""activities-prompt-v1"", ""request_id"": null, ""source_file"": ""raw/activities_raw.csv"", ""source_row"": 35}"
knowledge_01dae1bf7dd8831e4479483a,survey_activity,6a8a50c652d86e03b518eea3,obs_cc7fec678c78e76bd16aba19,stop_ea83d1e35cf31af998956f51,Halte Smkn 5 Di Depan Smkn5 Yogyakarta,-7.800413079704626,110.3950221699996,True,,,,,unique,"{""boarding_activity"": null, ""bus_present"": true, ""passenger_count"": null, ""passenger_level"": ""very_low"", ""traffic_activity"": ""unknown""}","{""has_bicycle_parking"": null, ""has_fan"": null, ""has_lighting"": null, ""has_motorcycle_parking"": null, ""has_roof"": null, ""has_route_information"": null, ""has_seating"": null, ""has_shelter"": null, ""has_signage"": null, ""has_staff"": null, ""has_ticket_counter"": null, ""has_trash_bin"": null, ""has_water_facility"": null, ""has_wifi"": null, ""has_zebra_crossing"": null, ""seating_capacity"": null}","{""accessibility_issues"": [], ""pedestrian_access"": ""unknown"", ""ramp_available"": null, ""sidewalk_condition"": ""unknown"", ""stairs_access"": null, ""wheelchair_access"": null}","{""cleanliness"": ""unknown"", ""lighting_condition"": ""unknown"", ""maintenance"": ""unknown"", ""signage_condition"": ""unknown"", ""structural_condition"": ""unknown"", ""vandalism"": true}","{""activity_context"": [], ""landmark_categories"": [], ""nearby_place_categories"": [], ""nearby_places"": []}","[{""category"": ""maintenance"", ""confidence"": 0.94, ""evidence"": ""Sefara lingkungan, halte cukup bersih dengan papan informasi rute bus yang masih terjaga, namun masih ada coretan pilok."", ""issue"": ""vandalism"", ""severity"": ""unknown""}]",[],[],"[""vandalism_risk""]","{""condition.vandalism"": ""Sefara lingkungan, halte cukup bersih dengan papan informasi rute bus yang masih terjaga, namun masih ada coretan pilok."", ""usage.bus_present"": ""Sefara lingkungan, halte cukup bersih dengan papan informasi rute bus yang masih terjaga, namun masih ada coretan pilok."", ""usage.passenger_level"": ""Lokasi halte berada tepat di depan SMKN 5 Yogyakarta, karena saya observasi hari minggu, halte sangatlah kosong dan jalanannya terhitung cukup sepi yang mungkin dikarenakan kondisi hari libur.""}","{""condition.vandalism"": 0.96, ""usage.bus_present"": 0.88, ""usage.passenger_level"": 0.92}","Pagi ini, minggu 23 Agustus 2026 sekitar pukil 08.42 WIB, saya tiba di Halte SMKN 5. Lokasi halte berada tepat di depan SMKN 5 Yogyakarta, karena saya observasi hari minggu, halte sangatlah kosong dan jalanannya terhitung cukup sepi yang mungkin dikarenakan kondisi hari libur. Sefara lingkungan, halte cukup bersih dengan papan informasi rute bus yang masih terjaga, namun masih ada coretan pilok. #BANGJO","{""extraction_model"": ""nvidia/nemotron-3.5-lightning:free"", ""extraction_provider"": ""openrouter"", ""extraction_status"": ""deterministic_only"", ""extraction_version"": ""activities-v1"", ""processed_at"": ""2026-09-10T12:35:52.050896Z"", ""prompt_version"": ""activities-prompt-v1"", ""request_id"": null, ""source_file"": ""raw/activities_raw.csv"", ""source_row"": 36}"
knowledge_cbc9a1fed698dc8166fb63d6,survey_activity,6a8a4f770d6732db988bd00e,obs_dcbfc4f44b89ec5539cb2ed6,stop_50ef0b80a7c71f2e0d4b7477,Halte Sorogenen (nitikan) Di Area Pertokoan,-7.8248658186249145,110.37989161897013,True,,08:34:00,morning,,unique,"{""boarding_activity"": null, ""bus_present"": null, ""passenger_count"": null, ""passenger_level"": ""unknown"", ""traffic_activity"": ""unknown""}","{""has_bicycle_parking"": null, ""has_fan"": null, ""has_lighting"": null, ""has_motorcycle_parking"": null, ""has_roof"": null, ""has_route_information"": true, ""has_seating"": null, ""has_shelter"": null, ""has_signage"": null, ""has_staff"": true, ""has_ticket_counter"": null, ""has_trash_bin"": null, ""has_water_facility"": null, ""has_wifi"": null, ""has_zebra_crossing"": null, ""seating_capacity"": null}","{""accessibility_issues"": [], ""pedestrian_access"": ""unknown"", ""ramp_available"": null, ""sidewalk_condition"": ""unknown"", ""stairs_access"": null, ""wheelchair_access"": null}","{""cleanliness"": ""unknown"", ""lighting_condition"": ""unknown"", ""maintenance"": ""unknown"", ""signage_condition"": ""unknown"", ""structural_condition"": ""unknown"", ""vandalism"": null}","{""activity_context"": [], ""landmark_categories"": [], ""nearby_place_categories"": [], ""nearby_places"": []}",[],[],[],[],"{""facilities.has_route_information"": ""Fasilitas halte cukup baik, dengan tempat duduk dan peneduh yang nyaman, serta dilengkapi petugas dan poster informasi rute yang lengkap sehingga memudahkan penumpang memperoleh informasi."", ""facilities.has_staff"": ""Fasilitas halte cukup baik, dengan tempat duduk dan peneduh yang nyaman, serta dilengkapi petugas dan poster informasi rute yang lengkap sehingga memudahkan penumpang memperoleh informasi.""}","{""facilities.has_route_information"": 0.88, ""facilities.has_staff"": 0.88}","Pagi ini sekitar pukul 08.34 WIB, saya berada di Halte Sorogenen (Nitikan). Halte berada di trotoar yang cukup memadai untuk akses pejalan kaki, meskipun sebagian jalur di sebelah kanan halte terhalang oleh aktivitas penjual. Fasilitas halte cukup baik, dengan tempat duduk dan peneduh yang nyaman, serta dilengkapi petugas dan poster informasi rute yang lengkap sehingga memudahkan penumpang memperoleh informasi. Di sekitar halte juga terdapat beberapa penjual sayur dan aneka jajanan, sementara di seberangnya terdapat toko bangunan yang menjadi bagian dari aktivitas di sekitar halte. #BANGJO","{""extraction_model"": ""nvidia/nemotron-3.5-lightning:free"", ""extraction_provider"": ""openrouter"", ""extraction_status"": ""deterministic_only"", ""extraction_version"": ""activities-v1"", ""processed_at"": ""2026-09-10T12:35:52.050896Z"", ""prompt_version"": ""activities-prompt-v1"", ""request_id"": null, ""source_file"": ""raw/activities_raw.csv"", ""source_row"": 37}"
knowledge_8760a21dec4ed5f73033e5bf,survey_activity,6a8a4d390d6732db988bce2b,obs_9b9093350931db6789648ea1,,,-7.824734488201557,110.37917592794099,True,,08:27:00,morning,,unique,"{""boarding_activity"": null, ""bus_present"": true, ""passenger_count"": null, ""passenger_level"": ""unknown"", ""traffic_activity"": ""unknown""}","{""has_bicycle_parking"": null, ""has_fan"": null, ""has_lighting"": null, ""has_motorcycle_parking"": null, ""has_roof"": true, ""has_route_information"": true, ""has_seating"": null, ""has_shelter"": null, ""has_signage"": null, ""has_staff"": null, ""has_ticket_counter"": null, ""has_trash_bin"": null, ""has_water_facility"": null, ""has_wifi"": null, ""has_zebra_crossing"": null, ""seating_capacity"": null}","{""accessibility_issues"": [], ""pedestrian_access"": ""unknown"", ""ramp_available"": true, ""sidewalk_condition"": ""unknown"", ""stairs_access"": null, ""wheelchair_access"": null}","{""cleanliness"": ""unknown"", ""lighting_condition"": ""unknown"", ""maintenance"": ""unknown"", ""signage_condition"": ""unknown"", ""structural_condition"": ""unknown"", ""vandalism"": null}","{""activity_context"": [], ""landmark_categories"": [], ""nearby_place_categories"": [], ""nearby_places"": []}",[],[],[],[],"{""accessibility.ramp_available"": ""TPB berada di area trotoar yang cukup memadai untuk akses pejalan kaki dan dilengkapi ramp kursi roda, kursi penumpang, serta poster informasi rute bus."", ""facilities.has_roof"": ""Kondisi TPB terlihat bersih dan terawat, dengan peneduh dan atap yang masih dalam kondisi baik sehingga cukup nyaman untuk menunggu bus."", ""facilities.has_route_information"": ""TPB berada di area trotoar yang cukup memadai untuk akses pejalan kaki dan dilengkapi ramp kursi roda, kursi penumpang, serta poster informasi rute bus."", ""usage.bus_present"": ""Saat tiba, terdapat satu penumpang yang sedang menunggu bus.""}","{""accessibility.ramp_available"": 0.88, ""facilities.has_roof"": 0.88, ""facilities.has_route_information"": 0.88, ""usage.bus_present"": 0.88}","Pagi ini sekitar pukul 08.27 WIB, saya berada di TPB Sorogenen (Wirosaban) yang terletak di depan ruko. Saat tiba, terdapat satu penumpang yang sedang menunggu bus. TPB berada di area trotoar yang cukup memadai untuk akses pejalan kaki dan dilengkapi ramp kursi roda, kursi penumpang, serta poster informasi rute bus. Kondisi TPB terlihat bersih dan terawat, dengan peneduh dan atap yang masih dalam kondisi baik sehingga cukup nyaman untuk menunggu bus. #BANGJO","{""extraction_model"": ""nvidia/nemotron-3.5-lightning:free"", ""extraction_provider"": ""openrouter"", ""extraction_status"": ""deterministic_only"", ""extraction_version"": ""activities-v1"", ""processed_at"": ""2026-09-10T12:35:52.050896Z"", ""prompt_version"": ""activities-prompt-v1"", ""request_id"": null, ""source_file"": ""raw/activities_raw.csv"", ""source_row"": 38}"
knowledge_32d0550713cfa603c722f733,survey_activity,6a8a4cc452d86e03b518ebde,obs_1f0911bbe3f6c630f43f4116,stop_9fa3dd65a3053ffb5c49ba41,Halte Senopati 2 Di Depan Taman Pintar Yogyakarta,-7.801403483589382,110.36717014229976,True,2026-08-23T08:24:00+07:00,08:24:00,morning,,unique,"{""boarding_activity"": null, ""bus_present"": null, ""passenger_count"": null, ""passenger_level"": ""unknown"", ""traffic_activity"": ""unknown""}","{""has_bicycle_parking"": null, ""has_fan"": null, ""has_lighting"": null, ""has_motorcycle_parking"": null, ""has_roof"": null, ""has_route_information"": null, ""has_seating"": null, ""has_shelter"": null, ""has_signage"": null, ""has_staff"": null, ""has_ticket_counter"": null, ""has_trash_bin"": null, ""has_water_facility"": null, ""has_wifi"": null, ""has_zebra_crossing"": null, ""seating_capacity"": null}","{""accessibility_issues"": [], ""pedestrian_access"": ""unknown"", ""ramp_available"": null, ""sidewalk_condition"": ""unknown"", ""stairs_access"": null, ""wheelchair_access"": null}","{""cleanliness"": ""unknown"", ""lighting_condition"": ""unknown"", ""maintenance"": ""unknown"", ""signage_condition"": ""unknown"", ""structural_condition"": ""unknown"", ""vandalism"": null}","{""activity_context"": [], ""landmark_categories"": [], ""nearby_place_categories"": [], ""nearby_places"": []}",[],[],[],[],{},{},"Pagi ini, Minggu 23 Agustus 2026 sekitar pukul 08.24 WIB, saya tiba di Halte Senopati 2. Halte berlokasi di sekitar tempat wisata seperti Malioboro, Taman Pintar, dan Benteng Vredeburg sehingga lokasi sangatlah strategis. Aksesibilitas juga mudah dengan didukung oleh plang tanda Bus dan trotoar yang luas. Fasilitas yang dimiliki mulai dari tempat duduk yang cukip banyak dan papan informasi rute bus juga masih terlihat jelas. Lingkungan halte juga terlihat bersih dan terawat dengan baik. #BANGJO","{""extraction_model"": ""nvidia/nemotron-3.5-lightning:free"", ""extraction_provider"": ""openrouter"", ""extraction_status"": ""deterministic_only"", ""extraction_version"": ""activities-v1"", ""processed_at"": ""2026-09-10T12:35:52.050896Z"", ""prompt_version"": ""activities-prompt-v1"", ""request_id"": null, ""source_file"": ""raw/activities_raw.csv"", ""source_row"": 39}"
knowledge_33482fa55108c7bb114e0631,survey_activity,6a8a4a8852d86e03b518eb2a,obs_0dfae2c6e52762371d872c90,stop_931ab6a66c68266790152d95,Halte Kha Dahlan Utara Di Sebrang Balai Kota Lama Dan Masjid Attahkim Kodya Yogyakarta,-7.801152961181444,110.36040096762889,True,2026-08-23T08:13:00+07:00,08:13:00,morning,,unique,"{""boarding_activity"": null, ""bus_present"": true, ""passenger_count"": null, ""passenger_level"": ""unknown"", ""traffic_activity"": ""unknown""}","{""has_bicycle_parking"": null, ""has_fan"": null, ""has_lighting"": null, ""has_motorcycle_parking"": null, ""has_roof"": null, ""has_route_information"": true, ""has_seating"": null, ""has_shelter"": null, ""has_signage"": null, ""has_staff"": null, ""has_ticket_counter"": null, ""has_trash_bin"": null, ""has_water_facility"": null, ""has_wifi"": null, ""has_zebra_crossing"": null, ""seating_capacity"": null}","{""accessibility_issues"": [], ""pedestrian_access"": ""unknown"", ""ramp_available"": null, ""sidewalk_condition"": ""unknown"", ""stairs_access"": null, ""wheelchair_access"": null}","{""cleanliness"": ""unknown"", ""lighting_condition"": ""unknown"", ""maintenance"": ""unknown"", ""signage_condition"": ""unknown"", ""structural_condition"": ""unknown"", ""vandalism"": null}","{""activity_context"": [], ""landmark_categories"": [], ""nearby_place_categories"": [], ""nearby_places"": []}",[],[],[],[],"{""facilities.has_route_information"": ""Selain itu juga terdapat poster informasi rute bus yang masih terlihat cukup jelas."", ""usage.bus_present"": ""Secara lokasi, Halte ini cukup strategis karena berada di sekitar tempwt wisata dan jalan raya yang mudah dilalui oleh bus.""}","{""facilities.has_route_information"": 0.88, ""usage.bus_present"": 0.88}","Pagi ini, Minggu 23 Agustus 2026 sekitar pukul 08.13 WIB, saya tiba di Halte KHA Dahlan Utara. Secara lokasi, Halte ini cukup strategis karena berada di sekitar tempwt wisata dan jalan raya yang mudah dilalui oleh bus. Halte juga terletak pada trotoar yang cukup lebar dengan sudah ramah disabilitas. Secara fasilitas, halte menyediakan tempat duduk dan lingkungannya cukup bersih dan terawat. Selain itu juga terdapat poster informasi rute bus yang masih terlihat cukup jelas. #BANGJO","{""extraction_model"": ""nvidia/nemotron-3.5-lightning:free"", ""extraction_provider"": ""openrouter"", ""extraction_status"": ""deterministic_only"", ""extraction_version"": ""activities-v1"", ""processed_at"": ""2026-09-10T12:35:52.050896Z"", ""prompt_version"": ""activities-prompt-v1"", ""request_id"": null, ""source_file"": ""raw/activities_raw.csv"", ""source_row"": 40}"
knowledge_e44c4b9de547a69abb316f75,survey_activity,6a8a4a850d6732db988bcd57,obs_687ce5e99e69d7a1fbdd3337,stop_d6bea10052b4a393f97f0d3a,Halte Widya Wiwaha 1 Di Depan Stie Widya Wiwaha,-7.822836023204786,110.37767625974362,True,,08:13:00,morning,,unique,"{""boarding_activity"": null, ""bus_present"": true, ""passenger_count"": null, ""passenger_level"": ""unknown"", ""traffic_activity"": ""unknown""}","{""has_bicycle_parking"": null, ""has_fan"": null, ""has_lighting"": null, ""has_motorcycle_parking"": null, ""has_roof"": null, ""has_route_information"": null, ""has_seating"": null, ""has_shelter"": null, ""has_signage"": null, ""has_staff"": null, ""has_ticket_counter"": null, ""has_trash_bin"": null, ""has_water_facility"": null, ""has_wifi"": null, ""has_zebra_crossing"": null, ""seating_capacity"": null}","{""accessibility_issues"": [], ""pedestrian_access"": ""unknown"", ""ramp_available"": null, ""sidewalk_condition"": ""unknown"", ""stairs_access"": null, ""wheelchair_access"": null}","{""cleanliness"": ""unknown"", ""lighting_condition"": ""unknown"", ""maintenance"": ""unknown"", ""signage_condition"": ""unknown"", ""structural_condition"": ""unknown"", ""vandalism"": true}","{""activity_context"": [], ""landmark_categories"": [], ""nearby_place_categories"": [], ""nearby_places"": []}","[{""category"": ""maintenance"", ""confidence"": 0.94, ""evidence"": ""Namun, kondisi halte terlihat kumuh dengan banyak coretan, sehingga papan informasi yang tersedia sulit terbaca dengan jelas."", ""issue"": ""vandalism"", ""severity"": ""unknown""}]",[],[],"[""vandalism_risk""]","{""condition.vandalism"": ""Namun, kondisi halte terlihat kumuh dengan banyak coretan, sehingga papan informasi yang tersedia sulit terbaca dengan jelas."", ""usage.bus_present"": ""Halte dilengkapi peneduh dan tanda pemberhentian bus (bus stop) yang cukup mendukung aktivitas menunggu bus.""}","{""condition.vandalism"": 0.96, ""usage.bus_present"": 0.88}","Pagi ini sekitar pukul 08.13 WIB, saya berada di Halte Widya Wiwaha 1 yang terletak di depan STIE Widya Wiwaha. Akses menuju halte cukup mudah melalui trotoar yang memadai, tetapi sebagian trotoar di dekat halte terhalang tumpukan sampah sehingga menimbulkan sedikit bau. Halte dilengkapi peneduh dan tanda pemberhentian bus (bus stop) yang cukup mendukung aktivitas menunggu bus. Namun, kondisi halte terlihat kumuh dengan banyak coretan, sehingga papan informasi yang tersedia sulit terbaca dengan jelas. #BANGJO","{""extraction_model"": ""nvidia/nemotron-3.5-lightning:free"", ""extraction_provider"": ""openrouter"", ""extraction_status"": ""deterministic_only"", ""extraction_version"": ""activities-v1"", ""processed_at"": ""2026-09-10T12:35:52.050896Z"", ""prompt_version"": ""activities-prompt-v1"", ""request_id"": null, ""source_file"": ""raw/activities_raw.csv"", ""source_row"": 41}"
knowledge_642986aa4248612f670f464e,survey_activity,6a8a48c852d86e03b518e997,obs_ab621d10a17c8d0e42856703,stop_7b6e8e0b875ac5fecb385e0c,Halte Widya Wiwaha 2 Di Depan Stie Widya Wiwaha,-7.822642587588206,110.3775313827116,True,,08:03:00,morning,,unique,"{""boarding_activity"": null, ""bus_present"": true, ""passenger_count"": null, ""passenger_level"": ""unknown"", ""traffic_activity"": ""unknown""}","{""has_bicycle_parking"": null, ""has_fan"": null, ""has_lighting"": null, ""has_motorcycle_parking"": null, ""has_roof"": null, ""has_route_information"": null, ""has_seating"": null, ""has_shelter"": null, ""has_signage"": null, ""has_staff"": null, ""has_ticket_counter"": null, ""has_trash_bin"": null, ""has_water_facility"": null, ""has_wifi"": null, ""has_zebra_crossing"": null, ""seating_capacity"": null}","{""accessibility_issues"": [], ""pedestrian_access"": ""unknown"", ""ramp_available"": null, ""sidewalk_condition"": ""unknown"", ""stairs_access"": null, ""wheelchair_access"": null}","{""cleanliness"": ""unknown"", ""lighting_condition"": ""unknown"", ""maintenance"": ""unknown"", ""signage_condition"": ""unknown"", ""structural_condition"": ""unknown"", ""vandalism"": true}","{""activity_context"": [], ""landmark_categories"": [], ""nearby_place_categories"": [], ""nearby_places"": []}","[{""category"": ""maintenance"", ""confidence"": 0.94, ""evidence"": ""Namun, poster informasi yang tersedia sudah usang dan belum diperbaiki, serta terdapat banyak coretan yang membuat kondisi halte terlihat kurang terawat dan kumuh."", ""issue"": ""vandalism"", ""severity"": ""unknown""}]",[],[],"[""vandalism_risk""]","{""condition.vandalism"": ""Namun, poster informasi yang tersedia sudah usang dan belum diperbaiki, serta terdapat banyak coretan yang membuat kondisi halte terlihat kurang terawat dan kumuh."", ""usage.bus_present"": ""Halte dilengkapi peneduh dan penanda bus stop sehingga cukup memungkinkan untuk menunggu bus.""}","{""condition.vandalism"": 0.96, ""usage.bus_present"": 0.88}","Pagi ini sekitar pukul 08.03 WIB, saya berada di Halte Widya Wiwaha 2 yang terletak di seberang STIE Widya Wiwaha. Akses menuju halte melalui trotoar cukup memadai dan mudah dijangkau. Halte dilengkapi peneduh dan penanda bus stop sehingga cukup memungkinkan untuk menunggu bus. Namun, poster informasi yang tersedia sudah usang dan belum diperbaiki, serta terdapat banyak coretan yang membuat kondisi halte terlihat kurang terawat dan kumuh. Saat tiba, tidak terdapat penumpang yang sedang menunggu bus. #BANGJO","{""extraction_model"": ""nvidia/nemotron-3.5-lightning:free"", ""extraction_provider"": ""openrouter"", ""extraction_status"": ""deterministic_only"", ""extraction_version"": ""activities-v1"", ""processed_at"": ""2026-09-10T12:35:52.050896Z"", ""prompt_version"": ""activities-prompt-v1"", ""request_id"": null, ""source_file"": ""raw/activities_raw.csv"", ""source_row"": 42}"
knowledge_d908148728222a85cea99450,survey_activity,6a8a48bd0d6732db988bcba4,obs_73cf5d257ee117ba5ac880e8,stop_32f356a2b00a00bda64b0da6,Halte Kha Dahlan Selatan Di Depan Balai Kota Lama Dan Masjid Attahkim Kodya Jogjakarta,-7.801243559504002,110.36017661869442,True,2026-08-23T08:00:00+07:00,08:00:00,morning,,unique,"{""boarding_activity"": null, ""bus_present"": true, ""passenger_count"": null, ""passenger_level"": ""very_high"", ""traffic_activity"": ""unknown""}","{""has_bicycle_parking"": null, ""has_fan"": null, ""has_lighting"": null, ""has_motorcycle_parking"": null, ""has_roof"": null, ""has_route_information"": null, ""has_seating"": true, ""has_shelter"": null, ""has_signage"": null, ""has_staff"": null, ""has_ticket_counter"": null, ""has_trash_bin"": null, ""has_water_facility"": null, ""has_wifi"": null, ""has_zebra_crossing"": null, ""seating_capacity"": null}","{""accessibility_issues"": [], ""pedestrian_access"": ""unknown"", ""ramp_available"": null, ""sidewalk_condition"": ""unknown"", ""stairs_access"": null, ""wheelchair_access"": null}","{""cleanliness"": ""unknown"", ""lighting_condition"": ""unknown"", ""maintenance"": ""unknown"", ""signage_condition"": ""unknown"", ""structural_condition"": ""unknown"", ""vandalism"": null}","{""activity_context"": [], ""landmark_categories"": [], ""nearby_place_categories"": [], ""nearby_places"": []}",[],[],[],"[""high_passenger_activity""]","{""facilities.has_seating"": ""Secara fasilitas, halte ini berupa jalte shelter yang dilengkapi tempat duduk dan terbilang cukup bersih, lingkungan di sekitarnya pun cukup bersih."", ""usage.bus_present"": ""Terdapat beberapa buku majalah untuk dibaca dan poster rute bus yang masih terlihat jelas."", ""usage.passenger_level"": ""Ketika observasi halte dalam kondisi yang sangat ramai.""}","{""facilities.has_seating"": 0.88, ""usage.bus_present"": 0.88, ""usage.passenger_level"": 0.93}","Pagi ini, Minggu 23 Agustus 2026 sekitar pukul 08.00 WIB, saya tiba di halte KHA Dahlan Selatan. Ketika observasi halte dalam kondisi yang sangat ramai. Lokasi halte cukup strategis karena terdapat di lokasi sekitar tempat wisata di Kota Jogja, dan berlokasi di trotoar yang cukup luas dan trotoarnya sendiri sudah ramah disabilitas. Secara fasilitas, halte ini berupa jalte shelter yang dilengkapi tempat duduk dan terbilang cukup bersih, lingkungan di sekitarnya pun cukup bersih. Terdapat beberapa buku majalah untuk dibaca dan poster rute bus yang masih terlihat jelas. #BANGJO","{""extraction_model"": ""nvidia/nemotron-3.5-lightning:free"", ""extraction_provider"": ""openrouter"", ""extraction_status"": ""deterministic_only"", ""extraction_version"": ""activities-v1"", ""processed_at"": ""2026-09-10T12:35:52.050896Z"", ""prompt_version"": ""activities-prompt-v1"", ""request_id"": null, ""source_file"": ""raw/activities_raw.csv"", ""source_row"": 43}"
knowledge_436e6f2e3b2903019f33030a,survey_activity,6a8a44a50d6732db988bca0a,obs_11b0de882f6d8356435eab18,stop_27ac7a135bed17fd81b17623,Halte Pa Muhammadiyah Di Depan Panti Asuhan Yatim Putra,-7.816851923930486,110.37598444651229,True,,07:45:00,morning,,unique,"{""boarding_activity"": null, ""bus_present"": true, ""passenger_count"": null, ""passenger_level"": ""unknown"", ""traffic_activity"": ""unknown""}","{""has_bicycle_parking"": null, ""has_fan"": null, ""has_lighting"": true, ""has_motorcycle_parking"": null, ""has_roof"": null, ""has_route_information"": null, ""has_seating"": null, ""has_shelter"": null, ""has_signage"": null, ""has_staff"": null, ""has_ticket_counter"": null, ""has_trash_bin"": null, ""has_water_facility"": null, ""has_wifi"": null, ""has_zebra_crossing"": null, ""seating_capacity"": null}","{""accessibility_issues"": [], ""pedestrian_access"": ""unknown"", ""ramp_available"": null, ""sidewalk_condition"": ""unknown"", ""stairs_access"": null, ""wheelchair_access"": null}","{""cleanliness"": ""unknown"", ""lighting_condition"": ""unknown"", ""maintenance"": ""unknown"", ""signage_condition"": ""unknown"", ""structural_condition"": ""unknown"", ""vandalism"": null}","{""activity_context"": [], ""landmark_categories"": [], ""nearby_place_categories"": [], ""nearby_places"": []}",[],[],[],[],"{""facilities.has_lighting"": ""Lampu penerangan juga sudah tidak berfungsi dan hampir terlepas."", ""usage.bus_present"": ""Saat tiba, terdapat seorang ibu yang sedang menunggu bus.""}","{""facilities.has_lighting"": 0.88, ""usage.bus_present"": 0.88}","Pagi ini sekitar pukul 07.45 WIB, saya berada di Halte PA Muhammadiyah yang terletak di depan Panti Asuhan Yatim Putra Muhammadiyah Yogyakarta. Saat tiba, terdapat seorang ibu yang sedang menunggu bus. Halte berada di atas trotoar yang cukup memadai bagi pejalan kaki, tetapi tidak memiliki peneduh dan kondisinya terlihat usang serta kurang terawat. Lampu penerangan juga sudah tidak berfungsi dan hampir terlepas. Meskipun demikian, terdapat tanda pemberhentian bus sebagai penanda lokasi halte. #BANGJO","{""extraction_model"": ""nvidia/nemotron-3.5-lightning:free"", ""extraction_provider"": ""openrouter"", ""extraction_status"": ""deterministic_only"", ""extraction_version"": ""activities-v1"", ""processed_at"": ""2026-09-10T12:35:52.050896Z"", ""prompt_version"": ""activities-prompt-v1"", ""request_id"": null, ""source_file"": ""raw/activities_raw.csv"", ""source_row"": 44}"
knowledge_48f54213eca788439d51ee54,survey_activity,6a8a440052d86e03b518e7a6,obs_572f49c693d9e0a35115dfac,stop_524ff6906716c6e42c220cbb,Halte Cokroaminoto SMA 1 /rs Amc Muhammadiyah Di Depan RS Amc Muhammadiyah Dan Di Seberang SMA 1 Teladan Yogyakartw,-7.799412498656963,110.35214274909782,True,,07:45:00,morning,,unique,"{""boarding_activity"": null, ""bus_present"": true, ""passenger_count"": 6, ""passenger_level"": ""unknown"", ""traffic_activity"": ""unknown""}","{""has_bicycle_parking"": null, ""has_fan"": true, ""has_lighting"": null, ""has_motorcycle_parking"": null, ""has_roof"": null, ""has_route_information"": null, ""has_seating"": null, ""has_shelter"": null, ""has_signage"": null, ""has_staff"": null, ""has_ticket_counter"": null, ""has_trash_bin"": null, ""has_water_facility"": null, ""has_wifi"": null, ""has_zebra_crossing"": null, ""seating_capacity"": null}","{""accessibility_issues"": [], ""pedestrian_access"": ""unknown"", ""ramp_available"": null, ""sidewalk_condition"": ""unknown"", ""stairs_access"": null, ""wheelchair_access"": null}","{""cleanliness"": ""unknown"", ""lighting_condition"": ""unknown"", ""maintenance"": ""unknown"", ""signage_condition"": ""unknown"", ""structural_condition"": ""unknown"", ""vandalism"": null}","{""activity_context"": [], ""landmark_categories"": [], ""nearby_place_categories"": [], ""nearby_places"": []}",[],[],[],[],"{""facilities.has_fan"": ""Dari segi fasilitas, halte cukup luas dengan tempat duduk yang dapat menampung sekitar 6 orang, terdapat kipas angin dan kran air di samping halte."", ""usage.bus_present"": ""Halte bersih dan poster rute dan peta bus masih terjaga dengan baik."", ""usage.passenger_count"": ""Dari segi fasilitas, halte cukup luas dengan tempat duduk yang dapat menampung sekitar 6 orang, terdapat kipas angin dan kran air di samping halte.""}","{""facilities.has_fan"": 0.88, ""usage.bus_present"": 0.88, ""usage.passenger_count"": 0.96}","Pagi ini, saya tiba di Halte RS AMC Muhammadiyah, di depan RS AMC Muhammadiyah dan di seberang SMA 1 Teladan Yogyakarta pada sekitar pukul 07.45 WIB. Secara geografis, lokasi dari halte sendiri cukuo strategis karena berada sangat dekat dengan sekolah dan juga rumah sakit dan terletak pada trotoar yang cukup sempit tetapi cukup bersih. Dari segi fasilitas, halte cukup luas dengan tempat duduk yang dapat menampung sekitar 6 orang, terdapat kipas angin dan kran air di samping halte. Halte bersih dan poster rute dan peta bus masih terjaga dengan baik. #BANGJO","{""extraction_model"": ""nvidia/nemotron-3.5-lightning:free"", ""extraction_provider"": ""openrouter"", ""extraction_status"": ""deterministic_only"", ""extraction_version"": ""activities-v1"", ""processed_at"": ""2026-09-10T12:35:52.050896Z"", ""prompt_version"": ""activities-prompt-v1"", ""request_id"": null, ""source_file"": ""raw/activities_raw.csv"", ""source_row"": 45}"
knowledge_7ca7abb7e9fd3ab435f1f504,survey_activity,6a8a422c0d6732db988bc998,obs_b76ef504f52b2943adb78d19,,,-7.817037736124959,110.37602913206825,True,,07:37:00,morning,,unique,"{""boarding_activity"": null, ""bus_present"": true, ""passenger_count"": null, ""passenger_level"": ""unknown"", ""traffic_activity"": ""unknown""}","{""has_bicycle_parking"": null, ""has_fan"": null, ""has_lighting"": null, ""has_motorcycle_parking"": null, ""has_roof"": true, ""has_route_information"": null, ""has_seating"": null, ""has_shelter"": null, ""has_signage"": null, ""has_staff"": null, ""has_ticket_counter"": null, ""has_trash_bin"": null, ""has_water_facility"": null, ""has_wifi"": null, ""has_zebra_crossing"": null, ""seating_capacity"": null}","{""accessibility_issues"": [], ""pedestrian_access"": ""unknown"", ""ramp_available"": null, ""sidewalk_condition"": ""unknown"", ""stairs_access"": null, ""wheelchair_access"": null}","{""cleanliness"": ""unknown"", ""lighting_condition"": ""unknown"", ""maintenance"": ""unknown"", ""signage_condition"": ""unknown"", ""structural_condition"": ""unknown"", ""vandalism"": true}","{""activity_context"": [], ""landmark_categories"": [], ""nearby_place_categories"": [], ""nearby_places"": []}","[{""category"": ""maintenance"", ""confidence"": 0.94, ""evidence"": ""Namun, kondisi TPB kurang terawat, ditandai dengan poster informasi yang sudah usang serta banyak coretan pada fasilitas."", ""issue"": ""vandalism"", ""severity"": ""unknown""}]",[],[],"[""vandalism_risk""]","{""condition.vandalism"": ""Namun, kondisi TPB kurang terawat, ditandai dengan poster informasi yang sudah usang serta banyak coretan pada fasilitas."", ""facilities.has_roof"": ""TPB terhubung langsung dengan trotoar yang cukup memadai untuk pejalan kaki dan dilengkapi atap peneduh."", ""usage.bus_present"": ""Saat tiba, belum terdapat penumpang yang menunggu bus.""}","{""condition.vandalism"": 0.96, ""facilities.has_roof"": 0.88, ""usage.bus_present"": 0.88}","Pagi ini sekitar pukul 07.37 WIB, saya berada di TPB Rowanu di dekat Homestay Puri Kafilia. Saat tiba, belum terdapat penumpang yang menunggu bus. TPB terhubung langsung dengan trotoar yang cukup memadai untuk pejalan kaki dan dilengkapi atap peneduh. Namun, kondisi TPB kurang terawat, ditandai dengan poster informasi yang sudah usang serta banyak coretan pada fasilitas. #BANGJO","{""extraction_model"": ""nvidia/nemotron-3.5-lightning:free"", ""extraction_provider"": ""openrouter"", ""extraction_status"": ""deterministic_only"", ""extraction_version"": ""activities-v1"", ""processed_at"": ""2026-09-10T12:35:52.050896Z"", ""prompt_version"": ""activities-prompt-v1"", ""request_id"": null, ""source_file"": ""raw/activities_raw.csv"", ""source_row"": 46}"
knowledge_1b0ff798aba4f8d1c229d3fe,survey_activity,6a8a40b652d86e03b518e6d5,obs_39a1318be800c907e5b20a83,stop_31625f807dc3d41e7ef589a5,Halte Smpn11 Di Samping SMP N 11 Yogyakarta,-7.793130551220983,110.35337420876624,True,,07:30:00,morning,,unique,"{""boarding_activity"": null, ""bus_present"": null, ""passenger_count"": 1, ""passenger_level"": ""very_low"", ""traffic_activity"": ""unknown""}","{""has_bicycle_parking"": null, ""has_fan"": null, ""has_lighting"": null, ""has_motorcycle_parking"": null, ""has_roof"": null, ""has_route_information"": null, ""has_seating"": true, ""has_shelter"": null, ""has_signage"": null, ""has_staff"": null, ""has_ticket_counter"": null, ""has_trash_bin"": null, ""has_water_facility"": null, ""has_wifi"": null, ""has_zebra_crossing"": null, ""seating_capacity"": null}","{""accessibility_issues"": [], ""pedestrian_access"": ""unknown"", ""ramp_available"": null, ""sidewalk_condition"": ""unknown"", ""stairs_access"": null, ""wheelchair_access"": null}","{""cleanliness"": ""unknown"", ""lighting_condition"": ""unknown"", ""maintenance"": ""unknown"", ""signage_condition"": ""unknown"", ""structural_condition"": ""unknown"", ""vandalism"": null}","{""activity_context"": [], ""landmark_categories"": [], ""nearby_place_categories"": [], ""nearby_places"": []}",[],[],[],[],"{""facilities.has_seating"": ""Dari segi fasilitas, halte memiliki 1 tempat duduk saja dengan kapasitas sekitar 3 orang, papan informasi rute bus yang sudah cukup usang dan tersobek."", ""usage.passenger_count"": ""Saat observasi, kondisi Halte terlihat sepi dan tidak ramai, hanya terdapat 1 orang saja."", ""usage.passenger_level"": ""Saat observasi, kondisi Halte terlihat sepi dan tidak ramai, hanya terdapat 1 orang saja.""}","{""facilities.has_seating"": 0.88, ""usage.passenger_count"": 0.96, ""usage.passenger_level"": 0.92}","Pagi ini, saya tiba di Halte SMPN11, di samping SMP Negeri 11 Yogyakarta pada sekitar pukul 07.30 WIB. Akses menuju halte memiliki trotoar yang cukup sempit, dan trotoar pada bagian selatan berisi tumpukan sampah dan juga digunakan sebagai tempat jualan. Saat observasi, kondisi Halte terlihat sepi dan tidak ramai, hanya terdapat 1 orang saja. Dari segi fasilitas, halte memiliki 1 tempat duduk saja dengan kapasitas sekitar 3 orang, papan informasi rute bus yang sudah cukup usang dan tersobek. Lokasi halte dekat di jalan raya dan dekat dengan pertigaan. #BANGJO","{""extraction_model"": ""nvidia/nemotron-3.5-lightning:free"", ""extraction_provider"": ""openrouter"", ""extraction_status"": ""deterministic_only"", ""extraction_version"": ""activities-v1"", ""processed_at"": ""2026-09-10T12:35:52.050896Z"", ""prompt_version"": ""activities-prompt-v1"", ""request_id"": null, ""source_file"": ""raw/activities_raw.csv"", ""source_row"": 47}"
knowledge_8c6eaf061a6fab7c181d8edb,survey_activity,6a8a3ee252d86e03b518e62b,obs_c8208187e6ca1e7be0bfb556,stop_083cc34fa72c8d09f0139ca9,Halte Sugiono 2 Di Depan Masjid Baiturohim,-7.8151483782583995,110.37180150688636,True,,07:15:00,morning,,unique,"{""boarding_activity"": null, ""bus_present"": true, ""passenger_count"": null, ""passenger_level"": ""unknown"", ""traffic_activity"": ""unknown""}","{""has_bicycle_parking"": null, ""has_fan"": null, ""has_lighting"": null, ""has_motorcycle_parking"": null, ""has_roof"": true, ""has_route_information"": true, ""has_seating"": true, ""has_shelter"": null, ""has_signage"": null, ""has_staff"": true, ""has_ticket_counter"": null, ""has_trash_bin"": null, ""has_water_facility"": null, ""has_wifi"": null, ""has_zebra_crossing"": true, ""seating_capacity"": null}","{""accessibility_issues"": [], ""pedestrian_access"": ""unknown"", ""ramp_available"": true, ""sidewalk_condition"": ""unknown"", ""stairs_access"": null, ""wheelchair_access"": null}","{""cleanliness"": ""unknown"", ""lighting_condition"": ""unknown"", ""maintenance"": ""unknown"", ""signage_condition"": ""unknown"", ""structural_condition"": ""unknown"", ""vandalism"": null}","{""activity_context"": [], ""landmark_categories"": [], ""nearby_place_categories"": [], ""nearby_places"": []}",[],[],[],[],"{""accessibility.ramp_available"": ""Halte dilengkapi petugas, ramp kursi roda, zebra cross, atap, tempat duduk, penerangan, jalur naik-turun penumpang, kipas angin, serta kondisi yang bersih dan terawat."", ""facilities.has_roof"": ""Halte dilengkapi petugas, ramp kursi roda, zebra cross, atap, tempat duduk, penerangan, jalur naik-turun penumpang, kipas angin, serta kondisi yang bersih dan terawat."", ""facilities.has_route_information"": ""Namun, belum terdapat papan informasi rute bus."", ""facilities.has_seating"": ""Halte dilengkapi petugas, ramp kursi roda, zebra cross, atap, tempat duduk, penerangan, jalur naik-turun penumpang, kipas angin, serta kondisi yang bersih dan terawat."", ""facilities.has_staff"": ""Halte dilengkapi petugas, ramp kursi roda, zebra cross, atap, tempat duduk, penerangan, jalur naik-turun penumpang, kipas angin, serta kondisi yang bersih dan terawat."", ""facilities.has_zebra_crossing"": ""Halte dilengkapi petugas, ramp kursi roda, zebra cross, atap, tempat duduk, penerangan, jalur naik-turun penumpang, kipas angin, serta kondisi yang bersih dan terawat."", ""usage.bus_present"": ""Terdapat satu lansia yang sedang menunggu bus.""}","{""accessibility.ramp_available"": 0.88, ""facilities.has_roof"": 0.88, ""facilities.has_route_information"": 0.88, ""facilities.has_seating"": 0.88, ""facilities.has_staff"": 0.88, ""facilities.has_zebra_crossing"": 0.88, ""usage.bus_present"": 0.88}","Pagi ini sekitar pukul 07.15 WIB, saya tiba di Halte Sugiono 2 depan Masjid Baiturohim. Terdapat satu lansia yang sedang menunggu bus. Halte berupa shelter yang berada di trotoar cukup luas, tetapi akses pejalan kaki terganggu karena trotoar sedang dalam perbaikan dan terdapat beberapa warung yang menghalangi jalur. Halte dilengkapi petugas, ramp kursi roda, zebra cross, atap, tempat duduk, penerangan, jalur naik-turun penumpang, kipas angin, serta kondisi yang bersih dan terawat. Namun, belum terdapat papan informasi rute bus. Lokasi halte berada di sekitar aktivitas warga dan pertokoan. #BANGJO","{""extraction_model"": ""nvidia/nemotron-3.5-lightning:free"", ""extraction_provider"": ""openrouter"", ""extraction_status"": ""deterministic_only"", ""extraction_version"": ""activities-v1"", ""processed_at"": ""2026-09-10T12:35:52.050896Z"", ""prompt_version"": ""activities-prompt-v1"", ""request_id"": null, ""source_file"": ""raw/activities_raw.csv"", ""source_row"": 48}"
knowledge_8cd1a1dd88be77cec83388c7,survey_activity,6a8982da52d86e03b518968c,obs_645ad196714e8a24b677386c,stop_bf5acaf927b783760fca0c70,Halte Memiliki Trotoar Yang Relatif Sempit Dan Berada Di Dekat Aktivitas Masyarakat,-7.822362551391564,110.3963574035314,True,,18:00:00,evening,,unique,"{""boarding_activity"": null, ""bus_present"": true, ""passenger_count"": null, ""passenger_level"": ""very_low"", ""traffic_activity"": ""unknown""}","{""has_bicycle_parking"": null, ""has_fan"": null, ""has_lighting"": null, ""has_motorcycle_parking"": null, ""has_roof"": null, ""has_route_information"": true, ""has_seating"": null, ""has_shelter"": null, ""has_signage"": null, ""has_staff"": null, ""has_ticket_counter"": null, ""has_trash_bin"": null, ""has_water_facility"": null, ""has_wifi"": null, ""has_zebra_crossing"": null, ""seating_capacity"": null}","{""accessibility_issues"": [], ""pedestrian_access"": ""unknown"", ""ramp_available"": null, ""sidewalk_condition"": ""unknown"", ""stairs_access"": null, ""wheelchair_access"": null}","{""cleanliness"": ""unknown"", ""lighting_condition"": ""unknown"", ""maintenance"": ""unknown"", ""signage_condition"": ""unknown"", ""structural_condition"": ""unknown"", ""vandalism"": true}","{""activity_context"": [], ""landmark_categories"": [], ""nearby_place_categories"": [], ""nearby_places"": []}","[{""category"": ""maintenance"", ""confidence"": 0.94, ""evidence"": ""Dari segi fasilitas, kondisinya kurang terawat dengan banyak coretan."", ""issue"": ""vandalism"", ""severity"": ""unknown""}]",[],[],"[""vandalism_risk""]","{""condition.vandalism"": ""Dari segi fasilitas, kondisinya kurang terawat dengan banyak coretan."", ""facilities.has_route_information"": ""Terdapat papan informasi rute bus, tetapi sebagian posternya sudah mengelupas, serta tersedia pencahayaan yang cukup baik untuk mendukung keamanan pengguna pada sore hingga malam hari."", ""usage.bus_present"": ""Akses menuju halte memiliki trotoar yang relatif sempit dan berada di dekat aktivitas masyarakat, sementara jalan di depan TPB juga cukup sempit untuk dilalui bus."", ""usage.passenger_level"": ""Saat observasi, kondisi TPB terlihat sepi dan tidak terdapat penumpang yang menunggu bus.""}","{""condition.vandalism"": 0.96, ""facilities.has_route_information"": 0.88, ""usage.bus_present"": 0.88, ""usage.passenger_level"": 0.92}","Sore ini, saya dan rekan sekelompok tiba di TPB Lapangan Karang Kotagede, depan Taman Karang dan Lapangan Karang, sekitar pukul 18.00 WIB. Akses menuju halte memiliki trotoar yang relatif sempit dan berada di dekat aktivitas masyarakat, sementara jalan di depan TPB juga cukup sempit untuk dilalui bus. Saat observasi, kondisi TPB terlihat sepi dan tidak terdapat penumpang yang menunggu bus. Dari segi fasilitas, kondisinya kurang terawat dengan banyak coretan. Terdapat papan informasi rute bus, tetapi sebagian posternya sudah mengelupas, serta tersedia pencahayaan yang cukup baik untuk mendukung keamanan pengguna pada sore hingga malam hari. #BANGJO","{""extraction_model"": ""nvidia/nemotron-3.5-lightning:free"", ""extraction_provider"": ""openrouter"", ""extraction_status"": ""deterministic_only"", ""extraction_version"": ""activities-v1"", ""processed_at"": ""2026-09-10T12:35:52.050896Z"", ""prompt_version"": ""activities-prompt-v1"", ""request_id"": null, ""source_file"": ""raw/activities_raw.csv"", ""source_row"": 49}"
knowledge_07eeb572488965c71e49026c,survey_activity,6a897f8e478dc3b356b78a98,obs_f4fd2f04b60a13a87fbb155e,stop_d116d03345dd894756d9b5d6,"Halte Gedong Kuning Di Depan Kehutanan, Balai Daerah Aliran Sungai Serayu Opak Progo",-7.8196066507820206,110.40109093857126,True,,17:43:00,afternoon,,unique,"{""boarding_activity"": null, ""bus_present"": true, ""passenger_count"": null, ""passenger_level"": ""unknown"", ""traffic_activity"": ""unknown""}","{""has_bicycle_parking"": null, ""has_fan"": null, ""has_lighting"": null, ""has_motorcycle_parking"": null, ""has_roof"": null, ""has_route_information"": null, ""has_seating"": null, ""has_shelter"": true, ""has_signage"": null, ""has_staff"": true, ""has_ticket_counter"": null, ""has_trash_bin"": null, ""has_water_facility"": null, ""has_wifi"": null, ""has_zebra_crossing"": null, ""seating_capacity"": null}","{""accessibility_issues"": [], ""pedestrian_access"": ""unknown"", ""ramp_available"": null, ""sidewalk_condition"": ""unknown"", ""stairs_access"": null, ""wheelchair_access"": null}","{""cleanliness"": ""unknown"", ""lighting_condition"": ""unknown"", ""maintenance"": ""unknown"", ""signage_condition"": ""unknown"", ""structural_condition"": ""unknown"", ""vandalism"": null}","{""activity_context"": [], ""landmark_categories"": [], ""nearby_place_categories"": [], ""nearby_places"": []}",[],[],[],[],"{""facilities.has_shelter"": ""Halte berupa shelter dengan akses trotoar yang relatif sempit dan sebagian digunakan sebagai area parkir kendaraan, sehingga mengganggu kenyamanan pejalan kaki."", ""facilities.has_staff"": ""Saat observasi, terdapat sekitar enam orang yang menunggu bus dan seorang petugas yang berjaga."", ""usage.bus_present"": ""Saat observasi, terdapat sekitar enam orang yang menunggu bus dan seorang petugas yang berjaga.""}","{""facilities.has_shelter"": 0.88, ""facilities.has_staff"": 0.88, ""usage.bus_present"": 0.88}","Sore ini, saya dan rekan sekelompok berada di Halte Gedong Kuning depan kantor Kehutanan, Balai Daerah Aliran Sungai Serayu Opak Progo, sekitar pukul 17.43 WIB. Halte berupa shelter dengan akses trotoar yang relatif sempit dan sebagian digunakan sebagai area parkir kendaraan, sehingga mengganggu kenyamanan pejalan kaki. Saat observasi, terdapat sekitar enam orang yang menunggu bus dan seorang petugas yang berjaga. Fasilitas halte cukup memadai, berupa dua kursi panjang yang saling berhadapan, papan informasi, serta akses yang ramah bagi penyandang disabilitas. Kondisi shelter juga terlihat cukup terawat dan lebih luas, sehingga mendukung kenyamanan pengguna. #BANGJO","{""extraction_model"": ""nvidia/nemotron-3.5-lightning:free"", ""extraction_provider"": ""openrouter"", ""extraction_status"": ""deterministic_only"", ""extraction_version"": ""activities-v1"", ""processed_at"": ""2026-09-10T12:35:52.050896Z"", ""prompt_version"": ""activities-prompt-v1"", ""request_id"": null, ""source_file"": ""raw/activities_raw.csv"", ""source_row"": 50}"
knowledge_fd83b6ebb16d85cca633b29a,survey_activity,6a89728752d86e03b51886cf,obs_309235a22eeb87f1457d3751,stop_8876007cab20f4c2bd024851,Halte Portable Uty Di Depan Kebab Nime Didekat Pegadaian,-7.805580688202369,110.38839053282925,True,2026-08-22T16:55:00+07:00,16:55:00,afternoon,,unique,"{""boarding_activity"": null, ""bus_present"": null, ""passenger_count"": null, ""passenger_level"": ""very_low"", ""traffic_activity"": ""unknown""}","{""has_bicycle_parking"": null, ""has_fan"": null, ""has_lighting"": null, ""has_motorcycle_parking"": null, ""has_roof"": false, ""has_route_information"": null, ""has_seating"": null, ""has_shelter"": null, ""has_signage"": null, ""has_staff"": null, ""has_ticket_counter"": null, ""has_trash_bin"": null, ""has_water_facility"": null, ""has_wifi"": null, ""has_zebra_crossing"": null, ""seating_capacity"": null}","{""accessibility_issues"": [], ""pedestrian_access"": ""unknown"", ""ramp_available"": null, ""sidewalk_condition"": ""unknown"", ""stairs_access"": null, ""wheelchair_access"": null}","{""cleanliness"": ""unknown"", ""lighting_condition"": ""unknown"", ""maintenance"": ""unknown"", ""signage_condition"": ""unknown"", ""structural_condition"": ""unknown"", ""vandalism"": null}","{""activity_context"": [], ""landmark_categories"": [], ""nearby_place_categories"": [], ""nearby_places"": []}",[],[],[],[],"{""facilities.has_roof"": ""Sore ini Sabtu, 22 Agustus 2026 sekitar pukul 16.55 kami tiba di Halte UTY di dekat kampus 2 UTY Halte ini berada di trotoar, dan berupa halte kecil dengan kedua tangga di kanan kiri nya tanpa atap dan berwarna hijau kuning, terdapat rute map dan nama halte."", ""usage.passenger_level"": ""Kondisi halte sepi dan tidak terdapat penjaganya.""}","{""facilities.has_roof"": 0.92, ""usage.passenger_level"": 0.92}","Sore ini Sabtu, 22 Agustus 2026 sekitar pukul 16.55 kami tiba di Halte UTY di dekat kampus 2 UTY Halte ini berada di trotoar, dan berupa halte kecil dengan kedua tangga di kanan kiri nya tanpa atap dan berwarna hijau kuning, terdapat rute map dan nama halte. Kekurangannya halte cukup tidak terlihat karena di kanan kiri nya tertutup pohon. Kondisi halte sepi dan tidak terdapat penjaganya. #BANGJO","{""extraction_model"": ""nvidia/nemotron-3.5-lightning:free"", ""extraction_provider"": ""openrouter"", ""extraction_status"": ""deterministic_only"", ""extraction_version"": ""activities-v1"", ""processed_at"": ""2026-09-10T12:35:52.050896Z"", ""prompt_version"": ""activities-prompt-v1"", ""request_id"": null, ""source_file"": ""raw/activities_raw.csv"", ""source_row"": 51}"
knowledge_4d289f1d3859b4447b163574,survey_activity,6a89703452d86e03b51884b7,obs_8e839ce6c5e57f6bdfdb9727,stop_cd9deb1686aec656157a524b,Halte Portable Wirogunan Di Depan Kanwil Ditjenpas DIY,-7.8042105882448,110.37819613284728,True,2026-08-22T16:44:00+07:00,16:44:00,afternoon,,unique,"{""boarding_activity"": null, ""bus_present"": null, ""passenger_count"": null, ""passenger_level"": ""very_low"", ""traffic_activity"": ""unknown""}","{""has_bicycle_parking"": null, ""has_fan"": null, ""has_lighting"": null, ""has_motorcycle_parking"": null, ""has_roof"": false, ""has_route_information"": null, ""has_seating"": null, ""has_shelter"": null, ""has_signage"": null, ""has_staff"": null, ""has_ticket_counter"": null, ""has_trash_bin"": null, ""has_water_facility"": null, ""has_wifi"": null, ""has_zebra_crossing"": null, ""seating_capacity"": null}","{""accessibility_issues"": [], ""pedestrian_access"": ""unknown"", ""ramp_available"": null, ""sidewalk_condition"": ""unknown"", ""stairs_access"": null, ""wheelchair_access"": null}","{""cleanliness"": ""unknown"", ""lighting_condition"": ""unknown"", ""maintenance"": ""unknown"", ""signage_condition"": ""unknown"", ""structural_condition"": ""unknown"", ""vandalism"": true}","{""activity_context"": [], ""landmark_categories"": [], ""nearby_place_categories"": [], ""nearby_places"": []}","[{""category"": ""maintenance"", ""confidence"": 0.94, ""evidence"": ""Halte ini berada di trotoar, dan berupa halte kecil dengan kedua tangga di kanan kiri nya tanpa atap dan berwarna hijau kuning, terdapat rute map dan nama halte namun terdapat coretan vandalisme sehingga menghalangi pembaca untuk melihat rute map nya."", ""issue"": ""vandalism"", ""severity"": ""unknown""}]",[],[],"[""vandalism_risk""]","{""condition.vandalism"": ""Halte ini berada di trotoar, dan berupa halte kecil dengan kedua tangga di kanan kiri nya tanpa atap dan berwarna hijau kuning, terdapat rute map dan nama halte namun terdapat coretan vandalisme sehingga menghalangi pembaca untuk melihat rute map nya."", ""facilities.has_roof"": ""Halte ini berada di trotoar, dan berupa halte kecil dengan kedua tangga di kanan kiri nya tanpa atap dan berwarna hijau kuning, terdapat rute map dan nama halte namun terdapat coretan vandalisme sehingga menghalangi pembaca untuk melihat rute map nya."", ""usage.passenger_level"": ""Kondisi halte sepi dan tidak terdapat penjaganya.""}","{""condition.vandalism"": 0.96, ""facilities.has_roof"": 0.92, ""usage.passenger_level"": 0.92}","Sore ini Sabtu, 22 Agustus 2026 sekitar pukul 16.44 kami tiba di Halte Portable Wirogunan di Seberang KANWIL DITJENPAS DIY. Halte ini berada di trotoar, dan berupa halte kecil dengan kedua tangga di kanan kiri nya tanpa atap dan berwarna hijau kuning, terdapat rute map dan nama halte namun terdapat coretan vandalisme sehingga menghalangi pembaca untuk melihat rute map nya. Kondisi halte sepi dan tidak terdapat penjaganya. #BANGJO","{""extraction_model"": ""nvidia/nemotron-3.5-lightning:free"", ""extraction_provider"": ""openrouter"", ""extraction_status"": ""deterministic_only"", ""extraction_version"": ""activities-v1"", ""processed_at"": ""2026-09-10T12:35:52.050896Z"", ""prompt_version"": ""activities-prompt-v1"", ""request_id"": null, ""source_file"": ""raw/activities_raw.csv"", ""source_row"": 52}"
knowledge_d151a51299459bfbf0722704,survey_activity,6a896eba52d86e03b518836f,obs_27a476304997d57338342ce3,stop_ac2e7f80526cec8eb0ff4278,Halte Portable Taman Siswa Didepan Masjid Al Jihad,-7.810990188255346,110.37695653279923,True,2026-08-22T16:38:00+07:00,16:38:00,afternoon,,unique,"{""boarding_activity"": null, ""bus_present"": null, ""passenger_count"": null, ""passenger_level"": ""very_low"", ""traffic_activity"": ""unknown""}","{""has_bicycle_parking"": null, ""has_fan"": null, ""has_lighting"": null, ""has_motorcycle_parking"": null, ""has_roof"": false, ""has_route_information"": null, ""has_seating"": false, ""has_shelter"": null, ""has_signage"": null, ""has_staff"": null, ""has_ticket_counter"": null, ""has_trash_bin"": null, ""has_water_facility"": null, ""has_wifi"": null, ""has_zebra_crossing"": null, ""seating_capacity"": null}","{""accessibility_issues"": [], ""pedestrian_access"": ""unknown"", ""ramp_available"": null, ""sidewalk_condition"": ""unknown"", ""stairs_access"": null, ""wheelchair_access"": null}","{""cleanliness"": ""unknown"", ""lighting_condition"": ""unknown"", ""maintenance"": ""unknown"", ""signage_condition"": ""unknown"", ""structural_condition"": ""unknown"", ""vandalism"": null}","{""activity_context"": [], ""landmark_categories"": [], ""nearby_place_categories"": [], ""nearby_places"": []}",[],[],[],"[""insufficient_seating""]","{""facilities.has_roof"": ""Halte ini berada di trotoar, dan berupa halte kecil dengan kedua tangga di kanan kiri nya tanpa atap dan berwarna hijau kuning."", ""facilities.has_seating"": ""Kekurangannya halte tidak terlihat dan berada di trotoar yang menghalangi jalur pejalan kaki dengan bagian belakang halte digunakan untuk jualan serta tidak ada bangku duduk."", ""usage.passenger_level"": ""Kondisi halte sepi dan tidak terdapat penjaganya.""}","{""facilities.has_roof"": 0.92, ""facilities.has_seating"": 0.92, ""usage.passenger_level"": 0.92}","Sore ini Sabtu, 22 Agustus 2026 sekitar pukul 16.38 kami tiba di Halte Portable Tamansiswa di Jalan Tamansiswa di Depan Masjid Al-Jihad. Halte ini berada di trotoar, dan berupa halte kecil dengan kedua tangga di kanan kiri nya tanpa atap dan berwarna hijau kuning. Kekurangannya halte tidak terlihat dan berada di trotoar yang menghalangi jalur pejalan kaki dengan bagian belakang halte digunakan untuk jualan serta tidak ada bangku duduk. Kondisi halte sepi dan tidak terdapat penjaganya. #BANGJO","{""extraction_model"": ""nvidia/nemotron-3.5-lightning:free"", ""extraction_provider"": ""openrouter"", ""extraction_status"": ""deterministic_only"", ""extraction_version"": ""activities-v1"", ""processed_at"": ""2026-09-10T12:35:52.050896Z"", ""prompt_version"": ""activities-prompt-v1"", ""request_id"": null, ""source_file"": ""raw/activities_raw.csv"", ""source_row"": 53}"
knowledge_f0ddff599942d6fd99f0e789,survey_activity,6a896d7e52d86e03b51882a7,obs_df6823e4b055785f4d472f5d,stop_62f11f32a7c3a2aae7700dd3,Halte Taman Siswa Di Dekat Lintau Fotocopy Dan Print,-7.81366088821872,110.37650003279202,True,2026-08-22T16:32:00+07:00,16:32:00,afternoon,,unique,"{""boarding_activity"": null, ""bus_present"": null, ""passenger_count"": null, ""passenger_level"": ""very_low"", ""traffic_activity"": ""unknown""}","{""has_bicycle_parking"": null, ""has_fan"": null, ""has_lighting"": null, ""has_motorcycle_parking"": null, ""has_roof"": null, ""has_route_information"": null, ""has_seating"": true, ""has_shelter"": null, ""has_signage"": null, ""has_staff"": null, ""has_ticket_counter"": null, ""has_trash_bin"": null, ""has_water_facility"": null, ""has_wifi"": null, ""has_zebra_crossing"": null, ""seating_capacity"": null}","{""accessibility_issues"": [], ""pedestrian_access"": ""unknown"", ""ramp_available"": null, ""sidewalk_condition"": ""unknown"", ""stairs_access"": null, ""wheelchair_access"": null}","{""cleanliness"": ""unknown"", ""lighting_condition"": ""unknown"", ""maintenance"": ""unknown"", ""signage_condition"": ""unknown"", ""structural_condition"": ""unknown"", ""vandalism"": true}","{""activity_context"": [], ""landmark_categories"": [], ""nearby_place_categories"": [], ""nearby_places"": []}","[{""category"": ""maintenance"", ""confidence"": 0.94, ""evidence"": ""Namun terdapat vandalisme dan terlihat sedikit kotor serta pijakan didalam halte sudah goyang dan tangga disabilitas nya keropos."", ""issue"": ""vandalism"", ""severity"": ""unknown""}]",[],[],"[""vandalism_risk""]","{""condition.vandalism"": ""Namun terdapat vandalisme dan terlihat sedikit kotor serta pijakan didalam halte sudah goyang dan tangga disabilitas nya keropos."", ""facilities.has_seating"": ""Halte ini berada di trotoar, dan terdapat fasilitas seperti 1 bangku tempat duduk, pegangan tangga, map bus, dan tangga ramah disabilitas."", ""usage.passenger_level"": ""Kondisi halte sepi dan tidak terdapat penjaganya.""}","{""condition.vandalism"": 0.96, ""facilities.has_seating"": 0.88, ""usage.passenger_level"": 0.92}","Sore ini Sabtu, 22 Agustus 2026 sekitar pukul 16.32 kami tiba di Halte Taman Siswa di Jalan Tamansiswa. Halte ini berada di trotoar, dan terdapat fasilitas seperti 1 bangku tempat duduk, pegangan tangga, map bus, dan tangga ramah disabilitas. Namun terdapat vandalisme dan terlihat sedikit kotor serta pijakan didalam halte sudah goyang dan tangga disabilitas nya keropos. Kondisi halte sepi dan tidak terdapat penjaganya. #BANGJO","{""extraction_model"": ""nvidia/nemotron-3.5-lightning:free"", ""extraction_provider"": ""openrouter"", ""extraction_status"": ""deterministic_only"", ""extraction_version"": ""activities-v1"", ""processed_at"": ""2026-09-10T12:35:52.050896Z"", ""prompt_version"": ""activities-prompt-v1"", ""request_id"": null, ""source_file"": ""raw/activities_raw.csv"", ""source_row"": 54}"
knowledge_460ff80ad8c74841b64769f6,survey_activity,6a896bc152d86e03b5188055,obs_92757bdadf23b937d210bdd2,stop_19427cf35ea41bc6d2bca264,Halte Kolonel Sugiono Atau Museum Perjuangan Di Samping Masjid Baiturrahim,-7.815159263363967,110.37179794873919,True,2026-08-22T16:24:00+07:00,16:24:00,afternoon,,unique,"{""boarding_activity"": null, ""bus_present"": null, ""passenger_count"": null, ""passenger_level"": ""very_low"", ""traffic_activity"": ""unknown""}","{""has_bicycle_parking"": true, ""has_fan"": null, ""has_lighting"": null, ""has_motorcycle_parking"": null, ""has_roof"": null, ""has_route_information"": null, ""has_seating"": true, ""has_shelter"": null, ""has_signage"": null, ""has_staff"": true, ""has_ticket_counter"": null, ""has_trash_bin"": null, ""has_water_facility"": null, ""has_wifi"": null, ""has_zebra_crossing"": null, ""seating_capacity"": null}","{""accessibility_issues"": [], ""pedestrian_access"": ""unknown"", ""ramp_available"": null, ""sidewalk_condition"": ""unknown"", ""stairs_access"": null, ""wheelchair_access"": null}","{""cleanliness"": ""unknown"", ""lighting_condition"": ""unknown"", ""maintenance"": ""unknown"", ""signage_condition"": ""unknown"", ""structural_condition"": ""unknown"", ""vandalism"": null}","{""activity_context"": [], ""landmark_categories"": [], ""nearby_place_categories"": [], ""nearby_places"": []}",[],[],[],[],"{""facilities.has_bicycle_parking"": ""Kekurangannya di parkir sepeda motor yang tidak ada sehingga sistem pengantarannya drop off, tidak ada nama halte di depan halte sehingga sulit diidentifikasi."", ""facilities.has_seating"": ""Halte ini berada di trotar dekat dengan masjid Baiturrahman, terdapat berbagai fasilitas seperti bangku tempat duduk, pegangan tangga, map bus, dan tangga ramah disabilitas."", ""facilities.has_staff"": ""Kondisi saat kunjungan sepi, terdapat 2 petugas jaga."", ""usage.passenger_level"": ""Kondisi saat kunjungan sepi, terdapat 2 petugas jaga.""}","{""facilities.has_bicycle_parking"": 0.88, ""facilities.has_seating"": 0.88, ""facilities.has_staff"": 0.88, ""usage.passenger_level"": 0.92}","Sore ini Sabtu, 22 Agustus 2026 sekitar pukul 16.24 kami tiba di Halte Museum Perjuangan di Jalan Kolonel Sugiyono. Halte ini berada di trotar dekat dengan masjid Baiturrahman, terdapat berbagai fasilitas seperti bangku tempat duduk, pegangan tangga, map bus, dan tangga ramah disabilitas. Kondisi saat kunjungan sepi, terdapat 2 petugas jaga. Kondisi halte terawat dengan tutupan kaca di sekitarnya. Kekurangannya di parkir sepeda motor yang tidak ada sehingga sistem pengantarannya drop off, tidak ada nama halte di depan halte sehingga sulit diidentifikasi. Dan didekat halte ada lubang besar karena renovasi. #BANGJO","{""extraction_model"": ""nvidia/nemotron-3.5-lightning:free"", ""extraction_provider"": ""openrouter"", ""extraction_status"": ""deterministic_only"", ""extraction_version"": ""activities-v1"", ""processed_at"": ""2026-09-10T12:35:52.050896Z"", ""prompt_version"": ""activities-prompt-v1"", ""request_id"": null, ""source_file"": ""raw/activities_raw.csv"", ""source_row"": 55}"
knowledge_7a68a01a7be1ae1743678b92,survey_activity,6a8969ed478dc3b356b7736b,obs_1c08311ff7bae4280e448872,stop_de4b0744a9381e31619e20e6,Halte Ngabean (dana Keistemewaan) Di Jalan Kolonel Sugiyono Di Samping Gang Kampung Pujokusuman,-7.814858788261631,110.37014513285715,True,2026-08-22T16:13:00+07:00,16:13:00,afternoon,,unique,"{""boarding_activity"": null, ""bus_present"": null, ""passenger_count"": null, ""passenger_level"": ""very_low"", ""traffic_activity"": ""unknown""}","{""has_bicycle_parking"": true, ""has_fan"": null, ""has_lighting"": null, ""has_motorcycle_parking"": null, ""has_roof"": null, ""has_route_information"": null, ""has_seating"": true, ""has_shelter"": null, ""has_signage"": null, ""has_staff"": true, ""has_ticket_counter"": null, ""has_trash_bin"": null, ""has_water_facility"": null, ""has_wifi"": null, ""has_zebra_crossing"": null, ""seating_capacity"": null}","{""accessibility_issues"": [], ""pedestrian_access"": ""unknown"", ""ramp_available"": null, ""sidewalk_condition"": ""unknown"", ""stairs_access"": null, ""wheelchair_access"": null}","{""cleanliness"": ""unknown"", ""lighting_condition"": ""unknown"", ""maintenance"": ""unknown"", ""signage_condition"": ""unknown"", ""structural_condition"": ""unknown"", ""vandalism"": null}","{""activity_context"": [], ""landmark_categories"": [], ""nearby_place_categories"": [], ""nearby_places"": []}",[],[],[],[],"{""facilities.has_bicycle_parking"": ""Kekurangannya di parkir sepeda motor yang tidak ada sehingga sistem pengantarannya drop off, tidak ada nama halte di depan halte sehingga sulit diidentifikasi dan kursi tunggu penumpang yang hanya 1."", ""facilities.has_seating"": ""Halte ini berada di trotar terdapat berbagai fasilitas seperti bangku tempat duduk, pegangan tangga, map bus, dan tangga ramah disabilitas."", ""facilities.has_staff"": ""Kondisi saat kunjungan sepi, terdapat petugas jaga."", ""usage.passenger_level"": ""Kondisi saat kunjungan sepi, terdapat petugas jaga.""}","{""facilities.has_bicycle_parking"": 0.88, ""facilities.has_seating"": 0.88, ""facilities.has_staff"": 0.88, ""usage.passenger_level"": 0.92}","Sore ini Sabtu, 22 Agustus 2026 sekitar pukul 16.13 kami tiba di Halte Ngabean (Dana Keistemewaan)di Jalan Kolonel Sugiyono . Halte ini berada di trotar terdapat berbagai fasilitas seperti bangku tempat duduk, pegangan tangga, map bus, dan tangga ramah disabilitas. Kondisi saat kunjungan sepi, terdapat petugas jaga. Kondisi halte sangat terawat dengan tutupan kaca di sekitarnya dan bersih. Kekurangannya di parkir sepeda motor yang tidak ada sehingga sistem pengantarannya drop off, tidak ada nama halte di depan halte sehingga sulit diidentifikasi dan kursi tunggu penumpang yang hanya 1. #BANGJO","{""extraction_model"": ""nvidia/nemotron-3.5-lightning:free"", ""extraction_provider"": ""openrouter"", ""extraction_status"": ""deterministic_only"", ""extraction_version"": ""activities-v1"", ""processed_at"": ""2026-09-10T12:35:52.050896Z"", ""prompt_version"": ""activities-prompt-v1"", ""request_id"": null, ""source_file"": ""raw/activities_raw.csv"", ""source_row"": 56}"
knowledge_a92f522ace377c6f2df07b62,survey_activity,6a89670c52d86e03b5187893,obs_c88f833aa07cca2f133b8167,stop_b581218d57c91d41d3960b6f,Halte Purawisata / Katamso 1 Di Jalan Brigjen Katamso Di Depan Dapur Roa,-7.808853288242901,110.36914233284205,True,2026-08-22T16:02:00+07:00,16:02:00,afternoon,,unique,"{""boarding_activity"": null, ""bus_present"": null, ""passenger_count"": null, ""passenger_level"": ""very_low"", ""traffic_activity"": ""unknown""}","{""has_bicycle_parking"": null, ""has_fan"": null, ""has_lighting"": null, ""has_motorcycle_parking"": null, ""has_roof"": true, ""has_route_information"": null, ""has_seating"": true, ""has_shelter"": null, ""has_signage"": null, ""has_staff"": null, ""has_ticket_counter"": null, ""has_trash_bin"": null, ""has_water_facility"": null, ""has_wifi"": null, ""has_zebra_crossing"": null, ""seating_capacity"": null}","{""accessibility_issues"": [], ""pedestrian_access"": ""unknown"", ""ramp_available"": null, ""sidewalk_condition"": ""unknown"", ""stairs_access"": null, ""wheelchair_access"": null}","{""cleanliness"": ""unknown"", ""lighting_condition"": ""unknown"", ""maintenance"": ""unknown"", ""signage_condition"": ""unknown"", ""structural_condition"": ""unknown"", ""vandalism"": true}","{""activity_context"": [], ""landmark_categories"": [], ""nearby_place_categories"": [], ""nearby_places"": []}","[{""category"": ""maintenance"", ""confidence"": 0.94, ""evidence"": ""Kondisi halte sepi dan terdapat beberapa kerusakan pada atap halte, tidak terawat, terdapat vandalisme serta tidak terdapat tulisan nama halte sehingga menyulitkan penumpang untuk mengidentifikasi halte tersebut."", ""issue"": ""vandalism"", ""severity"": ""unknown""}]",[],[],"[""vandalism_risk""]","{""condition.vandalism"": ""Kondisi halte sepi dan terdapat beberapa kerusakan pada atap halte, tidak terawat, terdapat vandalisme serta tidak terdapat tulisan nama halte sehingga menyulitkan penumpang untuk mengidentifikasi halte tersebut."", ""facilities.has_roof"": ""Kondisi halte sepi dan terdapat beberapa kerusakan pada atap halte, tidak terawat, terdapat vandalisme serta tidak terdapat tulisan nama halte sehingga menyulitkan penumpang untuk mengidentifikasi halte tersebut."", ""facilities.has_seating"": ""Halte ini berada di trotar, dan terdapat fasilitas seperti bangku tempat duduk, pegangan tangga, map bus, dan tangga ramah disabilitas."", ""usage.passenger_level"": ""Kondisi halte sepi dan terdapat beberapa kerusakan pada atap halte, tidak terawat, terdapat vandalisme serta tidak terdapat tulisan nama halte sehingga menyulitkan penumpang untuk mengidentifikasi halte tersebut.""}","{""condition.vandalism"": 0.96, ""facilities.has_roof"": 0.88, ""facilities.has_seating"": 0.88, ""usage.passenger_level"": 0.92}","Sore ini Sabtu, 22 Agustus 2026 sekitar pukul 16.02 kami tiba di Halte Purawisata di Jalan Brigjen Katamso. Halte ini berada di trotar, dan terdapat fasilitas seperti bangku tempat duduk, pegangan tangga, map bus, dan tangga ramah disabilitas. Kondisi halte sepi dan terdapat beberapa kerusakan pada atap halte, tidak terawat, terdapat vandalisme serta tidak terdapat tulisan nama halte sehingga menyulitkan penumpang untuk mengidentifikasi halte tersebut. Tidak terdapat penjaganya. Sekitar halte juga tergolong berserakan. #BANGJO","{""extraction_model"": ""nvidia/nemotron-3.5-lightning:free"", ""extraction_provider"": ""openrouter"", ""extraction_status"": ""deterministic_only"", ""extraction_version"": ""activities-v1"", ""processed_at"": ""2026-09-10T12:35:52.050896Z"", ""prompt_version"": ""activities-prompt-v1"", ""request_id"": null, ""source_file"": ""raw/activities_raw.csv"", ""source_row"": 57}"
knowledge_e1e44984bf9f3490cdeb5a4d,survey_activity,6a896334478dc3b356b76b35,obs_5d091c3dce07a66236602015,stop_006f5e7aa41840f7c8e59d91,Halte Jokten Kulon - SMAN 7 Di Depan Adhi Surya Motor,-7.813493488238947,110.35816123284474,True,2026-08-22T15:47:00+07:00,15:47:00,afternoon,dup_27e60c5d9e96ed6763eded31,content_duplicate,"{""boarding_activity"": null, ""bus_present"": null, ""passenger_count"": null, ""passenger_level"": ""very_low"", ""traffic_activity"": ""unknown""}","{""has_bicycle_parking"": null, ""has_fan"": null, ""has_lighting"": null, ""has_motorcycle_parking"": null, ""has_roof"": null, ""has_route_information"": null, ""has_seating"": true, ""has_shelter"": null, ""has_signage"": null, ""has_staff"": null, ""has_ticket_counter"": null, ""has_trash_bin"": null, ""has_water_facility"": null, ""has_wifi"": null, ""has_zebra_crossing"": null, ""seating_capacity"": null}","{""accessibility_issues"": [], ""pedestrian_access"": ""unknown"", ""ramp_available"": null, ""sidewalk_condition"": ""unknown"", ""stairs_access"": null, ""wheelchair_access"": null}","{""cleanliness"": ""unknown"", ""lighting_condition"": ""unknown"", ""maintenance"": ""unknown"", ""signage_condition"": ""unknown"", ""structural_condition"": ""unknown"", ""vandalism"": true}","{""activity_context"": [], ""landmark_categories"": [], ""nearby_place_categories"": [], ""nearby_places"": []}","[{""category"": ""maintenance"", ""confidence"": 0.94, ""evidence"": ""Namun kondisi halte tidak terawat, terdapat vandalisme dan terlihat kotor, jalan masuk yang terdapat tangga juga dihalangi cone dan palang besi sehingga menganggu mobilitas penumpang serta tidak terdapat tulisan nama halte sehingga menyulitkan penumpang untuk mengidentifikasi hal"", ""issue"": ""vandalism"", ""severity"": ""unknown""}]",[],[],"[""vandalism_risk""]","{""condition.vandalism"": ""Namun kondisi halte tidak terawat, terdapat vandalisme dan terlihat kotor, jalan masuk yang terdapat tangga juga dihalangi cone dan palang besi sehingga menganggu mobilitas penumpang serta tidak terdapat tulisan nama halte sehingga menyulitkan penumpang untuk mengidentifikasi hal"", ""facilities.has_seating"": ""Halte ini berada di trotar, dan terdapat fasilitas seperti bangku tempat duduk, pegangan tangga, map bus, dan tangga ramah disabilitas."", ""usage.passenger_level"": ""Kondisi sepi dan tidak terdapat penjaganya.""}","{""condition.vandalism"": 0.96, ""facilities.has_seating"": 0.88, ""usage.passenger_level"": 0.92}","Siang ini Sabtu, 22 Agustus 2026 sekitar pukul 15.47 kami tiba di Halte Jokteng kulon SMAN 7 di Jalan M.T Haryono di seberang Adhi Surya Motor. Halte ini berada di trotar, dan terdapat fasilitas seperti bangku tempat duduk, pegangan tangga, map bus, dan tangga ramah disabilitas. Namun kondisi halte tidak terawat, terdapat vandalisme dan terlihat kotor, jalan masuk yang terdapat tangga juga dihalangi cone dan palang besi sehingga menganggu mobilitas penumpang serta tidak terdapat tulisan nama halte sehingga menyulitkan penumpang untuk mengidentifikasi halte tersebut. Kondisi sepi dan tidak terdapat penjaganya. #BANGJO","{""extraction_model"": ""nvidia/nemotron-3.5-lightning:free"", ""extraction_provider"": ""openrouter"", ""extraction_status"": ""deterministic_only"", ""extraction_version"": ""activities-v1"", ""processed_at"": ""2026-09-10T12:35:52.050896Z"", ""prompt_version"": ""activities-prompt-v1"", ""request_id"": null, ""source_file"": ""raw/activities_raw.csv"", ""source_row"": 58}"
knowledge_9d11833237ce84e3db5bbe74,survey_activity,6a89632b478dc3b356b76b29,obs_7a99444167d7e0da57328a49,stop_006f5e7aa41840f7c8e59d91,Halte Jokten Kulon - SMAN 7 Di Depan Adhi Surya Motor,-7.813493488238947,110.35816123284474,True,2026-08-22T15:47:00+07:00,15:47:00,afternoon,dup_27e60c5d9e96ed6763eded31,content_duplicate,"{""boarding_activity"": null, ""bus_present"": null, ""passenger_count"": null, ""passenger_level"": ""very_low"", ""traffic_activity"": ""unknown""}","{""has_bicycle_parking"": null, ""has_fan"": null, ""has_lighting"": null, ""has_motorcycle_parking"": null, ""has_roof"": null, ""has_route_information"": null, ""has_seating"": true, ""has_shelter"": null, ""has_signage"": null, ""has_staff"": null, ""has_ticket_counter"": null, ""has_trash_bin"": null, ""has_water_facility"": null, ""has_wifi"": null, ""has_zebra_crossing"": null, ""seating_capacity"": null}","{""accessibility_issues"": [], ""pedestrian_access"": ""unknown"", ""ramp_available"": null, ""sidewalk_condition"": ""unknown"", ""stairs_access"": null, ""wheelchair_access"": null}","{""cleanliness"": ""unknown"", ""lighting_condition"": ""unknown"", ""maintenance"": ""unknown"", ""signage_condition"": ""unknown"", ""structural_condition"": ""unknown"", ""vandalism"": true}","{""activity_context"": [], ""landmark_categories"": [], ""nearby_place_categories"": [], ""nearby_places"": []}","[{""category"": ""maintenance"", ""confidence"": 0.94, ""evidence"": ""Namun kondisi halte tidak terawat, terdapat vandalisme dan terlihat kotor, jalan masuk yang terdapat tangga juga dihalangi cone dan palang besi sehingga menganggu mobilitas penumpang serta tidak terdapat tulisan nama halte sehingga menyulitkan penumpang untuk mengidentifikasi hal"", ""issue"": ""vandalism"", ""severity"": ""unknown""}]",[],[],"[""vandalism_risk""]","{""condition.vandalism"": ""Namun kondisi halte tidak terawat, terdapat vandalisme dan terlihat kotor, jalan masuk yang terdapat tangga juga dihalangi cone dan palang besi sehingga menganggu mobilitas penumpang serta tidak terdapat tulisan nama halte sehingga menyulitkan penumpang untuk mengidentifikasi hal"", ""facilities.has_seating"": ""Halte ini berada di trotar, dan terdapat fasilitas seperti bangku tempat duduk, pegangan tangga, map bus, dan tangga ramah disabilitas."", ""usage.passenger_level"": ""Kondisi sepi dan tidak terdapat penjaganya.""}","{""condition.vandalism"": 0.96, ""facilities.has_seating"": 0.88, ""usage.passenger_level"": 0.92}","Siang ini Sabtu, 22 Agustus 2026 sekitar pukul 15.47 kami tiba di Halte Jokteng kulon SMAN 7 di Jalan M.T Haryono di seberang Adhi Surya Motor. Halte ini berada di trotar, dan terdapat fasilitas seperti bangku tempat duduk, pegangan tangga, map bus, dan tangga ramah disabilitas. Namun kondisi halte tidak terawat, terdapat vandalisme dan terlihat kotor, jalan masuk yang terdapat tangga juga dihalangi cone dan palang besi sehingga menganggu mobilitas penumpang serta tidak terdapat tulisan nama halte sehingga menyulitkan penumpang untuk mengidentifikasi halte tersebut. Kondisi sepi dan tidak terdapat penjaganya. #BANGJO","{""extraction_model"": ""nvidia/nemotron-3.5-lightning:free"", ""extraction_provider"": ""openrouter"", ""extraction_status"": ""deterministic_only"", ""extraction_version"": ""activities-v1"", ""processed_at"": ""2026-09-10T12:35:52.050896Z"", ""prompt_version"": ""activities-prompt-v1"", ""request_id"": null, ""source_file"": ""raw/activities_raw.csv"", ""source_row"": 59}"
knowledge_6aac02554327a07bef7cd50b,survey_activity,6a896185478dc3b356b76883,obs_3c3cb8339607fc58b57ddf40,stop_a3a14ef9695cdd564024a03a,Halte Jokteng Kulon Di Depan Medi Farma,-7.813175088223986,110.35738613287197,True,2026-08-22T15:37:00+07:00,15:37:00,afternoon,,unique,"{""boarding_activity"": null, ""bus_present"": null, ""passenger_count"": null, ""passenger_level"": ""very_low"", ""traffic_activity"": ""unknown""}","{""has_bicycle_parking"": true, ""has_fan"": null, ""has_lighting"": null, ""has_motorcycle_parking"": null, ""has_roof"": null, ""has_route_information"": null, ""has_seating"": true, ""has_shelter"": null, ""has_signage"": null, ""has_staff"": null, ""has_ticket_counter"": null, ""has_trash_bin"": null, ""has_water_facility"": null, ""has_wifi"": null, ""has_zebra_crossing"": null, ""seating_capacity"": null}","{""accessibility_issues"": [], ""pedestrian_access"": ""unknown"", ""ramp_available"": null, ""sidewalk_condition"": ""unknown"", ""stairs_access"": null, ""wheelchair_access"": null}","{""cleanliness"": ""unknown"", ""lighting_condition"": ""unknown"", ""maintenance"": ""unknown"", ""signage_condition"": ""unknown"", ""structural_condition"": ""unknown"", ""vandalism"": null}","{""activity_context"": [], ""landmark_categories"": [], ""nearby_place_categories"": [], ""nearby_places"": []}",[],[],[],[],"{""facilities.has_bicycle_parking"": ""Minusnya di parkir sepeda motor yang tidak ada sehingga sistem pengantarannya drop off dan tulisan halte yang sudah tidak terawat sehingga kurang terlihat."", ""facilities.has_seating"": ""Halte ini berada di trotar, dan terdapat berbagai fasilitas seperti bangku tempat duduk, pegangan tangga, map bus, dan tangga ramah disabilitas."", ""usage.passenger_level"": ""Kondisi sepi dan tidak terdapat penjaganya.""}","{""facilities.has_bicycle_parking"": 0.88, ""facilities.has_seating"": 0.88, ""usage.passenger_level"": 0.92}","Siang ini Sabtu, 22 Agustus 2026 sekitar pukul 15.37 kami tiba di Halte Jokteng kulon di Jalan M.T Haryono di seberang Medi Farma. Halte ini berada di trotar, dan terdapat berbagai fasilitas seperti bangku tempat duduk, pegangan tangga, map bus, dan tangga ramah disabilitas. Kondisi sepi dan tidak terdapat penjaganya. Minusnya di parkir sepeda motor yang tidak ada sehingga sistem pengantarannya drop off dan tulisan halte yang sudah tidak terawat sehingga kurang terlihat. Ada tangga yang terhalang dengan besi. #BANGJO","{""extraction_model"": ""nvidia/nemotron-3.5-lightning:free"", ""extraction_provider"": ""openrouter"", ""extraction_status"": ""deterministic_only"", ""extraction_version"": ""activities-v1"", ""processed_at"": ""2026-09-10T12:35:52.050896Z"", ""prompt_version"": ""activities-prompt-v1"", ""request_id"": null, ""source_file"": ""raw/activities_raw.csv"", ""source_row"": 60}"
knowledge_125cf3082d0bd52c6866aa9a,survey_activity,6a895d7c478dc3b356b762d8,obs_f48211af34d6055ff27aec3a,stop_c9b5504fc972586d7a2fb8ec,Halte Terminal Ngabean Di Depan Area Parkir Ngabean,-7.8037059,110.35635890000003,True,2026-08-22T15:20:00+07:00,15:20:00,afternoon,,unique,"{""boarding_activity"": null, ""bus_present"": null, ""passenger_count"": null, ""passenger_level"": ""high"", ""traffic_activity"": ""unknown""}","{""has_bicycle_parking"": null, ""has_fan"": null, ""has_lighting"": null, ""has_motorcycle_parking"": null, ""has_roof"": null, ""has_route_information"": null, ""has_seating"": true, ""has_shelter"": null, ""has_signage"": null, ""has_staff"": false, ""has_ticket_counter"": null, ""has_trash_bin"": null, ""has_water_facility"": null, ""has_wifi"": null, ""has_zebra_crossing"": true, ""seating_capacity"": null}","{""accessibility_issues"": [], ""pedestrian_access"": ""unknown"", ""ramp_available"": null, ""sidewalk_condition"": ""unknown"", ""stairs_access"": null, ""wheelchair_access"": null}","{""cleanliness"": ""unknown"", ""lighting_condition"": ""unknown"", ""maintenance"": ""unknown"", ""signage_condition"": ""unknown"", ""structural_condition"": ""unknown"", ""vandalism"": null}","{""activity_context"": [], ""landmark_categories"": [], ""nearby_place_categories"": [], ""nearby_places"": []}",[],[],[],"[""high_passenger_activity""]","{""facilities.has_seating"": ""Kurang bangku duduk, walau bersebelahan dengan Halte Ngabean yang memiliki bangku duduk, halte ini seharusnya diberi juga supaya para penumpang di halte ini bisa menunggu dengan nyaman."", ""facilities.has_staff"": ""Tidak ada petugas."", ""facilities.has_zebra_crossing"": ""Fasilitas tidak ada,hanya saja lokasi halte yang tepat didepan zebra cross lumayan menguntungkan."", ""usage.passenger_level"": ""Kondisi halte ramai.""}","{""facilities.has_seating"": 0.88, ""facilities.has_staff"": 0.92, ""facilities.has_zebra_crossing"": 0.88, ""usage.passenger_level"": 0.88}","Sore ini Sabtu, 22 Agustus 2026 sekitar pukul 15.20 kami tiba di Halte Terminal Ngabeyan di depan area parkir Ngabeyan. Halte ini terletak di depan area parkir ngabeyan. Halte ini sebatas terminal tangga, untuk bus Transjogja. Kondisi halte ramai. Tidak ada petugas. Fasilitas tidak ada,hanya saja lokasi halte yang tepat didepan zebra cross lumayan menguntungkan. Kurang bangku duduk, walau bersebelahan dengan Halte Ngabean yang memiliki bangku duduk, halte ini seharusnya diberi juga supaya para penumpang di halte ini bisa menunggu dengan nyaman. #BANGJO","{""extraction_model"": ""nvidia/nemotron-3.5-lightning:free"", ""extraction_provider"": ""openrouter"", ""extraction_status"": ""deterministic_only"", ""extraction_version"": ""activities-v1"", ""processed_at"": ""2026-09-10T12:35:52.050896Z"", ""prompt_version"": ""activities-prompt-v1"", ""request_id"": null, ""source_file"": ""raw/activities_raw.csv"", ""source_row"": 61}"
knowledge_9f2bf9c98701d1d1e4493bd2,survey_activity,6a895cbf478dc3b356b7613c,obs_1c0c15777f4772f3ad3009ca,stop_61031c2d2caab62f694e8b85,Halte Ngabean Di Dalam Area Parkir Ngabean,-7.803703088213339,110.35636103286953,True,2026-08-22T15:18:00+07:00,15:18:00,afternoon,,unique,"{""boarding_activity"": null, ""bus_present"": null, ""passenger_count"": null, ""passenger_level"": ""high"", ""traffic_activity"": ""unknown""}","{""has_bicycle_parking"": null, ""has_fan"": null, ""has_lighting"": null, ""has_motorcycle_parking"": null, ""has_roof"": null, ""has_route_information"": null, ""has_seating"": true, ""has_shelter"": null, ""has_signage"": null, ""has_staff"": null, ""has_ticket_counter"": null, ""has_trash_bin"": null, ""has_water_facility"": null, ""has_wifi"": null, ""has_zebra_crossing"": null, ""seating_capacity"": null}","{""accessibility_issues"": [], ""pedestrian_access"": ""unknown"", ""ramp_available"": null, ""sidewalk_condition"": ""unknown"", ""stairs_access"": null, ""wheelchair_access"": null}","{""cleanliness"": ""unknown"", ""lighting_condition"": ""unknown"", ""maintenance"": ""unknown"", ""signage_condition"": ""unknown"", ""structural_condition"": ""unknown"", ""vandalism"": null}","{""activity_context"": [], ""landmark_categories"": [], ""nearby_place_categories"": [], ""nearby_places"": []}",[],[],[],"[""high_passenger_activity""]","{""facilities.has_seating"": ""Halte ini terletak di dalam area parkir ngabeyan terdapat berbagai fasilitas bangku tempat duduk, pegangan tangga, map bus, tangga ramah disabilitas, parkir karyawan, loket tiket, parkir karyawan, petugas loket, wifi, papan informasi, dan sebagianya.."", ""usage.passenger_level"": ""Kondisi halte ramai.""}","{""facilities.has_seating"": 0.88, ""usage.passenger_level"": 0.88}","Sore ini Sabtu, 22 Agustus 2026 sekitar pukul 15.18 kami tiba di Halte Ngabeyan di dalam area Parkir Ngabeyan. Halte ini terletak di dalam area parkir ngabeyan terdapat berbagai fasilitas bangku tempat duduk, pegangan tangga, map bus, tangga ramah disabilitas, parkir karyawan, loket tiket, parkir karyawan, petugas loket, wifi, papan informasi, dan sebagianya.. Kondisi halte ramai. Petugas ramah. Minusnya halte terlalu sempit untuk seluruh penunggu bus. #BANGJO","{""extraction_model"": ""nvidia/nemotron-3.5-lightning:free"", ""extraction_provider"": ""openrouter"", ""extraction_status"": ""deterministic_only"", ""extraction_version"": ""activities-v1"", ""processed_at"": ""2026-09-10T12:35:52.050896Z"", ""prompt_version"": ""activities-prompt-v1"", ""request_id"": null, ""source_file"": ""raw/activities_raw.csv"", ""source_row"": 62}"
knowledge_515ca7c06d85d9d84bdfea90,survey_activity,6a89478152d86e03b5185859,obs_3672acd72906258811df0a3b,stop_2eeed3c1fc07f89613c8f0d1,Halte Senopati 2 Di Jalan Panembahan Senopati Dekat Taman Pintar,-7.801495688198699,110.36712913289091,True,2026-08-22T13:40:00+07:00,13:40:00,midday,,unique,"{""boarding_activity"": null, ""bus_present"": null, ""passenger_count"": null, ""passenger_level"": ""high"", ""traffic_activity"": ""unknown""}","{""has_bicycle_parking"": true, ""has_fan"": null, ""has_lighting"": null, ""has_motorcycle_parking"": null, ""has_roof"": null, ""has_route_information"": null, ""has_seating"": true, ""has_shelter"": null, ""has_signage"": null, ""has_staff"": true, ""has_ticket_counter"": null, ""has_trash_bin"": null, ""has_water_facility"": null, ""has_wifi"": null, ""has_zebra_crossing"": null, ""seating_capacity"": null}","{""accessibility_issues"": [], ""pedestrian_access"": ""unknown"", ""ramp_available"": null, ""sidewalk_condition"": ""unknown"", ""stairs_access"": null, ""wheelchair_access"": null}","{""cleanliness"": ""unknown"", ""lighting_condition"": ""unknown"", ""maintenance"": ""unknown"", ""signage_condition"": ""unknown"", ""structural_condition"": ""unknown"", ""vandalism"": null}","{""activity_context"": [], ""landmark_categories"": [], ""nearby_place_categories"": [], ""nearby_places"": []}",[],[],[],"[""high_passenger_activity""]","{""facilities.has_bicycle_parking"": ""Minusnya di parkir sepeda motor yang tidak ada sehingga sistem pengantarannya drop off."", ""facilities.has_seating"": ""Halte ini berada di trotar terdapat berbagai fasilitas seperti bangku tempat duduk, pegangan tangga, map bus, dan tangga ramah disabilitas."", ""facilities.has_staff"": ""Terdapat petugas."", ""usage.passenger_level"": ""Kondisi lumayan ramai.""}","{""facilities.has_bicycle_parking"": 0.88, ""facilities.has_seating"": 0.88, ""facilities.has_staff"": 0.88, ""usage.passenger_level"": 0.88}","Siang ini Sabtu, 22 Agustus 2026 sekitar pukul 13.40 kami tiba di Halte Senopati 2 di Jalan Panembahan Senopati. Halte ini berada di trotar terdapat berbagai fasilitas seperti bangku tempat duduk, pegangan tangga, map bus, dan tangga ramah disabilitas. Kondisi lumayan ramai. Terdapat petugas. Kondisi halte sangat terawat dengan tutupan kaca di sekitarnya dan berada di tempat strategis yaitu depan museum vedeburg dan taman pintar. Minusnya di parkir sepeda motor yang tidak ada sehingga sistem pengantarannya drop off. Halte ini 11/12 dengan Halte Senopati 1 . Disekitar nya banyak jualan jajan. #BANGJO","{""extraction_model"": ""nvidia/nemotron-3.5-lightning:free"", ""extraction_provider"": ""openrouter"", ""extraction_status"": ""deterministic_only"", ""extraction_version"": ""activities-v1"", ""processed_at"": ""2026-09-10T12:35:52.050896Z"", ""prompt_version"": ""activities-prompt-v1"", ""request_id"": null, ""source_file"": ""raw/activities_raw.csv"", ""source_row"": 63}"
knowledge_20c4aa6554ba714f3188f92f,survey_activity,6a8945e152d86e03b518571a,obs_3e96a66c1aea0c5d5a029704,stop_671521f561c6149e740d2446,Halte Senopati 1 Di Jalan Panembahan Senopati Dekat Parkiran Bus,-7.8015661881862,110.36709723285429,True,2026-08-22T13:45:00+07:00,13:45:00,midday,,unique,"{""boarding_activity"": null, ""bus_present"": null, ""passenger_count"": null, ""passenger_level"": ""high"", ""traffic_activity"": ""unknown""}","{""has_bicycle_parking"": true, ""has_fan"": null, ""has_lighting"": null, ""has_motorcycle_parking"": null, ""has_roof"": null, ""has_route_information"": null, ""has_seating"": true, ""has_shelter"": null, ""has_signage"": null, ""has_staff"": true, ""has_ticket_counter"": null, ""has_trash_bin"": null, ""has_water_facility"": null, ""has_wifi"": null, ""has_zebra_crossing"": null, ""seating_capacity"": null}","{""accessibility_issues"": [], ""pedestrian_access"": ""unknown"", ""ramp_available"": null, ""sidewalk_condition"": ""unknown"", ""stairs_access"": null, ""wheelchair_access"": null}","{""cleanliness"": ""unknown"", ""lighting_condition"": ""unknown"", ""maintenance"": ""unknown"", ""signage_condition"": ""unknown"", ""structural_condition"": ""unknown"", ""vandalism"": null}","{""activity_context"": [], ""landmark_categories"": [], ""nearby_place_categories"": [], ""nearby_places"": []}",[],[],[],"[""high_passenger_activity""]","{""facilities.has_bicycle_parking"": ""Minusnya di parkir sepeda motor yang tidak ada sehingga sistem pengantarannya drop off."", ""facilities.has_seating"": ""Halte ini berada di trotar terdapat berbagai fasilitas seperti bangku tempat duduk, pegangan tangga, map bus, dan tangga ramah disabilitas."", ""facilities.has_staff"": ""Terdapat petugas."", ""usage.passenger_level"": ""Kondisi lumayan ramai.""}","{""facilities.has_bicycle_parking"": 0.88, ""facilities.has_seating"": 0.88, ""facilities.has_staff"": 0.88, ""usage.passenger_level"": 0.88}","Siang ini Sabtu, 22 Agustus 2026 sekitar pukul 13.45 kami tiba di Halte Senopati 1 di Jalan Panembahan Senopati. Halte ini berada di trotar terdapat berbagai fasilitas seperti bangku tempat duduk, pegangan tangga, map bus, dan tangga ramah disabilitas. Kondisi lumayan ramai. Terdapat petugas. Kondisi halte sangat terawat dengan tutupan kaca di sekitarnya dan berada di tempat strategis yaitu depan museum vedeburg dan taman pintar. Minusnya di parkir sepeda motor yang tidak ada sehingga sistem pengantarannya drop off. Halte ini tergolong sangat bagus. Sangat mengedepankan kenyamanan disabilitas.#BANGJO","{""extraction_model"": ""nvidia/nemotron-3.5-lightning:free"", ""extraction_provider"": ""openrouter"", ""extraction_status"": ""deterministic_only"", ""extraction_version"": ""activities-v1"", ""processed_at"": ""2026-09-10T12:35:52.050896Z"", ""prompt_version"": ""activities-prompt-v1"", ""request_id"": null, ""source_file"": ""raw/activities_raw.csv"", ""source_row"": 64}"
knowledge_08205bfc632d6560fdd33e9d,survey_activity,6a8940bc478dc3b356b74823,obs_e5e697d5cfa7b4ddd44bbec1,stop_f7c3a58d733f7bb9bf9ea2f6,Halte Kusumanegara 2 Di Jalan Kusumanegara Dekat Makam Pahlawan,-7.801912,110.38215100000002,True,2026-08-22T13:21:00+07:00,13:21:00,midday,,unique,"{""boarding_activity"": null, ""bus_present"": null, ""passenger_count"": null, ""passenger_level"": ""very_low"", ""traffic_activity"": ""unknown""}","{""has_bicycle_parking"": true, ""has_fan"": null, ""has_lighting"": null, ""has_motorcycle_parking"": null, ""has_roof"": null, ""has_route_information"": null, ""has_seating"": true, ""has_shelter"": null, ""has_signage"": null, ""has_staff"": false, ""has_ticket_counter"": null, ""has_trash_bin"": null, ""has_water_facility"": null, ""has_wifi"": null, ""has_zebra_crossing"": null, ""seating_capacity"": null}","{""accessibility_issues"": [], ""pedestrian_access"": ""unknown"", ""ramp_available"": null, ""sidewalk_condition"": ""unknown"", ""stairs_access"": null, ""wheelchair_access"": null}","{""cleanliness"": ""unknown"", ""lighting_condition"": ""unknown"", ""maintenance"": ""unknown"", ""signage_condition"": ""unknown"", ""structural_condition"": ""unknown"", ""vandalism"": true}","{""activity_context"": [], ""landmark_categories"": [], ""nearby_place_categories"": [], ""nearby_places"": []}","[{""category"": ""maintenance"", ""confidence"": 0.94, ""evidence"": ""Dan Mapnya terkena vandalisme#BANGJO"", ""issue"": ""vandalism"", ""severity"": ""unknown""}]",[],[],"[""vandalism_risk""]","{""condition.vandalism"": ""Dan Mapnya terkena vandalisme#BANGJO"", ""facilities.has_bicycle_parking"": ""Di halte ini di trotarnya terdapat berbagai fasilitas seperti parkir sepeda, bangku tempat duduk, pegangan tangga, map bus, dan tangga ramah disabilitas."", ""facilities.has_seating"": ""Di halte ini di trotarnya terdapat berbagai fasilitas seperti parkir sepeda, bangku tempat duduk, pegangan tangga, map bus, dan tangga ramah disabilitas."", ""facilities.has_staff"": ""Tidak terdapat petugas."", ""usage.passenger_level"": ""Kondisi lumayan sepi karena tidak jam berangkat atau pulang kerja.""}","{""condition.vandalism"": 0.96, ""facilities.has_bicycle_parking"": 0.88, ""facilities.has_seating"": 0.88, ""facilities.has_staff"": 0.92, ""usage.passenger_level"": 0.92}","Siang ini Sabtu, 22 Agustus 2026 sekitar pukul 13.21 kami tiba di Halte Kusumanegara 2 di Jalan Kusumanegara. Di halte ini di trotarnya terdapat berbagai fasilitas seperti parkir sepeda, bangku tempat duduk, pegangan tangga, map bus, dan tangga ramah disabilitas. Kondisi lumayan sepi karena tidak jam berangkat atau pulang kerja. Tidak terdapat petugas. Minusnya di parkir sepeda motor yang tidak ada sehingga sistem pengantarannya drop off, tidak ada nama halte, sehingga sulit untuk dikenali, dan fasilitas parkir sepeda tidak terawat dan terdapat korosi. Dan Mapnya terkena vandalisme#BANGJO","{""extraction_model"": ""nvidia/nemotron-3.5-lightning:free"", ""extraction_provider"": ""openrouter"", ""extraction_status"": ""deterministic_only"", ""extraction_version"": ""activities-v1"", ""processed_at"": ""2026-09-10T12:35:52.050896Z"", ""prompt_version"": ""activities-prompt-v1"", ""request_id"": null, ""source_file"": ""raw/activities_raw.csv"", ""source_row"": 65}"
knowledge_37c682edfbbcafcff6480b4b,survey_activity,6a893cf052d86e03b5184e39,obs_32388da46100a73b2136c265,stop_79fda1173f46560a59bc9b6f,Halte Museum Biologi Di Jalan Sultan Agung Depan Soto Mie Pak Kadir,-7.801711288240085,110.37409833288012,True,2026-08-22T13:03:00+07:00,13:03:00,midday,,unique,"{""boarding_activity"": null, ""bus_present"": null, ""passenger_count"": null, ""passenger_level"": ""very_low"", ""traffic_activity"": ""very_high""}","{""has_bicycle_parking"": null, ""has_fan"": true, ""has_lighting"": null, ""has_motorcycle_parking"": null, ""has_roof"": null, ""has_route_information"": null, ""has_seating"": true, ""has_shelter"": null, ""has_signage"": null, ""has_staff"": null, ""has_ticket_counter"": null, ""has_trash_bin"": null, ""has_water_facility"": null, ""has_wifi"": null, ""has_zebra_crossing"": null, ""seating_capacity"": null}","{""accessibility_issues"": [], ""pedestrian_access"": ""unknown"", ""ramp_available"": null, ""sidewalk_condition"": ""unknown"", ""stairs_access"": null, ""wheelchair_access"": null}","{""cleanliness"": ""unknown"", ""lighting_condition"": ""unknown"", ""maintenance"": ""unknown"", ""signage_condition"": ""unknown"", ""structural_condition"": ""unknown"", ""vandalism"": null}","{""activity_context"": [], ""landmark_categories"": [], ""nearby_place_categories"": [], ""nearby_places"": []}",[],[],[],[],"{""facilities.has_fan"": ""Halte ini berada di trotar, dan terdapat berbagai fasilitas seperti bangku tempat duduk, kipas, pegangan tangga, map bus, dan tangga ramah disabilitas."", ""facilities.has_seating"": ""Halte ini berada di trotar, dan terdapat berbagai fasilitas seperti bangku tempat duduk, kipas, pegangan tangga, map bus, dan tangga ramah disabilitas."", ""usage.passenger_level"": ""Kondisi lumayan sepi karena tidak jam berangkat atau pulang kerja."", ""usage.traffic_activity"": ""Minusnya tulisan halte yang sudah tidak terawat sehingga kurang terlihat, berada di jalan yang sempit dan dekat dengan lampu merah sehingga lalu lintas padat.""}","{""facilities.has_fan"": 0.88, ""facilities.has_seating"": 0.88, ""usage.passenger_level"": 0.92, ""usage.traffic_activity"": 0.84}","Siang ini Sabtu, 22 Agustus 2026 sekitar pukul 13.03 kami tiba di Halte Museum Biologi di Jalan Sultan Agung. Halte ini berada di trotar, dan terdapat berbagai fasilitas seperti bangku tempat duduk, kipas, pegangan tangga, map bus, dan tangga ramah disabilitas. Kondisi lumayan sepi karena tidak jam berangkat atau pulang kerja. Minusnya tulisan halte yang sudah tidak terawat sehingga kurang terlihat, berada di jalan yang sempit dan dekat dengan lampu merah sehingga lalu lintas padat. Ramainya pun karena dibelakangnya ada warung makan. #BANGJO","{""extraction_model"": ""nvidia/nemotron-3.5-lightning:free"", ""extraction_provider"": ""openrouter"", ""extraction_status"": ""deterministic_only"", ""extraction_version"": ""activities-v1"", ""processed_at"": ""2026-09-10T12:35:52.050896Z"", ""prompt_version"": ""activities-prompt-v1"", ""request_id"": null, ""source_file"": ""raw/activities_raw.csv"", ""source_row"": 66}"
knowledge_005fd67eaf0ab848c548a1bf,survey_activity,6a893a8c478dc3b356b74430,obs_bcba9941da21440965a86bf6,stop_8c8e59567e4b49ded8ec6916,Halte Pakualaman Di Jalan Sultan Agung Dekat Toko Jogja Kampus,-7.8016872881999575,110.3757321328207,True,2026-08-22T12:53:00+07:00,12:53:00,midday,,unique,"{""boarding_activity"": null, ""bus_present"": null, ""passenger_count"": null, ""passenger_level"": ""very_low"", ""traffic_activity"": ""unknown""}","{""has_bicycle_parking"": true, ""has_fan"": null, ""has_lighting"": null, ""has_motorcycle_parking"": null, ""has_roof"": null, ""has_route_information"": null, ""has_seating"": true, ""has_shelter"": null, ""has_signage"": null, ""has_staff"": null, ""has_ticket_counter"": null, ""has_trash_bin"": null, ""has_water_facility"": null, ""has_wifi"": null, ""has_zebra_crossing"": null, ""seating_capacity"": null}","{""accessibility_issues"": [], ""pedestrian_access"": ""unknown"", ""ramp_available"": null, ""sidewalk_condition"": ""unknown"", ""stairs_access"": null, ""wheelchair_access"": null}","{""cleanliness"": ""unknown"", ""lighting_condition"": ""unknown"", ""maintenance"": ""unknown"", ""signage_condition"": ""unknown"", ""structural_condition"": ""unknown"", ""vandalism"": null}","{""activity_context"": [], ""landmark_categories"": [], ""nearby_place_categories"": [], ""nearby_places"": []}",[],[],[],[],"{""facilities.has_bicycle_parking"": ""Minusnya di parkir sepeda motor yang tidak ada sehingga sistem pengantarannya drop off dan tulisan halte yang sudah tidak terawat sehingga kurang terlihat #BANGJO"", ""facilities.has_seating"": ""Halte ini berada di trotar, dan terdapat berbagai fasilitas seperti bangku tempat duduk, pegangan tangga, map bus, dan tangga ramah disabilitas (sudah aga keropos)."", ""usage.passenger_level"": ""Kondisi lumayan sepi dan tidak terdapat penjaganya karena tidak jam berangkat atau pulang kerja.""}","{""facilities.has_bicycle_parking"": 0.88, ""facilities.has_seating"": 0.88, ""usage.passenger_level"": 0.92}","Siang ini Sabtu, 22 Agustus 2026 sekitar pukul 12.53 kami tiba di Halte Pakualaman di Jalan Sultan Agung Dekat Toko Jogja Kampus. Halte ini berada di trotar, dan terdapat berbagai fasilitas seperti bangku tempat duduk, pegangan tangga, map bus, dan tangga ramah disabilitas (sudah aga keropos). Kondisi lumayan sepi dan tidak terdapat penjaganya karena tidak jam berangkat atau pulang kerja. Minusnya di parkir sepeda motor yang tidak ada sehingga sistem pengantarannya drop off dan tulisan halte yang sudah tidak terawat sehingga kurang terlihat #BANGJO","{""extraction_model"": ""nvidia/nemotron-3.5-lightning:free"", ""extraction_provider"": ""openrouter"", ""extraction_status"": ""deterministic_only"", ""extraction_version"": ""activities-v1"", ""processed_at"": ""2026-09-10T12:35:52.050896Z"", ""prompt_version"": ""activities-prompt-v1"", ""request_id"": null, ""source_file"": ""raw/activities_raw.csv"", ""source_row"": 67}"
knowledge_a806c47b6df32be00e188094,survey_activity,6a893743478dc3b356b740c6,obs_b42db59aa9346e708db5cfa8,stop_d5b715211f6db5e8aa2e78e1,Halte Kusumanegara 4 Di Depan Kantor Kementrian Agraria Dan Tata Ruang / Badan Pertahanan Nasional Jogja,-7.802256588233888,110.39335463288893,True,2026-08-22T12:41:00+07:00,12:41:00,midday,,unique,"{""boarding_activity"": null, ""bus_present"": null, ""passenger_count"": null, ""passenger_level"": ""very_low"", ""traffic_activity"": ""unknown""}","{""has_bicycle_parking"": true, ""has_fan"": null, ""has_lighting"": null, ""has_motorcycle_parking"": null, ""has_roof"": null, ""has_route_information"": null, ""has_seating"": null, ""has_shelter"": null, ""has_signage"": null, ""has_staff"": null, ""has_ticket_counter"": null, ""has_trash_bin"": null, ""has_water_facility"": null, ""has_wifi"": null, ""has_zebra_crossing"": null, ""seating_capacity"": null}","{""accessibility_issues"": [], ""pedestrian_access"": ""unknown"", ""ramp_available"": null, ""sidewalk_condition"": ""unknown"", ""stairs_access"": null, ""wheelchair_access"": null}","{""cleanliness"": ""unknown"", ""lighting_condition"": ""unknown"", ""maintenance"": ""unknown"", ""signage_condition"": ""unknown"", ""structural_condition"": ""unknown"", ""vandalism"": null}","{""activity_context"": [], ""landmark_categories"": [], ""nearby_place_categories"": [], ""nearby_places"": []}",[],[],[],[],"{""facilities.has_bicycle_parking"": ""terdapat berbagai fasilitas seperti parkir sepedah (tapi tidak terawat),petugas , bangku tempat duduk, pegangan tangga, map bus, dan tangga ramah disabilitas."", ""usage.passenger_level"": ""Kondisi lumayan sepi karena tidak jam berangkat atau pulang kerja.""}","{""facilities.has_bicycle_parking"": 0.88, ""usage.passenger_level"": 0.92}","Siang ini Sabtu, 22 Agustus 2026 sekitar pukul 12.41 kami tiba di Halte Kusumanegara 4 di Jalan Kusumanegara di Depan Kantor Kementrian Agraria dan Tata Ruang / Badan Pertahanan Nasional Jogja. Di halte ini di trotarnya terhalang pohon. terdapat berbagai fasilitas seperti parkir sepedah (tapi tidak terawat),petugas , bangku tempat duduk, pegangan tangga, map bus, dan tangga ramah disabilitas. Kondisi lumayan sepi karena tidak jam berangkat atau pulang kerja. Petugas ramah. Minusnya di parkir sepeda motor yang tidak ada sehingga sistem pengantarannya drop off. #BANGJO","{""extraction_model"": ""nvidia/nemotron-3.5-lightning:free"", ""extraction_provider"": ""openrouter"", ""extraction_status"": ""deterministic_only"", ""extraction_version"": ""activities-v1"", ""processed_at"": ""2026-09-10T12:35:52.050896Z"", ""prompt_version"": ""activities-prompt-v1"", ""request_id"": null, ""source_file"": ""raw/activities_raw.csv"", ""source_row"": 68}"
knowledge_bb476970acc5ccd0e5987724,survey_activity,6a893429478dc3b356b73ed7,obs_483a1f08cef1525b569db11b,stop_49724f66d619953d3e5298b1,Halte Trans Bonbin Di Jalan Kusumanegara,-7.8023110882107005,110.39886883284203,True,2026-08-22T12:26:00+07:00,12:26:00,midday,,unique,"{""boarding_activity"": null, ""bus_present"": null, ""passenger_count"": null, ""passenger_level"": ""very_low"", ""traffic_activity"": ""unknown""}","{""has_bicycle_parking"": true, ""has_fan"": null, ""has_lighting"": null, ""has_motorcycle_parking"": null, ""has_roof"": null, ""has_route_information"": null, ""has_seating"": true, ""has_shelter"": null, ""has_signage"": null, ""has_staff"": true, ""has_ticket_counter"": null, ""has_trash_bin"": null, ""has_water_facility"": null, ""has_wifi"": null, ""has_zebra_crossing"": null, ""seating_capacity"": null}","{""accessibility_issues"": [], ""pedestrian_access"": ""unknown"", ""ramp_available"": null, ""sidewalk_condition"": ""unknown"", ""stairs_access"": null, ""wheelchair_access"": null}","{""cleanliness"": ""unknown"", ""lighting_condition"": ""unknown"", ""maintenance"": ""unknown"", ""signage_condition"": ""unknown"", ""structural_condition"": ""unknown"", ""vandalism"": null}","{""activity_context"": [], ""landmark_categories"": [], ""nearby_place_categories"": [], ""nearby_places"": []}",[],[],[],[],"{""facilities.has_bicycle_parking"": ""Di halte ini di trotarnya terdapat berbagai fasilitas seperti parkir sepedah,petugas , bangku tempat duduk, pegangan tangga, map bus, dan tangga ramah disabilitas."", ""facilities.has_seating"": ""Di halte ini di trotarnya terdapat berbagai fasilitas seperti parkir sepedah,petugas , bangku tempat duduk, pegangan tangga, map bus, dan tangga ramah disabilitas."", ""facilities.has_staff"": ""Di halte ini di trotarnya terdapat berbagai fasilitas seperti parkir sepedah,petugas , bangku tempat duduk, pegangan tangga, map bus, dan tangga ramah disabilitas."", ""usage.passenger_level"": ""Kondisi lumayan sepi karena tidak jam berangkat atau pulang kerja.""}","{""facilities.has_bicycle_parking"": 0.88, ""facilities.has_seating"": 0.88, ""facilities.has_staff"": 0.88, ""usage.passenger_level"": 0.92}","Siang ini Sabtu, 22 Agustus 2026 sekitar pukul 12.26 kami tiba di Halte Trans BonBin di Jalan Kusumanegara. Di halte ini di trotarnya terdapat berbagai fasilitas seperti parkir sepedah,petugas , bangku tempat duduk, pegangan tangga, map bus, dan tangga ramah disabilitas. Kondisi lumayan sepi karena tidak jam berangkat atau pulang kerja. Petugas ramah. Minusnya di parkir sepeda motor yang tidak ada sehingga sistem pengantarannya drop off. #BANGJO","{""extraction_model"": ""nvidia/nemotron-3.5-lightning:free"", ""extraction_provider"": ""openrouter"", ""extraction_status"": ""deterministic_only"", ""extraction_version"": ""activities-v1"", ""processed_at"": ""2026-09-10T12:35:52.050896Z"", ""prompt_version"": ""activities-prompt-v1"", ""request_id"": null, ""source_file"": ""raw/activities_raw.csv"", ""source_row"": 69}"
