{
"type": "FeatureCollection",
"name": "Grid Potensi Timbulan Kemacetan",
"crs": { "type": "name", "properties": { "name": "urn:ogc:def:crs:OGC:1.3:CRS84" } },
"features": [
{ "type": "Feature", "properties": { "hex_id": 0, "luas_km2": 0.1039, "poi_total": 0, "poi_kuliner": 0, "poi_peribadatan": 0, "poi_kesehatan": 0, "poi_pendidikan": 0, "poi_perkantoran": 0, "poi_pariwisata": 0, "poi_perdagangan": 0, "poi_transportasi": 0, "penduduk": 78, "volume_mean": 641.86387743870853, "norm_volume": 17.7574, "norm_poi": 1.0, "norm_penduduk": 4.3647, "skor_total_ahp": 10.5827, "ranking": 357, "klasifikasi_potensi": "Sangat Rendah" }, "geometry": { "type": "Polygon", "coordinates": [ [ [ 110.388738073697098, -7.839586056037617 ], [ 110.387168349705206, -7.838679262945219 ], [ 110.385595979614834, -7.839581484577629 ], [ 110.385593325786814, -7.841390504509765 ], [ 110.387163055618885, -7.842297303878498 ], [ 110.388735433438825, -7.841395077037401 ], [ 110.388738073697098, -7.839586056037617 ] ] ] } },
{ "type": "Feature", "properties": { "hex_id": 1, "luas_km2": 0.1039, "poi_total": 0, "poi_kuliner": 0, "poi_peribadatan": 0, "poi_kesehatan": 0, "poi_pendidikan": 0, "poi_perkantoran": 0, "poi_pariwisata": 0, "poi_perdagangan": 0, "poi_transportasi": 0, "penduduk": 114, "volume_mean": 640.97295332578858, "norm_volume": 17.7073, "norm_poi": 1.0, "norm_penduduk": 5.9176, "skor_total_ahp": 10.81, "ranking": 356, "klasifikasi_potensi": "Sangat Rendah" }, "geometry": { "type": "Polygon", "coordinates": [ [ [ 110.391880169663878, -7.839590604062476 ], [ 110.39031043794725, -7.838683822155201 ], [ 110.388738073697098, -7.839586056037617 ], [ 110.388735433438825, -7.841395077037401 ], [ 110.390305171000477, -7.842301865218302 ], [ 110.391877542975379, -7.841399626124438 ], [ 110.391880169663878, -7.839590604062476 ] ] ] } },
{ "type": "Feature", "properties": { "hex_id": 2, "luas_km2": 0.1039, "poi_total": 3, "poi_kuliner": 0, "poi_peribadatan": 0, "poi_kesehatan": 0, "poi_pendidikan": 0, "poi_perkantoran": 3, "poi_pariwisata": 0, "poi_perdagangan": 0, "poi_transportasi": 0, "penduduk": 747, "volume_mean": 625.42739996389184, "norm_volume": 16.8326, "norm_poi": 10.2812, "norm_penduduk": 33.2235, "skor_total_ahp": 17.5697, "ranking": 320, "klasifikasi_potensi": "Sangat Rendah" }, "geometry": { "type": "Polygon", "coordinates": [ [ [ 110.390313070480801, -7.836874800389806 ], [ 110.388743352329129, -7.835968013570372 ], [ 110.387170995803672, -7.836870242244728 ], [ 110.387168349705206, -7.838679262945219 ], [ 110.388738073697098, -7.839586056037617 ], [ 110.39031043794725, -7.838683822155201 ], [ 110.390313070480801, -7.836874800389806 ] ] ] } },
{ "type": "Feature", "properties": { "hex_id": 3, "luas_km2": 0.1039, "poi_total": 0, "poi_kuliner": 0, "poi_peribadatan": 0, "poi_kesehatan": 0, "poi_pendidikan": 0, "poi_perkantoran": 0, "poi_pariwisata": 0, "poi_perdagangan": 0, "poi_transportasi": 0, "penduduk": 109, "volume_mean": 625.66996968912235, "norm_volume": 16.8463, "norm_poi": 1.0, "norm_penduduk": 5.702, "skor_total_ahp": 10.3106, "ranking": 359, "klasifikasi_potensi": "Sangat Rendah" }, "geometry": { "type": "Polygon", "coordinates": [ [ [ 110.393455147037557, -7.836879335107935 ], [ 110.391885421166009, -7.835972559470906 ], [ 110.390313070480801, -7.836874800389806 ], [ 110.39031043794725, -7.838683822155201 ], [ 110.391880169663878, -7.839590604062476 ], [ 110.393452528068977, -7.838688357932754 ], [ 110.393455147037557, -7.836879335107935 ] ] ] } },
{ "type": "Feature", "properties": { "hex_id": 4, "luas_km2": 0.1039, "poi_total": 0, "poi_kuliner": 0, "poi_peribadatan": 0, "poi_kesehatan": 0, "poi_pendidikan": 0, "poi_perkantoran": 0, "poi_pariwisata": 0, "poi_perdagangan": 0, "poi_transportasi": 0, "penduduk": 48, "volume_mean": 630.4924934643492, "norm_volume": 17.1176, "norm_poi": 1.0, "norm_penduduk": 3.0706, "skor_total_ahp": 10.0259, "ranking": 360, "klasifikasi_potensi": "Sangat Rendah" }, "geometry": { "type": "Polygon", "coordinates": [ [ [ 110.396597225464234, -7.836883846399044 ], [ 110.395027491877656, -7.835977081947191 ], [ 110.393455147037557, -7.836879335107935 ], [ 110.393452528068977, -7.838688357932754 ], [ 110.395022267505496, -7.839595128652143 ], [ 110.396594620060654, -7.838692870277817 ], [ 110.396597225464234, -7.836883846399044 ] ] ] } },
{ "type": "Feature", "properties": { "hex_id": 5, "luas_km2": 0.1039, "poi_total": 0, "poi_kuliner": 0, "poi_peribadatan": 0, "poi_kesehatan": 0, "poi_pendidikan": 0, "poi_perkantoran": 0, "poi_pariwisata": 0, "poi_perdagangan": 0, "poi_transportasi": 0, "penduduk": 140, "volume_mean": 607.42828254724361, "norm_volume": 15.8199, "norm_poi": 1.0, "norm_penduduk": 7.0392, "skor_total_ahp": 9.9764, "ranking": 361, "klasifikasi_potensi": "Sangat Rendah" }, "geometry": { "type": "Polygon", "coordinates": [ [ [ 110.385603937310549, -7.834154423845895 ], [ 110.384034240443611, -7.833247620944973 ], [ 110.382461885812262, -7.834149832170167 ], [ 110.382459220318395, -7.835958851496833 ], [ 110.384028923015862, -7.836865660672768 ], [ 110.385601285376694, -7.835963444245659 ], [ 110.385603937310549, -7.834154423845895 ] ] ] } },
{ "type": "Feature", "properties": { "hex_id": 6, "luas_km2": 0.1039, "poi_total": 1, "poi_kuliner": 0, "poi_peribadatan": 0, "poi_kesehatan": 1, "poi_pendidikan": 0, "poi_perkantoran": 0, "poi_pariwisata": 0, "poi_perdagangan": 0, "poi_transportasi": 0, "penduduk": 378, "volume_mean": 599.92959103259523, "norm_volume": 15.398, "norm_poi": 4.0938, "norm_penduduk": 17.3059, "skor_total_ahp": 12.3502, "ranking": 349, "klasifikasi_potensi": "Sangat Rendah" }, "geometry": { "type": "Polygon", "coordinates": [ [ [ 110.388745990702915, -7.834158992102986 ], [ 110.387176286111327, -7.833252200376216 ], [ 110.385603937310549, -7.834154423845895 ], [ 110.385601285376694, -7.835963444245659 ], [ 110.387170995803672, -7.836870242244728 ], [ 110.388743352329129, -7.835968013570372 ], [ 110.388745990702915, -7.834158992102986 ] ] ] } },
{ "type": "Feature", "properties": { "hex_id": 7, "luas_km2": 0.1039, "poi_total": 7, "poi_kuliner": 2, "poi_peribadatan": 0, "poi_kesehatan": 1, "poi_pendidikan": 3, "poi_perkantoran": 0, "poi_pariwisata": 1, "poi_perdagangan": 0, "poi_transportasi": 0, "penduduk": 866, "volume_mean": 595.29427603145461, "norm_volume": 15.1372, "norm_poi": 22.6562, "norm_penduduk": 38.3569, "skor_total_ahp": 21.1752, "ranking": 279, "klasifikasi_potensi": "Rendah" }, "geometry": { "type": "Polygon", "coordinates": [ [ [ 110.391888045979698, -7.834163536941369 ], [ 110.39031833366829, -7.833256756391522 ], [ 110.388745990702915, -7.834158992102986 ], [ 110.388743352329129, -7.835968013570372 ], [ 110.390313070480801, -7.836874800389806 ], [ 110.391885421166009, -7.835972559470906 ], [ 110.391888045979698, -7.834163536941369 ] ] ] } },
{ "type": "Feature", "properties": { "hex_id": 8, "luas_km2": 0.1039, "poi_total": 0, "poi_kuliner": 0, "poi_peribadatan": 0, "poi_kesehatan": 0, "poi_pendidikan": 0, "poi_perkantoran": 0, "poi_pariwisata": 0, "poi_perdagangan": 0, "poi_transportasi": 0, "penduduk": 883, "volume_mean": 599.00514557796612, "norm_volume": 15.346, "norm_poi": 1.0, "norm_penduduk": 39.0902, "skor_total_ahp": 14.9703, "ranking": 336, "klasifikasi_potensi": "Sangat Rendah" }, "geometry": { "type": "Polygon", "coordinates": [ [ [ 110.395030103131191, -7.834168058360976 ], [ 110.393460383104795, -7.833261288990821 ], [ 110.391888045979698, -7.834163536941369 ], [ 110.391885421166009, -7.835972559470906 ], [ 110.393455147037557, -7.836879335107935 ], [ 110.395027491877656, -7.835977081947191 ], [ 110.395030103131191, -7.834168058360976 ] ] ] } },
{ "type": "Feature", "properties": { "hex_id": 9, "luas_km2": 0.1039, "poi_total": 0, "poi_kuliner": 0, "poi_peribadatan": 0, "poi_kesehatan": 0, "poi_pendidikan": 0, "poi_perkantoran": 0, "poi_pariwisata": 0, "poi_perdagangan": 0, "poi_transportasi": 0, "penduduk": 24, "volume_mean": 608.91702936847696, "norm_volume": 15.9037, "norm_poi": 1.0, "norm_penduduk": 2.0353, "skor_total_ahp": 9.202, "ranking": 367, "klasifikasi_potensi": "Sangat Rendah" }, "geometry": { "type": "Polygon", "coordinates": [ [ [ 110.398172162147731, -7.834172556361743 ], [ 110.39660243441115, -7.833265798174047 ], [ 110.395030103131191, -7.834168058360976 ], [ 110.395027491877656, -7.835977081947191 ], [ 110.396597225464234, -7.836883846399044 ], [ 110.398169564454378, -7.83598158099916 ], [ 110.398172162147731, -7.834172556361743 ] ] ] } },
{ "type": "Feature", "properties": { "hex_id": 10, "luas_km2": 0.1039, "poi_total": 0, "poi_kuliner": 0, "poi_peribadatan": 0, "poi_kesehatan": 0, "poi_pendidikan": 0, "poi_perkantoran": 0, "poi_pariwisata": 0, "poi_perdagangan": 0, "poi_transportasi": 0, "penduduk": 14, "volume_mean": 621.09278156774064, "norm_volume": 16.5887, "norm_poi": 1.0, "norm_penduduk": 1.6039, "skor_total_ahp": 9.5006, "ranking": 363, "klasifikasi_potensi": "Sangat Rendah" }, "geometry": { "type": "Polygon", "coordinates": [ [ [ 110.401314223019625, -7.834177030943595 ], [ 110.399744487577678, -7.833270283941136 ], [ 110.398172162147745, -7.834172556361743 ], [ 110.398169564454378, -7.83598158099916 ], [ 110.399739305751169, -7.836888334263065 ], [ 110.401311638886483, -7.835986056626747 ], [ 110.401314223019625, -7.834177030943595 ] ] ] } },
{ "type": "Feature", "properties": { "hex_id": 11, "luas_km2": 0.1039, "poi_total": 0, "poi_kuliner": 0, "poi_peribadatan": 0, "poi_kesehatan": 0, "poi_pendidikan": 0, "poi_perkantoran": 0, "poi_pariwisata": 0, "poi_perdagangan": 0, "poi_transportasi": 0, "penduduk": 78, "volume_mean": 589.08431274966415, "norm_volume": 14.7878, "norm_poi": 1.0, "norm_penduduk": 4.3647, "skor_total_ahp": 8.9821, "ranking": 368, "klasifikasi_potensi": "Sangat Rendah" }, "geometry": { "type": "Polygon", "coordinates": [ [ [ 110.377752839689265, -7.831429373894459 ], [ 110.376183171841191, -7.830522543767484 ], [ 110.374610813302411, -7.831424725302583 ], [ 110.374608114872643, -7.833233742156311 ], [ 110.376177788536708, -7.834140578563063 ], [ 110.377750154814578, -7.833238391834952 ], [ 110.377752839689265, -7.831429373894459 ] ] ] } },
{ "type": "Feature", "properties": { "hex_id": 12, "luas_km2": 0.1039, "poi_total": 0, "poi_kuliner": 0, "poi_peribadatan": 0, "poi_kesehatan": 0, "poi_pendidikan": 0, "poi_perkantoran": 0, "poi_pariwisata": 0, "poi_perdagangan": 0, "poi_transportasi": 0, "penduduk": 21, "volume_mean": 586.69034397442931, "norm_volume": 14.6531, "norm_poi": 1.0, "norm_penduduk": 1.9059, "skor_total_ahp": 8.5068, "ranking": 371, "klasifikasi_potensi": "Sangat Rendah" }, "geometry": { "type": "Polygon", "coordinates": [ [ [ 110.380894867994371, -7.831433999076078 ], [ 110.379325192412026, -7.830527180112227 ], [ 110.377752839689265, -7.831429373894459 ], [ 110.377750154814578, -7.833238391834952 ], [ 110.379319836217761, -7.834145217075865 ], [ 110.380892196674793, -7.833243018097862 ], [ 110.380894867994371, -7.831433999076078 ] ] ] } },
{ "type": "Feature", "properties": { "hex_id": 13, "luas_km2": 0.1039, "poi_total": 1, "poi_kuliner": 0, "poi_peribadatan": 0, "poi_kesehatan": 0, "poi_pendidikan": 1, "poi_perkantoran": 0, "poi_pariwisata": 0, "poi_perdagangan": 0, "poi_transportasi": 0, "penduduk": 224, "volume_mean": 574.09803898319319, "norm_volume": 13.9446, "norm_poi": 4.0938, "norm_penduduk": 10.6627, "skor_total_ahp": 10.4788, "ranking": 358, "klasifikasi_potensi": "Sangat Rendah" }, "geometry": { "type": "Polygon", "coordinates": [ [ [ 110.387178930320545, -7.831443179208263 ], [ 110.385609239284179, -7.830536382578981 ], [ 110.384036898208009, -7.831438600847368 ], [ 110.384034240443611, -7.833247620944973 ], [ 110.385603937310549, -7.834154423845895 ], [ 110.387176286111327, -7.833252200376216 ], [ 110.387178930320545, -7.831443179208263 ] ] ] } },
{ "type": "Feature", "properties": { "hex_id": 14, "luas_km2": 0.1039, "poi_total": 8, "poi_kuliner": 0, "poi_peribadatan": 0, "poi_kesehatan": 2, "poi_pendidikan": 3, "poi_perkantoran": 0, "poi_pariwisata": 0, "poi_perdagangan": 3, "poi_transportasi": 0, "penduduk": 913, "volume_mean": 557.26351117933655, "norm_volume": 12.9974, "norm_poi": 25.75, "norm_penduduk": 40.3843, "skor_total_ahp": 21.2736, "ranking": 277, "klasifikasi_potensi": "Rendah" }, "geometry": { "type": "Polygon", "coordinates": [ [ [ 110.390320964322257, -7.831447734158696 ], [ 110.3887512655661, -7.83054094870085 ], [ 110.387178930320545, -7.831443179208263 ], [ 110.387176286111327, -7.833252200376216 ], [ 110.388745990702915, -7.834158992102986 ], [ 110.39031833366829, -7.833256756391522 ], [ 110.390320964322257, -7.831447734158696 ] ] ] } },
{ "type": "Feature", "properties": { "hex_id": 15, "luas_km2": 0.1039, "poi_total": 9, "poi_kuliner": 1, "poi_peribadatan": 1, "poi_kesehatan": 4, "poi_pendidikan": 0, "poi_perkantoran": 2, "poi_pariwisata": 1, "poi_perdagangan": 0, "poi_transportasi": 0, "penduduk": 913, "volume_mean": 555.42500189593613, "norm_volume": 12.8939, "norm_poi": 28.8438, "norm_penduduk": 40.3843, "skor_total_ahp": 22.1375, "ranking": 271, "klasifikasi_potensi": "Rendah" }, "geometry": { "type": "Polygon", "coordinates": [ [ [ 110.393463000203468, -7.831452265698593 ], [ 110.391893293732366, -7.830545491414959 ], [ 110.390320964322257, -7.831447734158696 ], [ 110.39031833366829, -7.833256756391522 ], [ 110.391888045979698, -7.834163536941369 ], [ 110.393460383104795, -7.833261288990821 ], [ 110.393463000203468, -7.831452265698593 ] ] ] } },
{ "type": "Feature", "properties": { "hex_id": 16, "luas_km2": 0.1039, "poi_total": 2, "poi_kuliner": 0, "poi_peribadatan": 0, "poi_kesehatan": 0, "poi_pendidikan": 1, "poi_perkantoran": 0, "poi_pariwisata": 1, "poi_perdagangan": 0, "poi_transportasi": 0, "penduduk": 447, "volume_mean": 570.44276740513931, "norm_volume": 13.7389, "norm_poi": 7.1875, "norm_penduduk": 20.2824, "skor_total_ahp": 12.8631, "ranking": 346, "klasifikasi_potensi": "Sangat Rendah" }, "geometry": { "type": "Polygon", "coordinates": [ [ [ 110.396605037954515, -7.831456773827896 ], [ 110.395035323773271, -7.83055001072124 ], [ 110.393463000203468, -7.831452265698593 ], [ 110.393460383104795, -7.833261288990821 ], [ 110.395030103131191, -7.834168058360976 ], [ 110.39660243441115, -7.833265798174047 ], [ 110.396605037954515, -7.831456773827896 ] ] ] } },
{ "type": "Feature", "properties": { "hex_id": 17, "luas_km2": 0.1039, "poi_total": 7, "poi_kuliner": 1, "poi_peribadatan": 2, "poi_kesehatan": 0, "poi_pendidikan": 2, "poi_perkantoran": 0, "poi_pariwisata": 2, "poi_perdagangan": 0, "poi_transportasi": 0, "penduduk": 875, "volume_mean": 587.23566854903072, "norm_volume": 14.6837, "norm_poi": 22.6562, "norm_penduduk": 38.7451, "skor_total_ahp": 20.9944, "ranking": 283, "klasifikasi_potensi": "Rendah" }, "geometry": { "type": "Polygon", "coordinates": [ [ [ 110.399747077565678, -7.831461258546527 ], [ 110.398177355679124, -7.830554506619622 ], [ 110.396605037954515, -7.831456773827896 ], [ 110.39660243441115, -7.833265798174047 ], [ 110.398172162147745, -7.834172556361743 ], [ 110.399744487577678, -7.833270283941136 ], [ 110.399747077565678, -7.831461258546527 ] ] ] } },
{ "type": "Feature", "properties": { "hex_id": 18, "luas_km2": 0.1039, "poi_total": 5, "poi_kuliner": 0, "poi_peribadatan": 3, "poi_kesehatan": 2, "poi_pendidikan": 0, "poi_perkantoran": 0, "poi_pariwisata": 0, "poi_perdagangan": 0, "poi_transportasi": 0, "penduduk": 617, "volume_mean": 602.50206474003369, "norm_volume": 15.5427, "norm_poi": 16.4688, "norm_penduduk": 27.6157, "skor_total_ahp": 17.7953, "ranking": 316, "klasifikasi_potensi": "Sangat Rendah" }, "geometry": { "type": "Polygon", "coordinates": [ [ [ 110.402889119027307, -7.831465719854428 ], [ 110.401319389440246, -7.83055897911004 ], [ 110.399747077565678, -7.831461258546527 ], [ 110.399744487577678, -7.833270283941136 ], [ 110.401314223019625, -7.834177030943595 ], [ 110.4028865425947, -7.833274746292017 ], [ 110.402889119027307, -7.831465719854428 ] ] ] } },
{ "type": "Feature", "properties": { "hex_id": 19, "luas_km2": 0.1039, "poi_total": 1, "poi_kuliner": 0, "poi_peribadatan": 0, "poi_kesehatan": 0, "poi_pendidikan": 0, "poi_perkantoran": 1, "poi_pariwisata": 0, "poi_perdagangan": 0, "poi_transportasi": 0, "penduduk": 274, "volume_mean": 617.51958682715428, "norm_volume": 16.3877, "norm_poi": 4.0938, "norm_penduduk": 12.8196, "skor_total_ahp": 12.1488, "ranking": 350, "klasifikasi_potensi": "Sangat Rendah" }, "geometry": { "type": "Polygon", "coordinates": [ [ [ 110.406031162329697, -7.831470157751523 ], [ 110.404461425046961, -7.830563428192426 ], [ 110.402889119027307, -7.831465719854428 ], [ 110.4028865425947, -7.833274746292017 ], [ 110.404456285737183, -7.834181482106475 ], [ 110.40602859945254, -7.833279185226623 ], [ 110.406031162329697, -7.831470157751523 ] ] ] } },
{ "type": "Feature", "properties": { "hex_id": 20, "luas_km2": 0.1039, "poi_total": 0, "poi_kuliner": 0, "poi_peribadatan": 0, "poi_kesehatan": 0, "poi_pendidikan": 0, "poi_perkantoran": 0, "poi_pariwisata": 0, "poi_perdagangan": 0, "poi_transportasi": 0, "penduduk": 281, "volume_mean": 555.35055583418762, "norm_volume": 12.8897, "norm_poi": 1.0, "norm_penduduk": 13.1216, "skor_total_ahp": 9.3934, "ranking": 365, "klasifikasi_potensi": "Sangat Rendah" }, "geometry": { "type": "Polygon", "coordinates": [ [ [ 110.376185862531884, -7.828713526136031 ], [ 110.374616208234045, -7.82780669112781 ], [ 110.373043857434325, -7.828708867473291 ], [ 110.373041153193412, -7.830517884015254 ], [ 110.374610813302411, -7.831424725302583 ], [ 110.376183171841191, -7.830522543767484 ], [ 110.376185862531884, -7.828713526136031 ] ] ] } },
{ "type": "Feature", "properties": { "hex_id": 21, "luas_km2": 0.1039, "poi_total": 3, "poi_kuliner": 0, "poi_peribadatan": 1, "poi_kesehatan": 0, "poi_pendidikan": 2, "poi_perkantoran": 0, "poi_pariwisata": 0, "poi_perdagangan": 0, "poi_transportasi": 0, "penduduk": 801, "volume_mean": 548.86834553518111, "norm_volume": 12.525, "norm_poi": 10.2812, "norm_penduduk": 35.5529, "skor_total_ahp": 15.6296, "ranking": 331, "klasifikasi_potensi": "Sangat Rendah" }, "geometry": { "type": "Polygon", "coordinates": [ [ [ 110.379327869552469, -7.828718161396761 ], [ 110.377758207520429, -7.827811337546177 ], [ 110.376185862531884, -7.828713526136031 ], [ 110.376183171841191, -7.830522543767484 ], [ 110.377752839689265, -7.831429373894459 ], [ 110.379325192412026, -7.830527180112227 ], [ 110.379327869552469, -7.828718161396761 ] ] ] } },
{ "type": "Feature", "properties": { "hex_id": 22, "luas_km2": 0.1039, "poi_total": 0, "poi_kuliner": 0, "poi_peribadatan": 0, "poi_kesehatan": 0, "poi_pendidikan": 0, "poi_perkantoran": 0, "poi_pariwisata": 0, "poi_perdagangan": 0, "poi_transportasi": 0, "penduduk": 271, "volume_mean": 554.71061818144472, "norm_volume": 12.8537, "norm_poi": 1.0, "norm_penduduk": 12.6902, "skor_total_ahp": 9.3033, "ranking": 366, "klasifikasi_potensi": "Sangat Rendah" }, "geometry": { "type": "Polygon", "coordinates": [ [ [ 110.382469878486404, -7.828722773255406 ], [ 110.380900208724952, -7.82781596056524 ], [ 110.379327869552469, -7.828718161396761 ], [ 110.379325192412026, -7.830527180112227 ], [ 110.380894867994371, -7.831433999076078 ], [ 110.382467214896252, -7.830531793049418 ], [ 110.382469878486404, -7.828722773255406 ] ] ] } },
{ "type": "Feature", "properties": { "hex_id": 23, "luas_km2": 0.1039, "poi_total": 1, "poi_kuliner": 0, "poi_peribadatan": 0, "poi_kesehatan": 1, "poi_pendidikan": 0, "poi_perkantoran": 0, "poi_pariwisata": 0, "poi_perdagangan": 0, "poi_transportasi": 0, "penduduk": 397, "volume_mean": 553.5507554528366, "norm_volume": 12.7885, "norm_poi": 4.0938, "norm_penduduk": 18.1255, "skor_total_ahp": 11.078, "ranking": 355, "klasifikasi_potensi": "Sangat Rendah" }, "geometry": { "type": "Polygon", "coordinates": [ [ [ 110.385611889323982, -7.828727361711901 ], [ 110.384042211837979, -7.827820560184917 ], [ 110.382469878486404, -7.828722773255406 ], [ 110.382467214896252, -7.830531793049418 ], [ 110.384036898208009, -7.831438600847368 ], [ 110.385609239284179, -7.830536382578981 ], [ 110.385611889323982, -7.828727361711901 ] ] ] } },
{ "type": "Feature", "properties": { "hex_id": 24, "luas_km2": 0.1039, "poi_total": 5, "poi_kuliner": 0, "poi_peribadatan": 1, "poi_kesehatan": 0, "poi_pendidikan": 4, "poi_perkantoran": 0, "poi_pariwisata": 0, "poi_perdagangan": 0, "poi_transportasi": 0, "penduduk": 879, "volume_mean": 518.28016145417484, "norm_volume": 10.8039, "norm_poi": 16.4688, "norm_penduduk": 38.9176, "skor_total_ahp": 17.0923, "ranking": 322, "klasifikasi_potensi": "Sangat Rendah" }, "geometry": { "type": "Polygon", "coordinates": [ [ [ 110.388753902055527, -7.828731926766175 ], [ 110.387184216849775, -7.827825136405148 ], [ 110.385611889323982, -7.828727361711901 ], [ 110.385609239284179, -7.830536382578981 ], [ 110.387178930320545, -7.831443179208263 ], [ 110.3887512655661, -7.83054094870085 ], [ 110.388753902055527, -7.828731926766175 ] ] ] } },
{ "type": "Feature", "properties": { "hex_id": 25, "luas_km2": 0.1039, "poi_total": 8, "poi_kuliner": 4, "poi_peribadatan": 1, "poi_kesehatan": 0, "poi_pendidikan": 3, "poi_perkantoran": 0, "poi_pariwisata": 0, "poi_perdagangan": 0, "poi_transportasi": 0, "penduduk": 913, "volume_mean": 487.09202179646417, "norm_volume": 9.0491, "norm_poi": 25.75, "norm_penduduk": 40.3843, "skor_total_ahp": 19.1457, "ranking": 303, "klasifikasi_potensi": "Sangat Rendah" }, "geometry": { "type": "Polygon", "coordinates": [ [ [ 110.391895916671373, -7.82873646841816 ], [ 110.390326223750691, -7.827829689225859 ], [ 110.388753902055527, -7.828731926766175 ], [ 110.3887512655661, -7.83054094870085 ], [ 110.390320964322257, -7.831447734158696 ], [ 110.391893293732366, -7.830545491414959 ], [ 110.391895916671373, -7.82873646841816 ] ] ] } },
{ "type": "Feature", "properties": { "hex_id": 26, "luas_km2": 0.1039, "poi_total": 3, "poi_kuliner": 0, "poi_peribadatan": 1, "poi_kesehatan": 1, "poi_pendidikan": 1, "poi_perkantoran": 0, "poi_pariwisata": 0, "poi_perdagangan": 0, "poi_transportasi": 0, "penduduk": 492, "volume_mean": 513.74507232471638, "norm_volume": 10.5488, "norm_poi": 10.2812, "norm_penduduk": 22.2235, "skor_total_ahp": 12.3813, "ranking": 348, "klasifikasi_potensi": "Sangat Rendah" }, "geometry": { "type": "Polygon", "coordinates": [ [ [ 110.395037933161802, -7.828740986667786 ], [ 110.393468232531035, -7.827834218646984 ], [ 110.391895916671373, -7.82873646841816 ], [ 110.391893293732366, -7.830545491414959 ], [ 110.393463000203468, -7.831452265698593 ], [ 110.395035323773271, -7.83055001072124 ], [ 110.395037933161802, -7.828740986667786 ] ] ] } },
{ "type": "Feature", "properties": { "hex_id": 27, "luas_km2": 0.1039, "poi_total": 0, "poi_kuliner": 0, "poi_peribadatan": 0, "poi_kesehatan": 0, "poi_pendidikan": 0, "poi_perkantoran": 0, "poi_pariwisata": 0, "poi_perdagangan": 0, "poi_transportasi": 0, "penduduk": 10, "volume_mean": 545.85199175694197, "norm_volume": 12.3553, "norm_poi": 1.0, "norm_penduduk": 1.4314, "skor_total_ahp": 7.1907, "ranking": 374, "klasifikasi_potensi": "Sangat Rendah" }, "geometry": { "type": "Polygon", "coordinates": [ [ [ 110.398179951517164, -7.828745481514991 ], [ 110.396610243181115, -7.827838724668455 ], [ 110.395037933161802, -7.828740986667786 ], [ 110.395035323773271, -7.83055001072124 ], [ 110.396605037954515, -7.831456773827896 ], [ 110.398177355679124, -7.830554506619622 ], [ 110.398179951517164, -7.828745481514991 ] ] ] } },
{ "type": "Feature", "properties": { "hex_id": 28, "luas_km2": 0.1039, "poi_total": 7, "poi_kuliner": 0, "poi_peribadatan": 3, "poi_kesehatan": 0, "poi_pendidikan": 2, "poi_perkantoran": 0, "poi_pariwisata": 0, "poi_perdagangan": 2, "poi_transportasi": 0, "penduduk": 979, "volume_mean": 563.14588859261869, "norm_volume": 13.3283, "norm_poi": 22.6562, "norm_penduduk": 43.2314, "skor_total_ahp": 20.9987, "ranking": 282, "klasifikasi_potensi": "Rendah" }, "geometry": { "type": "Polygon", "coordinates": [ [ [ 110.401321971727754, -7.828749952959707 ], [ 110.399752255691254, -7.827843207290205 ], [ 110.398179951517164, -7.828745481514991 ], [ 110.398177355679124, -7.830554506619622 ], [ 110.399747077565678, -7.831461258546527 ], [ 110.401319389440246, -7.83055897911004 ], [ 110.401321971727754, -7.828749952959707 ] ] ] } },
{ "type": "Feature", "properties": { "hex_id": 29, "luas_km2": 0.1039, "poi_total": 9, "poi_kuliner": 1, "poi_peribadatan": 3, "poi_kesehatan": 0, "poi_pendidikan": 5, "poi_perkantoran": 0, "poi_pariwisata": 0, "poi_perdagangan": 0, "poi_transportasi": 0, "penduduk": 1248, "volume_mean": 580.11469623849621, "norm_volume": 14.2831, "norm_poi": 28.8438, "norm_penduduk": 54.8353, "skor_total_ahp": 25.253, "ranking": 236, "klasifikasi_potensi": "Rendah" }, "geometry": { "type": "Polygon", "coordinates": [ [ [ 110.404463993783892, -7.828754401001861 ], [ 110.40289427005176, -7.827847666512167 ], [ 110.401321971727754, -7.828749952959707 ], [ 110.401319389440246, -7.83055897911004 ], [ 110.402889119027307, -7.831465719854428 ], [ 110.404461425046961, -7.830563428192426 ], [ 110.404463993783892, -7.828754401001861 ] ] ] } },
{ "type": "Feature", "properties": { "hex_id": 30, "luas_km2": 0.1039, "poi_total": 0, "poi_kuliner": 0, "poi_peribadatan": 0, "poi_kesehatan": 0, "poi_pendidikan": 0, "poi_perkantoran": 0, "poi_pariwisata": 0, "poi_perdagangan": 0, "poi_transportasi": 0, "penduduk": 127, "volume_mean": 594.166835900509, "norm_volume": 15.0737, "norm_poi": 1.0, "norm_penduduk": 6.4784, "skor_total_ahp": 9.4825, "ranking": 364, "klasifikasi_potensi": "Sangat Rendah" }, "geometry": { "type": "Polygon", "coordinates": [ [ [ 110.407606017675903, -7.828758825641391 ], [ 110.406036286252956, -7.827852102334272 ], [ 110.404463993783892, -7.828754401001861 ], [ 110.404461425046961, -7.830563428192426 ], [ 110.406031162329697, -7.831470157751523 ], [ 110.40760346248959, -7.830567853866716 ], [ 110.407606017675903, -7.828758825641391 ] ] ] } },
{ "type": "Feature", "properties": { "hex_id": 31, "luas_km2": 0.1039, "poi_total": 0, "poi_kuliner": 0, "poi_peribadatan": 0, "poi_kesehatan": 0, "poi_pendidikan": 0, "poi_perkantoran": 0, "poi_pariwisata": 0, "poi_perdagangan": 0, "poi_transportasi": 0, "penduduk": 16, "volume_mean": 701.9766406514525, "norm_volume": 21.1397, "norm_poi": 1.0, "norm_penduduk": 1.6902, "skor_total_ahp": 11.9675, "ranking": 351, "klasifikasi_potensi": "Sangat Rendah" }, "geometry": { "type": "Polygon", "coordinates": [ [ [ 110.352625059069908, -7.825964501463773 ], [ 110.351055472591611, -7.82505758359161 ], [ 110.349483089022499, -7.825959668983953 ], [ 110.349480284158929, -7.827768677414007 ], [ 110.351049876409519, -7.828675601583595 ], [ 110.352622267751386, -7.827773511024343 ], [ 110.352625059069908, -7.825964501463773 ] ] ] } },
{ "type": "Feature", "properties": { "hex_id": 32, "luas_km2": 0.1039, "poi_total": 1, "poi_kuliner": 0, "poi_peribadatan": 0, "poi_kesehatan": 0, "poi_pendidikan": 0, "poi_perkantoran": 0, "poi_pariwisata": 0, "poi_perdagangan": 1, "poi_transportasi": 0, "penduduk": 156, "volume_mean": 671.46686883888174, "norm_volume": 19.423, "norm_poi": 4.0938, "norm_penduduk": 7.7294, "skor_total_ahp": 12.9511, "ranking": 345, "klasifikasi_potensi": "Sangat Rendah" }, "geometry": { "type": "Polygon", "coordinates": [ [ [ 110.35576703111289, -7.825969310550319 ], [ 110.35419743686667, -7.825062403810913 ], [ 110.352625059069908, -7.825964501463773 ], [ 110.352622267751386, -7.827773511024343 ], [ 110.354191867774773, -7.828680424058463 ], [ 110.355764253339487, -7.827778321235935 ], [ 110.35576703111289, -7.825969310550319 ] ] ] } },
{ "type": "Feature", "properties": { "hex_id": 33, "luas_km2": 0.1039, "poi_total": 2, "poi_kuliner": 0, "poi_peribadatan": 2, "poi_kesehatan": 0, "poi_pendidikan": 0, "poi_perkantoran": 0, "poi_pariwisata": 0, "poi_perdagangan": 0, "poi_transportasi": 0, "penduduk": 224, "volume_mean": 633.0705385202067, "norm_volume": 17.2627, "norm_poi": 7.1875, "norm_penduduk": 10.6627, "skor_total_ahp": 13.1868, "ranking": 343, "klasifikasi_potensi": "Sangat Rendah" }, "geometry": { "type": "Polygon", "coordinates": [ [ [ 110.358909005141783, -7.825974096243518 ], [ 110.357339403132485, -7.825067200639641 ], [ 110.35576703111289, -7.825969310550319 ], [ 110.355764253339487, -7.827778321235935 ], [ 110.357333861130812, -7.828685223131815 ], [ 110.358906240913527, -7.827783108048709 ], [ 110.358909005141783, -7.825974096243518 ] ] ] } },
{ "type": "Feature", "properties": { "hex_id": 34, "luas_km2": 0.1039, "poi_total": 1, "poi_kuliner": 0, "poi_peribadatan": 0, "poi_kesehatan": 0, "poi_pendidikan": 1, "poi_perkantoran": 0, "poi_pariwisata": 0, "poi_perdagangan": 0, "poi_transportasi": 0, "penduduk": 39, "volume_mean": 594.49072328751208, "norm_volume": 15.092, "norm_poi": 4.0938, "norm_penduduk": 2.6824, "skor_total_ahp": 9.7902, "ranking": 362, "klasifikasi_potensi": "Sangat Rendah" }, "geometry": { "type": "Polygon", "coordinates": [ [ [ 110.362050981146908, -7.8259788585433 ], [ 110.360481371379322, -7.825071974077725 ], [ 110.358909005141783, -7.825974096243518 ], [ 110.358906240913527, -7.827783108048709 ], [ 110.360475856468, -7.828689998803577 ], [ 110.362048230463827, -7.827787871462593 ], [ 110.362050981146908, -7.8259788585433 ] ] ] } },
{ "type": "Feature", "properties": { "hex_id": 35, "luas_km2": 0.1039, "poi_total": 0, "poi_kuliner": 0, "poi_peribadatan": 0, "poi_kesehatan": 0, "poi_pendidikan": 0, "poi_perkantoran": 0, "poi_pariwisata": 0, "poi_perdagangan": 0, "poi_transportasi": 0, "penduduk": 94, "volume_mean": 564.36457531194014, "norm_volume": 13.3969, "norm_poi": 1.0, "norm_penduduk": 5.0549, "skor_total_ahp": 8.3456, "ranking": 372, "klasifikasi_potensi": "Sangat Rendah" }, "geometry": { "type": "Polygon", "coordinates": [ [ [ 110.365192959118559, -7.825983597449591 ], [ 110.363623341597531, -7.825076724125092 ], [ 110.362050981146908, -7.8259788585433 ], [ 110.362048230463827, -7.827787871462593 ], [ 110.363617853776617, -7.828694751073675 ], [ 110.365190221980725, -7.827792611477516 ], [ 110.365192959118559, -7.825983597449591 ] ] ] } },
{ "type": "Feature", "properties": { "hex_id": 36, "luas_km2": 0.1039, "poi_total": 3, "poi_kuliner": 1, "poi_peribadatan": 0, "poi_kesehatan": 2, "poi_pendidikan": 0, "poi_perkantoran": 0, "poi_pariwisata": 0, "poi_perdagangan": 0, "poi_transportasi": 0, "penduduk": 277, "volume_mean": 522.6357684243319, "norm_volume": 11.049, "norm_poi": 10.2812, "norm_penduduk": 12.949, "skor_total_ahp": 11.132, "ranking": 354, "klasifikasi_potensi": "Sangat Rendah" }, "geometry": { "type": "Polygon", "coordinates": [ [ [ 110.368334939047074, -7.825988312962324 ], [ 110.366765313777407, -7.825081450781672 ], [ 110.365192959118559, -7.825983597449591 ], [ 110.365190221980725, -7.827792611477516 ], [ 110.366759853047, -7.82869947994204 ], [ 110.368332215454515, -7.827797328093407 ], [ 110.368334939047074, -7.825988312962324 ] ] ] } },
{ "type": "Feature", "properties": { "hex_id": 37, "luas_km2": 0.1039, "poi_total": 0, "poi_kuliner": 0, "poi_peribadatan": 0, "poi_kesehatan": 0, "poi_pendidikan": 0, "poi_perkantoran": 0, "poi_pariwisata": 0, "poi_perdagangan": 0, "poi_transportasi": 0, "penduduk": 51, "volume_mean": 521.77929973663549, "norm_volume": 11.0008, "norm_poi": 1.0, "norm_penduduk": 3.2, "skor_total_ahp": 6.7504, "ranking": 376, "klasifikasi_potensi": "Sangat Rendah" }, "geometry": { "type": "Polygon", "coordinates": [ [ [ 110.371476920922746, -7.825993005081425 ], [ 110.369907287909285, -7.825086154047392 ], [ 110.368334939047074, -7.825988312962324 ], [ 110.368332215454515, -7.827797328093407 ], [ 110.369901854269472, -7.828704185408604 ], [ 110.371474210875519, -7.827802021310195 ], [ 110.371476920922746, -7.825993005081425 ] ] ] } },
{ "type": "Feature", "properties": { "hex_id": 38, "luas_km2": 0.1039, "poi_total": 0, "poi_kuliner": 0, "poi_peribadatan": 0, "poi_kesehatan": 0, "poi_pendidikan": 0, "poi_perkantoran": 0, "poi_pariwisata": 0, "poi_perdagangan": 0, "poi_transportasi": 0, "penduduk": 39, "volume_mean": 508.01123738319484, "norm_volume": 10.2262, "norm_poi": 1.0, "norm_penduduk": 2.6824, "skor_total_ahp": 6.2481, "ranking": 378, "klasifikasi_potensi": "Sangat Rendah" }, "geometry": { "type": "Polygon", "coordinates": [ [ [ 110.374618904735939, -7.825997673806832 ], [ 110.373049263983475, -7.825090833922183 ], [ 110.371476920922746, -7.825993005081425 ], [ 110.371474210875519, -7.827802021310195 ], [ 110.373043857434325, -7.828708867473291 ], [ 110.374616208234045, -7.82780669112781 ], [ 110.374618904735939, -7.825997673806832 ] ] ] } },
{ "type": "Feature", "properties": { "hex_id": 39, "luas_km2": 0.1039, "poi_total": 3, "poi_kuliner": 0, "poi_peribadatan": 1, "poi_kesehatan": 1, "poi_pendidikan": 1, "poi_perkantoran": 0, "poi_pariwisata": 0, "poi_perdagangan": 0, "poi_transportasi": 0, "penduduk": 655, "volume_mean": 503.10791828900693, "norm_volume": 9.9503, "norm_poi": 10.2812, "norm_penduduk": 29.2549, "skor_total_ahp": 13.2104, "ranking": 342, "klasifikasi_potensi": "Sangat Rendah" }, "geometry": { "type": "Polygon", "coordinates": [ [ [ 110.377760890476907, -7.826002319138467 ], [ 110.376191241990284, -7.825095490405978 ], [ 110.374618904735939, -7.825997673806832 ], [ 110.374616208234045, -7.82780669112781 ], [ 110.376185862531884, -7.828713526136031 ], [ 110.377758207520429, -7.827811337546177 ], [ 110.377760890476907, -7.826002319138467 ] ] ] } },
{ "type": "Feature", "properties": { "hex_id": 40, "luas_km2": 0.1039, "poi_total": 2, "poi_kuliner": 0, "poi_peribadatan": 1, "poi_kesehatan": 1, "poi_pendidikan": 0, "poi_perkantoran": 0, "poi_pariwisata": 0, "poi_perdagangan": 0, "poi_transportasi": 0, "penduduk": 913, "volume_mean": 492.8474350509789, "norm_volume": 9.373, "norm_poi": 7.1875, "norm_penduduk": 40.3843, "skor_total_ahp": 13.8024, "ranking": 340, "klasifikasi_potensi": "Sangat Rendah" }, "geometry": { "type": "Polygon", "coordinates": [ [ [ 110.380902878136013, -7.826006941076258 ], [ 110.379333221920035, -7.825100123498704 ], [ 110.377760890476921, -7.826002319138467 ], [ 110.377758207520429, -7.827811337546177 ], [ 110.379327869552469, -7.828718161396761 ], [ 110.380900208724952, -7.82781596056524 ], [ 110.380902878136013, -7.826006941076258 ] ] ] } },
{ "type": "Feature", "properties": { "hex_id": 41, "luas_km2": 0.1039, "poi_total": 4, "poi_kuliner": 0, "poi_peribadatan": 3, "poi_kesehatan": 0, "poi_pendidikan": 1, "poi_perkantoran": 0, "poi_pariwisata": 0, "poi_perdagangan": 0, "poi_transportasi": 0, "penduduk": 913, "volume_mean": 532.71090810685757, "norm_volume": 11.6159, "norm_poi": 13.375, "norm_penduduk": 40.3843, "skor_total_ahp": 16.8505, "ranking": 324, "klasifikasi_potensi": "Sangat Rendah" }, "geometry": { "type": "Polygon", "coordinates": [ [ [ 110.384044867703551, -7.826011539620145 ], [ 110.38247520376305, -7.825104733200289 ], [ 110.380902878136013, -7.826006941076258 ], [ 110.380900208724952, -7.82781596056524 ], [ 110.382469878486404, -7.828722773255406 ], [ 110.384042211837979, -7.827820560184917 ], [ 110.384044867703551, -7.826011539620145 ] ] ] } },
{ "type": "Feature", "properties": { "hex_id": 42, "luas_km2": 0.1039, "poi_total": 6, "poi_kuliner": 2, "poi_peribadatan": 1, "poi_kesehatan": 0, "poi_pendidikan": 3, "poi_perkantoran": 0, "poi_pariwisata": 0, "poi_perdagangan": 0, "poi_transportasi": 0, "penduduk": 913, "volume_mean": 511.83076543139805, "norm_volume": 10.4411, "norm_poi": 19.5625, "norm_penduduk": 40.3843, "skor_total_ahp": 18.0566, "ranking": 313, "klasifikasi_potensi": "Sangat Rendah" }, "geometry": { "type": "Polygon", "coordinates": [ [ [ 110.38718685916983, -7.826016114770055 ], [ 110.385617187509624, -7.825109319510672 ], [ 110.384044867703551, -7.826011539620145 ], [ 110.384042211837979, -7.827820560184917 ], [ 110.385611889323982, -7.828727361711901 ], [ 110.387184216849775, -7.827825136405148 ], [ 110.38718685916983, -7.826016114770055 ] ] ] } },
{ "type": "Feature", "properties": { "hex_id": 43, "luas_km2": 0.1039, "poi_total": 11, "poi_kuliner": 2, "poi_peribadatan": 1, "poi_kesehatan": 6, "poi_pendidikan": 2, "poi_perkantoran": 0, "poi_pariwisata": 0, "poi_perdagangan": 0, "poi_transportasi": 0, "penduduk": 913, "volume_mean": 418.46179805227581, "norm_volume": 5.1876, "norm_poi": 35.0312, "norm_penduduk": 40.3843, "skor_total_ahp": 19.8234, "ranking": 294, "klasifikasi_potensi": "Rendah" }, "geometry": { "type": "Polygon", "coordinates": [ [ [ 110.390328852525187, -7.82602066652592 ], [ 110.388759173150106, -7.825113882429779 ], [ 110.38718685916983, -7.826016114770055 ], [ 110.387184216849775, -7.827825136405148 ], [ 110.388753902055527, -7.828731926766175 ], [ 110.390326223750691, -7.827829689225859 ], [ 110.390328852525187, -7.82602066652592 ] ] ] } },
{ "type": "Feature", "properties": { "hex_id": 44, "luas_km2": 0.1039, "poi_total": 7, "poi_kuliner": 1, "poi_peribadatan": 2, "poi_kesehatan": 2, "poi_pendidikan": 2, "poi_perkantoran": 0, "poi_pariwisata": 0, "poi_perdagangan": 0, "poi_transportasi": 0, "penduduk": 982, "volume_mean": 425.31071420755649, "norm_volume": 5.573, "norm_poi": 22.6562, "norm_penduduk": 43.3608, "skor_total_ahp": 16.84, "ranking": 325, "klasifikasi_potensi": "Sangat Rendah" }, "geometry": { "type": "Polygon", "coordinates": [ [ [ 110.393470847759943, -7.826025194887666 ], [ 110.391901160674792, -7.825118421957542 ], [ 110.390328852525187, -7.82602066652592 ], [ 110.390326223750691, -7.827829689225859 ], [ 110.391895916671373, -7.82873646841816 ], [ 110.393468232531035, -7.827834218646984 ], [ 110.393470847759943, -7.826025194887666 ] ] ] } },
{ "type": "Feature", "properties": { "hex_id": 45, "luas_km2": 0.1039, "poi_total": 9, "poi_kuliner": 2, "poi_peribadatan": 2, "poi_kesehatan": 1, "poi_pendidikan": 3, "poi_perkantoran": 1, "poi_pariwisata": 0, "poi_perdagangan": 0, "poi_transportasi": 0, "penduduk": 776, "volume_mean": 498.02600630973149, "norm_volume": 9.6643, "norm_poi": 28.8438, "norm_penduduk": 34.4745, "skor_total_ahp": 19.429, "ranking": 297, "klasifikasi_potensi": "Rendah" }, "geometry": { "type": "Polygon", "coordinates": [ [ [ 110.396612844864379, -7.826029699855239 ], [ 110.395043150074002, -7.825122938093894 ], [ 110.393470847759943, -7.826025194887666 ], [ 110.393468232531035, -7.827834218646984 ], [ 110.395037933161802, -7.828740986667786 ], [ 110.396610243181115, -7.827838724668455 ], [ 110.396612844864379, -7.826029699855239 ] ] ] } },
{ "type": "Feature", "properties": { "hex_id": 46, "luas_km2": 0.1039, "poi_total": 8, "poi_kuliner": 2, "poi_peribadatan": 2, "poi_kesehatan": 2, "poi_pendidikan": 1, "poi_perkantoran": 1, "poi_pariwisata": 0, "poi_perdagangan": 0, "poi_transportasi": 0, "penduduk": 951, "volume_mean": 518.88672571322047, "norm_volume": 10.8381, "norm_poi": 25.75, "norm_penduduk": 42.0235, "skor_total_ahp": 20.3783, "ranking": 288, "klasifikasi_potensi": "Rendah" }, "geometry": { "type": "Polygon", "coordinates": [ [ [ 110.399754843828845, -7.82603418142856 ], [ 110.398185141338033, -7.825127430838765 ], [ 110.396612844864379, -7.826029699855239 ], [ 110.396610243181129, -7.827838724668455 ], [ 110.398179951517164, -7.828745481514991 ], [ 110.399752255691254, -7.827843207290205 ], [ 110.399754843828845, -7.82603418142856 ] ] ] } },
{ "type": "Feature", "properties": { "hex_id": 47, "luas_km2": 0.1039, "poi_total": 13, "poi_kuliner": 3, "poi_peribadatan": 6, "poi_kesehatan": 2, "poi_pendidikan": 2, "poi_perkantoran": 0, "poi_pariwisata": 0, "poi_perdagangan": 0, "poi_transportasi": 0, "penduduk": 1248, "volume_mean": 525.4124040363215, "norm_volume": 11.2052, "norm_poi": 41.2188, "norm_penduduk": 54.8353, "skor_total_ahp": 27.2728, "ranking": 219, "klasifikasi_potensi": "Sedang" }, "geometry": { "type": "Polygon", "coordinates": [ [ [ 110.402896844643635, -7.826038639607565 ], [ 110.401327134457233, -7.825131900192095 ], [ 110.399754843828845, -7.82603418142856 ], [ 110.399752255691254, -7.827843207290205 ], [ 110.401321971727754, -7.828749952959707 ], [ 110.40289427005176, -7.827847666512167 ], [ 110.402896844643635, -7.826038639607565 ] ] ] } },
{ "type": "Feature", "properties": { "hex_id": 48, "luas_km2": 0.1039, "poi_total": 12, "poi_kuliner": 3, "poi_peribadatan": 2, "poi_kesehatan": 6, "poi_pendidikan": 1, "poi_perkantoran": 0, "poi_pariwisata": 0, "poi_perdagangan": 0, "poi_transportasi": 0, "penduduk": 808, "volume_mean": 548.44426582316748, "norm_volume": 12.5011, "norm_poi": 38.125, "norm_penduduk": 35.8549, "skor_total_ahp": 23.9429, "ranking": 251, "klasifikasi_potensi": "Rendah" }, "geometry": { "type": "Polygon", "coordinates": [ [ [ 110.406038847299072, -7.826043074392187 ], [ 110.404469129421912, -7.825136346153813 ], [ 110.402896844643635, -7.826038639607565 ], [ 110.40289427005176, -7.827847666512167 ], [ 110.404463993783892, -7.828754401001861 ], [ 110.406036286252956, -7.827852102334272 ], [ 110.406038847299072, -7.826043074392187 ] ] ] } },
{ "type": "Feature", "properties": { "hex_id": 49, "luas_km2": 0.1039, "poi_total": 4, "poi_kuliner": 2, "poi_peribadatan": 2, "poi_kesehatan": 0, "poi_pendidikan": 0, "poi_perkantoran": 0, "poi_pariwisata": 0, "poi_perdagangan": 0, "poi_transportasi": 0, "penduduk": 1097, "volume_mean": 677.85849156737015, "norm_volume": 19.7827, "norm_poi": 13.375, "norm_penduduk": 48.3216, "skor_total_ahp": 22.5521, "ranking": 267, "klasifikasi_potensi": "Rendah" }, "geometry": { "type": "Polygon", "coordinates": [ [ [ 110.354200220417269, -7.823253393453538 ], [ 110.352630639711336, -7.822346481875428 ], [ 110.351058269682454, -7.823248574362002 ], [ 110.351055472591611, -7.82505758359161 ], [ 110.352625059069908, -7.825964501463773 ], [ 110.35419743686667, -7.825062403810913 ], [ 110.354200220417269, -7.823253393453538 ] ] ] } },
{ "type": "Feature", "properties": { "hex_id": 50, "luas_km2": 0.1039, "poi_total": 8, "poi_kuliner": 2, "poi_peribadatan": 2, "poi_kesehatan": 1, "poi_pendidikan": 0, "poi_perkantoran": 0, "poi_pariwisata": 0, "poi_perdagangan": 3, "poi_transportasi": 0, "penduduk": 1413, "volume_mean": 634.58171881000874, "norm_volume": 17.3477, "norm_poi": 25.75, "norm_penduduk": 61.9529, "skor_total_ahp": 27.1508, "ranking": 221, "klasifikasi_potensi": "Sedang" }, "geometry": { "type": "Polygon", "coordinates": [ [ [ 110.357342173142783, -7.82325818915997 ], [ 110.355772584673787, -7.822351288711905 ], [ 110.354200220417269, -7.823253393453538 ], [ 110.35419743686667, -7.825062403810913 ], [ 110.35576703111289, -7.825969310550319 ], [ 110.357339403132485, -7.825067200639641 ], [ 110.357342173142783, -7.82325818915997 ] ] ] } },
{ "type": "Feature", "properties": { "hex_id": 51, "luas_km2": 0.1039, "poi_total": 6, "poi_kuliner": 2, "poi_peribadatan": 2, "poi_kesehatan": 1, "poi_pendidikan": 1, "poi_perkantoran": 0, "poi_pariwisata": 0, "poi_perdagangan": 0, "poi_transportasi": 0, "penduduk": 1242, "volume_mean": 566.52827827297915, "norm_volume": 13.5186, "norm_poi": 19.5625, "norm_penduduk": 54.5765, "skor_total_ahp": 22.0397, "ranking": 272, "klasifikasi_potensi": "Rendah" }, "geometry": { "type": "Polygon", "coordinates": [ [ [ 110.360484127849304, -7.823262961481229 ], [ 110.358914531622077, -7.822356072165986 ], [ 110.357342173142783, -7.82325818915997 ], [ 110.357339403132485, -7.825067200639641 ], [ 110.358909005141783, -7.825974096243518 ], [ 110.360481371379322, -7.825071974077725 ], [ 110.360484127849304, -7.823262961481229 ] ] ] } },
{ "type": "Feature", "properties": { "hex_id": 52, "luas_km2": 0.1039, "poi_total": 8, "poi_kuliner": 3, "poi_peribadatan": 1, "poi_kesehatan": 3, "poi_pendidikan": 1, "poi_perkantoran": 0, "poi_pariwisata": 0, "poi_perdagangan": 0, "poi_transportasi": 0, "penduduk": 1297, "volume_mean": 518.42988281644534, "norm_volume": 10.8124, "norm_poi": 25.75, "norm_penduduk": 56.949, "skor_total_ahp": 22.809, "ranking": 264, "klasifikasi_potensi": "Rendah" }, "geometry": { "type": "Polygon", "coordinates": [ [ [ 110.363626084527141, -7.823267710417245 ], [ 110.362056480546499, -7.822360832237591 ], [ 110.360484127849304, -7.823262961481229 ], [ 110.360481371379322, -7.825071974077725 ], [ 110.362050981146908, -7.8259788585433 ], [ 110.363623341597531, -7.825076724125092 ], [ 110.363626084527141, -7.823267710417245 ] ] ] } },
{ "type": "Feature", "properties": { "hex_id": 53, "luas_km2": 0.1039, "poi_total": 13, "poi_kuliner": 3, "poi_peribadatan": 1, "poi_kesehatan": 6, "poi_pendidikan": 2, "poi_perkantoran": 1, "poi_pariwisata": 0, "poi_perdagangan": 0, "poi_transportasi": 0, "penduduk": 1362, "volume_mean": 514.65306945062605, "norm_volume": 10.5999, "norm_poi": 41.2188, "norm_penduduk": 59.7529, "skor_total_ahp": 27.7519, "ranking": 215, "klasifikasi_potensi": "Sedang" }, "geometry": { "type": "Polygon", "coordinates": [ [ [ 110.366768043166601, -7.823272435967944 ], [ 110.365198431437364, -7.822365568926652 ], [ 110.363626084527141, -7.823267710417245 ], [ 110.363623341597531, -7.825076724125092 ], [ 110.365192959118559, -7.825983597449591 ], [ 110.366765313777407, -7.825081450781672 ], [ 110.366768043166601, -7.823272435967944 ] ] ] } },
{ "type": "Feature", "properties": { "hex_id": 54, "luas_km2": 0.1039, "poi_total": 9, "poi_kuliner": 5, "poi_peribadatan": 0, "poi_kesehatan": 2, "poi_pendidikan": 0, "poi_perkantoran": 1, "poi_pariwisata": 1, "poi_perdagangan": 0, "poi_transportasi": 0, "penduduk": 1316, "volume_mean": 483.80386648826232, "norm_volume": 8.8641, "norm_poi": 28.8438, "norm_penduduk": 57.7686, "skor_total_ahp": 22.8128, "ranking": 263, "klasifikasi_potensi": "Rendah" }, "geometry": { "type": "Polygon", "coordinates": [ [ [ 110.369910003758022, -7.823277138133258 ], [ 110.368340384285034, -7.822370282233098 ], [ 110.366768043166601, -7.823272435967944 ], [ 110.366765313777407, -7.825081450781672 ], [ 110.368334939047074, -7.825988312962324 ], [ 110.369907287909285, -7.825086154047392 ], [ 110.369910003758022, -7.823277138133258 ] ] ] } },
{ "type": "Feature", "properties": { "hex_id": 55, "luas_km2": 0.1039, "poi_total": 4, "poi_kuliner": 1, "poi_peribadatan": 1, "poi_kesehatan": 0, "poi_pendidikan": 2, "poi_perkantoran": 0, "poi_pariwisata": 0, "poi_perdagangan": 0, "poi_transportasi": 0, "penduduk": 1128, "volume_mean": 477.71806092783999, "norm_volume": 8.5217, "norm_poi": 13.375, "norm_penduduk": 49.6588, "skor_total_ahp": 16.7019, "ranking": 326, "klasifikasi_potensi": "Sangat Rendah" }, "geometry": { "type": "Polygon", "coordinates": [ [ [ 110.373051966291712, -7.823281816913115 ], [ 110.371482339079762, -7.822374972156863 ], [ 110.369910003758022, -7.823277138133258 ], [ 110.369907287909285, -7.825086154047392 ], [ 110.371476920922746, -7.825993005081425 ], [ 110.373049263983475, -7.825090833922183 ], [ 110.373051966291712, -7.823281816913115 ] ] ] } },
{ "type": "Feature", "properties": { "hex_id": 56, "luas_km2": 0.1039, "poi_total": 4, "poi_kuliner": 1, "poi_peribadatan": 0, "poi_kesehatan": 0, "poi_pendidikan": 2, "poi_perkantoran": 0, "poi_pariwisata": 0, "poi_perdagangan": 1, "poi_transportasi": 0, "penduduk": 810, "volume_mean": 463.43119519066641, "norm_volume": 7.7179, "norm_poi": 13.375, "norm_penduduk": 35.9412, "skor_total_ahp": 14.0219, "ranking": 339, "klasifikasi_potensi": "Sangat Rendah" }, "geometry": { "type": "Polygon", "coordinates": [ [ [ 110.376193930757992, -7.823286472307446 ], [ 110.374624295811913, -7.822379638697871 ], [ 110.373051966291712, -7.823281816913115 ], [ 110.373049263983475, -7.825090833922183 ], [ 110.374618904735939, -7.825997673806832 ], [ 110.37619124199027, -7.825095490405978 ], [ 110.376193930757992, -7.823286472307446 ] ] ] } },
{ "type": "Feature", "properties": { "hex_id": 57, "luas_km2": 0.1039, "poi_total": 10, "poi_kuliner": 2, "poi_peribadatan": 4, "poi_kesehatan": 4, "poi_pendidikan": 0, "poi_perkantoran": 0, "poi_pariwisata": 0, "poi_perdagangan": 0, "poi_transportasi": 0, "penduduk": 913, "volume_mean": 460.79712834834748, "norm_volume": 7.5696, "norm_poi": 31.9375, "norm_penduduk": 40.3843, "skor_total_ahp": 20.1876, "ranking": 289, "klasifikasi_potensi": "Rendah" }, "geometry": { "type": "Polygon", "coordinates": [ [ [ 110.379335897147172, -7.823291104316182 ], [ 110.37776625447178, -7.822384281856053 ], [ 110.376193930757992, -7.823286472307446 ], [ 110.376191241990284, -7.825095490405978 ], [ 110.377760890476907, -7.826002319138467 ], [ 110.379333221920035, -7.825100123498704 ], [ 110.379335897147172, -7.823291104316182 ] ] ] } },
{ "type": "Feature", "properties": { "hex_id": 58, "luas_km2": 0.1039, "poi_total": 13, "poi_kuliner": 5, "poi_peribadatan": 1, "poi_kesehatan": 3, "poi_pendidikan": 2, "poi_perkantoran": 2, "poi_pariwisata": 0, "poi_perdagangan": 0, "poi_transportasi": 0, "penduduk": 913, "volume_mean": 500.77567851736319, "norm_volume": 9.819, "norm_poi": 41.2188, "norm_penduduk": 40.3843, "skor_total_ahp": 24.1589, "ranking": 248, "klasifikasi_potensi": "Rendah" }, "geometry": { "type": "Polygon", "coordinates": [ [ [ 110.382477865449573, -7.823295712939255 ], [ 110.380908215049701, -7.822388901631344 ], [ 110.379335897147172, -7.823291104316182 ], [ 110.379333221920035, -7.825100123498704 ], [ 110.380902878136013, -7.826006941076258 ], [ 110.38247520376305, -7.825104733200289 ], [ 110.382477865449573, -7.823295712939255 ] ] ] } },
{ "type": "Feature", "properties": { "hex_id": 59, "luas_km2": 0.1039, "poi_total": 15, "poi_kuliner": 3, "poi_peribadatan": 3, "poi_kesehatan": 5, "poi_pendidikan": 4, "poi_perkantoran": 0, "poi_pariwisata": 0, "poi_perdagangan": 0, "poi_transportasi": 0, "penduduk": 913, "volume_mean": 528.72751002126552, "norm_volume": 11.3918, "norm_poi": 47.4062, "norm_penduduk": 40.3843, "skor_total_ahp": 26.8458, "ranking": 224, "klasifikasi_potensi": "Sedang" }, "geometry": { "type": "Polygon", "coordinates": [ [ [ 110.385619835655504, -7.823300298176592 ], [ 110.384050177535954, -7.822393498023672 ], [ 110.382477865449573, -7.823295712939255 ], [ 110.38247520376305, -7.825104733200289 ], [ 110.384044867703551, -7.826011539620145 ], [ 110.385617187509624, -7.825109319510672 ], [ 110.385619835655504, -7.823300298176592 ] ] ] } },
{ "type": "Feature", "properties": { "hex_id": 60, "luas_km2": 0.1039, "poi_total": 9, "poi_kuliner": 2, "poi_peribadatan": 3, "poi_kesehatan": 2, "poi_pendidikan": 1, "poi_perkantoran": 1, "poi_pariwisata": 0, "poi_perdagangan": 0, "poi_transportasi": 0, "penduduk": 913, "volume_mean": 472.29354536849297, "norm_volume": 8.2165, "norm_poi": 28.8438, "norm_penduduk": 40.3843, "skor_total_ahp": 19.6166, "ranking": 296, "klasifikasi_potensi": "Rendah" }, "geometry": { "type": "Polygon", "coordinates": [ [ [ 110.388761807755287, -7.823304860028129 ], [ 110.387192141920906, -7.822398071032967 ], [ 110.385619835655504, -7.823300298176592 ], [ 110.385617187509624, -7.825109319510672 ], [ 110.38718685916983, -7.826016114770055 ], [ 110.388759173150106, -7.825113882429779 ], [ 110.388761807755287, -7.823304860028129 ] ] ] } },
{ "type": "Feature", "properties": { "hex_id": 61, "luas_km2": 0.1039, "poi_total": 9, "poi_kuliner": 3, "poi_peribadatan": 3, "poi_kesehatan": 2, "poi_pendidikan": 1, "poi_perkantoran": 0, "poi_pariwisata": 0, "poi_perdagangan": 0, "poi_transportasi": 0, "penduduk": 1078, "volume_mean": 408.41500858377304, "norm_volume": 4.6223, "norm_poi": 28.8438, "norm_penduduk": 47.502, "skor_total_ahp": 18.8452, "ranking": 305, "klasifikasi_potensi": "Sangat Rendah" }, "geometry": { "type": "Polygon", "coordinates": [ [ [ 110.391903781739231, -7.823309398493796 ], [ 110.390334108194821, -7.822402620659162 ], [ 110.388761807755287, -7.823304860028129 ], [ 110.388759173150106, -7.825113882429779 ], [ 110.390328852525187, -7.82602066652592 ], [ 110.391901160674777, -7.825118421957542 ], [ 110.391903781739231, -7.823309398493796 ] ] ] } },
{ "type": "Feature", "properties": { "hex_id": 62, "luas_km2": 0.1039, "poi_total": 6, "poi_kuliner": 0, "poi_peribadatan": 1, "poi_kesehatan": 0, "poi_pendidikan": 2, "poi_perkantoran": 0, "poi_pariwisata": 3, "poi_perdagangan": 0, "poi_transportasi": 0, "penduduk": 1073, "volume_mean": 461.17475356808757, "norm_volume": 7.5909, "norm_poi": 19.5625, "norm_penduduk": 47.2863, "skor_total_ahp": 17.6509, "ranking": 319, "klasifikasi_potensi": "Sangat Rendah" }, "geometry": { "type": "Polygon", "coordinates": [ [ [ 110.395045757597657, -7.823313913573523 ], [ 110.393476076348065, -7.822407146902192 ], [ 110.391903781739231, -7.823309398493796 ], [ 110.391901160674792, -7.825118421957542 ], [ 110.393470847759943, -7.826025194887666 ], [ 110.395043150074002, -7.825122938093894 ], [ 110.395045757597657, -7.823313913573523 ] ] ] } },
{ "type": "Feature", "properties": { "hex_id": 63, "luas_km2": 0.1039, "poi_total": 5, "poi_kuliner": 3, "poi_peribadatan": 1, "poi_kesehatan": 0, "poi_pendidikan": 1, "poi_perkantoran": 0, "poi_pariwisata": 0, "poi_perdagangan": 0, "poi_transportasi": 0, "penduduk": 1248, "volume_mean": 482.75449540879993, "norm_volume": 8.8051, "norm_poi": 16.4688, "norm_penduduk": 54.8353, "skor_total_ahp": 18.622, "ranking": 309, "klasifikasi_potensi": "Sangat Rendah" }, "geometry": { "type": "Polygon", "coordinates": [ [ [ 110.398187735320889, -7.823318405267244 ], [ 110.396618046370918, -7.822411649761982 ], [ 110.395045757597657, -7.823313913573523 ], [ 110.395043150074002, -7.825122938093894 ], [ 110.396612844864379, -7.826029699855239 ], [ 110.398185141338033, -7.825127430838765 ], [ 110.398187735320889, -7.823318405267244 ] ] ] } },
{ "type": "Feature", "properties": { "hex_id": 64, "luas_km2": 0.1039, "poi_total": 12, "poi_kuliner": 0, "poi_peribadatan": 4, "poi_kesehatan": 1, "poi_pendidikan": 4, "poi_perkantoran": 2, "poi_pariwisata": 0, "poi_perdagangan": 0, "poi_transportasi": 1, "penduduk": 1248, "volume_mean": 450.75158596281483, "norm_volume": 7.0044, "norm_poi": 38.125, "norm_penduduk": 54.8353, "skor_total_ahp": 24.089, "ranking": 250, "klasifikasi_potensi": "Rendah" }, "geometry": { "type": "Polygon", "coordinates": [ [ [ 110.401329714899234, -7.823322873574897 ], [ 110.399760018253701, -7.822416129238472 ], [ 110.398187735320889, -7.823318405267244 ], [ 110.398185141338033, -7.825127430838765 ], [ 110.399754843828845, -7.82603418142856 ], [ 110.401327134457233, -7.825131900192095 ], [ 110.401329714899234, -7.823322873574897 ] ] ] } },
{ "type": "Feature", "properties": { "hex_id": 65, "luas_km2": 0.1039, "poi_total": 2, "poi_kuliner": 0, "poi_peribadatan": 2, "poi_kesehatan": 0, "poi_pendidikan": 0, "poi_perkantoran": 0, "poi_pariwisata": 0, "poi_perdagangan": 0, "poi_transportasi": 0, "penduduk": 1229, "volume_mean": 467.20337982671549, "norm_volume": 7.9301, "norm_poi": 7.1875, "norm_penduduk": 54.0157, "skor_total_ahp": 15.2573, "ranking": 334, "klasifikasi_potensi": "Sangat Rendah" }, "geometry": { "type": "Polygon", "coordinates": [ [ [ 110.404471696323014, -7.823327318496405 ], [ 110.402901991986766, -7.82242058533159 ], [ 110.401329714899234, -7.823322873574897 ], [ 110.401327134457233, -7.825131900192095 ], [ 110.402896844643635, -7.826038639607565 ], [ 110.404469129421912, -7.825136346153813 ], [ 110.404471696323014, -7.823327318496405 ] ] ] } },
{ "type": "Feature", "properties": { "hex_id": 66, "luas_km2": 0.1039, "poi_total": 0, "poi_kuliner": 0, "poi_peribadatan": 0, "poi_kesehatan": 0, "poi_pendidikan": 0, "poi_perkantoran": 0, "poi_pariwisata": 0, "poi_perdagangan": 0, "poi_transportasi": 0, "penduduk": 111, "volume_mean": 507.9556601720912, "norm_volume": 10.223, "norm_poi": 1.0, "norm_penduduk": 5.7882, "skor_total_ahp": 6.7551, "ranking": 375, "klasifikasi_potensi": "Sangat Rendah" }, "geometry": { "type": "Polygon", "coordinates": [ [ [ 110.407613679582539, -7.823331740031709 ], [ 110.406043967560379, -7.822425018041276 ], [ 110.404471696323014, -7.823327318496405 ], [ 110.404469129421912, -7.825136346153813 ], [ 110.406038847299072, -7.826043074392187 ], [ 110.407611126222363, -7.825140768723852 ], [ 110.407613679582539, -7.823331740031709 ] ] ] } },
{ "type": "Feature", "properties": { "hex_id": 67, "luas_km2": 0.1039, "poi_total": 3, "poi_kuliner": 0, "poi_peribadatan": 2, "poi_kesehatan": 0, "poi_pendidikan": 1, "poi_perkantoran": 0, "poi_pariwisata": 0, "poi_perdagangan": 0, "poi_transportasi": 0, "penduduk": 658, "volume_mean": 684.96136789504135, "norm_volume": 20.1823, "norm_poi": 10.2812, "norm_penduduk": 29.3843, "skor_total_ahp": 18.7462, "ranking": 306, "klasifikasi_potensi": "Sangat Rendah" }, "geometry": { "type": "Polygon", "coordinates": [ [ [ 110.352633429034299, -7.820537471847728 ], [ 110.351063861863764, -7.819630555435736 ], [ 110.349491499602735, -7.820532642759412 ], [ 110.349488696744388, -7.82234165165662 ], [ 110.351058269682454, -7.823248574362002 ], [ 110.352630639711336, -7.822346481875428 ], [ 110.352633429034299, -7.820537471847728 ] ] ] } },
{ "type": "Feature", "properties": { "hex_id": 68, "luas_km2": 0.1039, "poi_total": 13, "poi_kuliner": 4, "poi_peribadatan": 3, "poi_kesehatan": 6, "poi_pendidikan": 0, "poi_perkantoran": 0, "poi_pariwisata": 0, "poi_perdagangan": 0, "poi_transportasi": 0, "penduduk": 1416, "volume_mean": 651.4564013308194, "norm_volume": 18.2971, "norm_poi": 41.2188, "norm_penduduk": 62.0824, "skor_total_ahp": 32.282, "ranking": 173, "klasifikasi_potensi": "Sedang" }, "geometry": { "type": "Polygon", "coordinates": [ [ [ 110.355775360461323, -7.820542277559187 ], [ 110.354205785527782, -7.819635372271757 ], [ 110.352633429034299, -7.820537471847728 ], [ 110.352630639711336, -7.822346481875428 ], [ 110.354200220417269, -7.823253393453538 ], [ 110.355772584673787, -7.822351288711905 ], [ 110.355775360461323, -7.820542277559187 ] ] ] } },
{ "type": "Feature", "properties": { "hex_id": 69, "luas_km2": 0.1039, "poi_total": 6, "poi_kuliner": 2, "poi_peribadatan": 1, "poi_kesehatan": 1, "poi_pendidikan": 1, "poi_perkantoran": 1, "poi_pariwisata": 0, "poi_perdagangan": 0, "poi_transportasi": 0, "penduduk": 1416, "volume_mean": 581.88556851685507, "norm_volume": 14.3827, "norm_poi": 19.5625, "norm_penduduk": 62.0824, "skor_total_ahp": 23.7347, "ranking": 253, "klasifikasi_potensi": "Rendah" }, "geometry": { "type": "Polygon", "coordinates": [ [ [ 110.358917293874143, -7.820547059893719 ], [ 110.357347711182413, -7.819640165733622 ], [ 110.355775360461323, -7.820542277559187 ], [ 110.355772584673787, -7.822351288711905 ], [ 110.357342173142783, -7.82325818915997 ], [ 110.358914531622077, -7.822356072165986 ], [ 110.358917293874143, -7.820547059893719 ] ] ] } },
{ "type": "Feature", "properties": { "hex_id": 70, "luas_km2": 0.1039, "poi_total": 12, "poi_kuliner": 3, "poi_peribadatan": 1, "poi_kesehatan": 5, "poi_pendidikan": 1, "poi_perkantoran": 2, "poi_pariwisata": 0, "poi_perdagangan": 0, "poi_transportasi": 0, "penduduk": 1416, "volume_mean": 434.6250670913272, "norm_volume": 6.0971, "norm_poi": 38.125, "norm_penduduk": 62.0824, "skor_total_ahp": 24.7869, "ranking": 240, "klasifikasi_potensi": "Rendah" }, "geometry": { "type": "Polygon", "coordinates": [ [ [ 110.362059229263068, -7.82055181885125 ], [ 110.360489638817953, -7.819644935821259 ], [ 110.358917293874143, -7.820547059893719 ], [ 110.358914531622077, -7.822356072165986 ], [ 110.360484127849304, -7.823262961481229 ], [ 110.362056480546499, -7.822360832237591 ], [ 110.362059229263068, -7.82055181885125 ] ] ] } },
{ "type": "Feature", "properties": { "hex_id": 71, "luas_km2": 0.1039, "poi_total": 5, "poi_kuliner": 3, "poi_peribadatan": 1, "poi_kesehatan": 0, "poi_pendidikan": 1, "poi_perkantoran": 0, "poi_pariwisata": 0, "poi_perdagangan": 0, "poi_transportasi": 0, "penduduk": 1416, "volume_mean": 464.51085226459867, "norm_volume": 7.7786, "norm_poi": 16.4688, "norm_penduduk": 62.0824, "skor_total_ahp": 19.2557, "ranking": 299, "klasifikasi_potensi": "Rendah" }, "geometry": { "type": "Polygon", "coordinates": [ [ [ 110.365201166618391, -7.820556554431708 ], [ 110.363631568424722, -7.819649682534598 ], [ 110.362059229263068, -7.82055181885125 ], [ 110.362056480546499, -7.822360832237591 ], [ 110.363626084527141, -7.823267710417245 ], [ 110.365198431437364, -7.822365568926652 ], [ 110.365201166618391, -7.820556554431708 ] ] ] } },
{ "type": "Feature", "properties": { "hex_id": 72, "luas_km2": 0.1039, "poi_total": 17, "poi_kuliner": 8, "poi_peribadatan": 2, "poi_kesehatan": 6, "poi_pendidikan": 1, "poi_perkantoran": 0, "poi_pariwisata": 0, "poi_perdagangan": 0, "poi_transportasi": 0, "penduduk": 1414, "volume_mean": 536.08537664333312, "norm_volume": 11.8058, "norm_poi": 53.5938, "norm_penduduk": 61.9961, "skor_total_ahp": 32.4478, "ranking": 172, "klasifikasi_potensi": "Sedang" }, "geometry": { "type": "Polygon", "coordinates": [ [ [ 110.36834310593045, -7.820561266635027 ], [ 110.366773499993059, -7.819654405873566 ], [ 110.365201166618391, -7.820556554431708 ], [ 110.365198431437364, -7.822365568926652 ], [ 110.366768043166601, -7.823272435967944 ], [ 110.368340384285034, -7.822370282233098 ], [ 110.36834310593045, -7.820561266635027 ] ] ] } },
{ "type": "Feature", "properties": { "hex_id": 73, "luas_km2": 0.1039, "poi_total": 9, "poi_kuliner": 1, "poi_peribadatan": 4, "poi_kesehatan": 3, "poi_pendidikan": 1, "poi_perkantoran": 0, "poi_pariwisata": 0, "poi_perdagangan": 0, "poi_transportasi": 0, "penduduk": 1393, "volume_mean": 536.25466204084159, "norm_volume": 11.8153, "norm_poi": 28.8438, "norm_penduduk": 61.0902, "skor_total_ahp": 24.9474, "ranking": 238, "klasifikasi_potensi": "Rendah" }, "geometry": { "type": "Polygon", "coordinates": [ [ [ 110.371485047189552, -7.820565955461134 ], [ 110.369915433513256, -7.819659105838094 ], [ 110.36834310593045, -7.820561266635027 ], [ 110.368340384285034, -7.822370282233098 ], [ 110.369910003758022, -7.823277138133258 ], [ 110.371482339079762, -7.822374972156863 ], [ 110.371485047189552, -7.820565955461134 ] ] ] } },
{ "type": "Feature", "properties": { "hex_id": 74, "luas_km2": 0.1039, "poi_total": 8, "poi_kuliner": 3, "poi_peribadatan": 2, "poi_kesehatan": 2, "poi_pendidikan": 1, "poi_perkantoran": 0, "poi_pariwisata": 0, "poi_perdagangan": 0, "poi_transportasi": 0, "penduduk": 1393, "volume_mean": 506.85541338013803, "norm_volume": 10.1611, "norm_poi": 25.75, "norm_penduduk": 61.0902, "skor_total_ahp": 23.1362, "ranking": 261, "klasifikasi_potensi": "Rendah" }, "geometry": { "type": "Polygon", "coordinates": [ [ [ 110.374626990386048, -7.820570620909957 ], [ 110.373057368975651, -7.819663782428112 ], [ 110.371485047189552, -7.820565955461134 ], [ 110.371482339079762, -7.822374972156863 ], [ 110.373051966291712, -7.823281816913115 ], [ 110.374624295811913, -7.822379638697871 ], [ 110.374626990386048, -7.820570620909957 ] ] ] } },
{ "type": "Feature", "properties": { "hex_id": 75, "luas_km2": 0.1039, "poi_total": 7, "poi_kuliner": 1, "poi_peribadatan": 2, "poi_kesehatan": 1, "poi_pendidikan": 0, "poi_perkantoran": 3, "poi_pariwisata": 0, "poi_perdagangan": 0, "poi_transportasi": 0, "penduduk": 1106, "volume_mean": 521.7093336554849, "norm_volume": 10.9969, "norm_poi": 22.6562, "norm_penduduk": 48.7098, "skor_total_ahp": 20.6394, "ranking": 285, "klasifikasi_potensi": "Rendah" }, "geometry": { "type": "Polygon", "coordinates": [ [ [ 110.37776893551019, -7.82057526298143 ], [ 110.376199306370538, -7.819668435643548 ], [ 110.374626990386048, -7.820570620909957 ], [ 110.374624295811913, -7.822379638697871 ], [ 110.376193930757992, -7.823286472307446 ], [ 110.37776625447178, -7.822384281856053 ], [ 110.37776893551019, -7.82057526298143 ] ] ] } },
{ "type": "Feature", "properties": { "hex_id": 76, "luas_km2": 0.1039, "poi_total": 2, "poi_kuliner": 0, "poi_peribadatan": 0, "poi_kesehatan": 1, "poi_pendidikan": 1, "poi_perkantoran": 0, "poi_pariwisata": 0, "poi_perdagangan": 0, "poi_transportasi": 0, "penduduk": 913, "volume_mean": 527.36354346050314, "norm_volume": 11.315, "norm_poi": 7.1875, "norm_penduduk": 40.3843, "skor_total_ahp": 14.8491, "ranking": 337, "klasifikasi_potensi": "Sangat Rendah" }, "geometry": { "type": "Polygon", "coordinates": [ [ [ 110.380910882552357, -7.82057988167548 ], [ 110.379341245688252, -7.819673065484334 ], [ 110.37776893551019, -7.82057526298143 ], [ 110.37776625447178, -7.822384281856053 ], [ 110.379335897147172, -7.823291104316182 ], [ 110.380908215049701, -7.822388901631344 ], [ 110.380910882552357, -7.82057988167548 ] ] ] } },
{ "type": "Feature", "properties": { "hex_id": 77, "luas_km2": 0.1039, "poi_total": 10, "poi_kuliner": 1, "poi_peribadatan": 2, "poi_kesehatan": 1, "poi_pendidikan": 5, "poi_perkantoran": 1, "poi_pariwisata": 0, "poi_perdagangan": 0, "poi_transportasi": 0, "penduduk": 913, "volume_mean": 538.29802749200076, "norm_volume": 11.9303, "norm_poi": 31.9375, "norm_penduduk": 40.3843, "skor_total_ahp": 22.5378, "ranking": 268, "klasifikasi_potensi": "Rendah" }, "geometry": { "type": "Polygon", "coordinates": [ [ [ 110.384052831502828, -7.820584476992038 ], [ 110.382483186919103, -7.819677671950402 ], [ 110.380910882552357, -7.82057988167548 ], [ 110.380908215049701, -7.822388901631344 ], [ 110.382477865449573, -7.823295712939255 ], [ 110.384050177535954, -7.822393498023672 ], [ 110.384052831502828, -7.820584476992038 ] ] ] } },
{ "type": "Feature", "properties": { "hex_id": 78, "luas_km2": 0.1039, "poi_total": 5, "poi_kuliner": 0, "poi_peribadatan": 2, "poi_kesehatan": 0, "poi_pendidikan": 2, "poi_perkantoran": 0, "poi_pariwisata": 1, "poi_perdagangan": 0, "poi_transportasi": 0, "penduduk": 913, "volume_mean": 516.08209879686876, "norm_volume": 10.6803, "norm_poi": 16.4688, "norm_penduduk": 40.3843, "skor_total_ahp": 17.2659, "ranking": 321, "klasifikasi_potensi": "Sangat Rendah" }, "geometry": { "type": "Polygon", "coordinates": [ [ [ 110.387194782351926, -7.820589048931042 ], [ 110.385625130053413, -7.819682255041679 ], [ 110.384052831502828, -7.820584476992038 ], [ 110.384050177535954, -7.822393498023672 ], [ 110.385619835655504, -7.823300298176592 ], [ 110.387192141920906, -7.822398071032967 ], [ 110.387194782351926, -7.820589048931042 ] ] ] } },
{ "type": "Feature", "properties": { "hex_id": 79, "luas_km2": 0.1039, "poi_total": 6, "poi_kuliner": 0, "poi_peribadatan": 2, "poi_kesehatan": 2, "poi_pendidikan": 2, "poi_perkantoran": 0, "poi_pariwisata": 0, "poi_perdagangan": 0, "poi_transportasi": 0, "penduduk": 913, "volume_mean": 458.40704622058945, "norm_volume": 7.4352, "norm_poi": 19.5625, "norm_penduduk": 40.3843, "skor_total_ahp": 16.4365, "ranking": 328, "klasifikasi_potensi": "Sangat Rendah" }, "geometry": { "type": "Polygon", "coordinates": [ [ [ 110.390336735089988, -7.820593597492418 ], [ 110.388767075081475, -7.819686814758101 ], [ 110.387194782351926, -7.820589048931042 ], [ 110.387192141920906, -7.822398071032967 ], [ 110.388761807755287, -7.823304860028129 ], [ 110.390334108194821, -7.822402620659162 ], [ 110.390336735089988, -7.820593597492418 ] ] ] } },
{ "type": "Feature", "properties": { "hex_id": 80, "luas_km2": 0.1039, "poi_total": 8, "poi_kuliner": 2, "poi_peribadatan": 4, "poi_kesehatan": 0, "poi_pendidikan": 1, "poi_perkantoran": 1, "poi_pariwisata": 0, "poi_perdagangan": 0, "poi_transportasi": 0, "penduduk": 919, "volume_mean": 439.76392046408165, "norm_volume": 6.3862, "norm_poi": 25.75, "norm_penduduk": 40.6431, "skor_total_ahp": 17.7529, "ranking": 317, "klasifikasi_potensi": "Sangat Rendah" }, "geometry": { "type": "Polygon", "coordinates": [ [ [ 110.393478689707308, -7.820598122676098 ], [ 110.391909021993641, -7.819691351099597 ], [ 110.390336735089988, -7.820593597492418 ], [ 110.390334108194821, -7.822402620659162 ], [ 110.391903781739231, -7.823309398493796 ], [ 110.393476076348065, -7.822407146902192 ], [ 110.393478689707308, -7.820598122676098 ] ] ] } },
{ "type": "Feature", "properties": { "hex_id": 81, "luas_km2": 0.1039, "poi_total": 9, "poi_kuliner": 0, "poi_peribadatan": 4, "poi_kesehatan": 2, "poi_pendidikan": 2, "poi_perkantoran": 0, "poi_pariwisata": 1, "poi_perdagangan": 0, "poi_transportasi": 0, "penduduk": 1171, "volume_mean": 466.94610968542315, "norm_volume": 7.9156, "norm_poi": 28.8438, "norm_penduduk": 51.5137, "skor_total_ahp": 21.2772, "ranking": 276, "klasifikasi_potensi": "Rendah" }, "geometry": { "type": "Polygon", "coordinates": [ [ [ 110.396620646194208, -7.820602624482015 ], [ 110.395050970780204, -7.819695864066103 ], [ 110.393478689707308, -7.820598122676098 ], [ 110.393476076348065, -7.822407146902192 ], [ 110.395045757597657, -7.823313913573523 ], [ 110.396618046370918, -7.822411649761982 ], [ 110.396620646194208, -7.820602624482015 ] ] ] } },
{ "type": "Feature", "properties": { "hex_id": 82, "luas_km2": 0.1039, "poi_total": 11, "poi_kuliner": 2, "poi_peribadatan": 4, "poi_kesehatan": 1, "poi_pendidikan": 3, "poi_perkantoran": 1, "poi_pariwisata": 0, "poi_perdagangan": 0, "poi_transportasi": 0, "penduduk": 1248, "volume_mean": 410.69199760592716, "norm_volume": 4.7505, "norm_poi": 35.0312, "norm_penduduk": 54.8353, "skor_total_ahp": 21.9546, "ranking": 273, "klasifikasi_potensi": "Rendah" }, "geometry": { "type": "Polygon", "coordinates": [ [ [ 110.39976260454101, -7.820607102910103 ], [ 110.398192921431487, -7.819700353657546 ], [ 110.396620646194208, -7.820602624482015 ], [ 110.396618046370918, -7.822411649761982 ], [ 110.398187735320889, -7.823318405267244 ], [ 110.399760018253701, -7.822416129238472 ], [ 110.39976260454101, -7.820607102910103 ] ] ] } },
{ "type": "Feature", "properties": { "hex_id": 83, "luas_km2": 0.1039, "poi_total": 10, "poi_kuliner": 2, "poi_peribadatan": 2, "poi_kesehatan": 3, "poi_pendidikan": 2, "poi_perkantoran": 1, "poi_pariwisata": 0, "poi_perdagangan": 0, "poi_transportasi": 0, "penduduk": 1209, "volume_mean": 344.03516494109022, "norm_volume": 1.0, "norm_poi": 31.9375, "norm_penduduk": 53.1529, "skor_total_ahp": 18.7381, "ranking": 307, "klasifikasi_potensi": "Sangat Rendah" }, "geometry": { "type": "Polygon", "coordinates": [ [ [ 110.402904564738023, -7.820611557960292 ], [ 110.401334873937813, -7.819704819873864 ], [ 110.39976260454101, -7.820607102910103 ], [ 110.399760018253701, -7.822416129238472 ], [ 110.401329714899234, -7.823322873574897 ], [ 110.402901991986766, -7.82242058533159 ], [ 110.402904564738023, -7.820611557960292 ] ] ] } },
{ "type": "Feature", "properties": { "hex_id": 84, "luas_km2": 0.1039, "poi_total": 1, "poi_kuliner": 0, "poi_peribadatan": 0, "poi_kesehatan": 0, "poi_pendidikan": 1, "poi_perkantoran": 0, "poi_pariwisata": 0, "poi_perdagangan": 0, "poi_transportasi": 0, "penduduk": 212, "volume_mean": 438.5850105219987, "norm_volume": 6.3199, "norm_poi": 4.0938, "norm_penduduk": 10.1451, "skor_total_ahp": 6.2846, "ranking": 377, "klasifikasi_potensi": "Sangat Rendah" }, "geometry": { "type": "Polygon", "coordinates": [ [ [ 110.406046526775569, -7.82061598963252 ], [ 110.404476828289489, -7.819709262714986 ], [ 110.402904564738023, -7.820611557960292 ], [ 110.402901991986766, -7.82242058533159 ], [ 110.404471696323014, -7.823327318496405 ], [ 110.406043967560379, -7.822425018041276 ], [ 110.406046526775569, -7.82061598963252 ] ] ] } },
{ "type": "Feature", "properties": { "hex_id": 85, "luas_km2": 0.1039, "poi_total": 0, "poi_kuliner": 0, "poi_peribadatan": 0, "poi_kesehatan": 0, "poi_pendidikan": 0, "poi_perkantoran": 0, "poi_pariwisata": 0, "poi_perdagangan": 0, "poi_transportasi": 0, "penduduk": 1, "volume_mean": 680.02717230729991, "norm_volume": 19.9047, "norm_poi": 1.0, "norm_penduduk": 1.0431, "skor_total_ahp": 11.196, "ranking": 353, "klasifikasi_potensi": "Sangat Rendah" }, "geometry": { "type": "Polygon", "coordinates": [ [ [ 110.351066656954259, -7.817821545739146 ], [ 110.349497103314278, -7.816914624498086 ], [ 110.347924748821043, -7.817816706662251 ], [ 110.347921940200024, -7.819625715225629 ], [ 110.349491499602735, -7.820532642759412 ], [ 110.351063861863764, -7.819630555435736 ], [ 110.351066656954259, -7.817821545739146 ] ] ] } },
{ "type": "Feature", "properties": { "hex_id": 86, "luas_km2": 0.1039, "poi_total": 6, "poi_kuliner": 0, "poi_peribadatan": 4, "poi_kesehatan": 1, "poi_pendidikan": 1, "poi_perkantoran": 0, "poi_pariwisata": 0, "poi_perdagangan": 0, "poi_transportasi": 0, "penduduk": 1365, "volume_mean": 661.42433600216259, "norm_volume": 18.858, "norm_poi": 19.5625, "norm_penduduk": 59.8824, "skor_total_ahp": 25.7864, "ranking": 234, "klasifikasi_potensi": "Rendah" }, "geometry": { "type": "Polygon", "coordinates": [ [ [ 110.354208567087724, -7.817826361447425 ], [ 110.352639005684765, -7.816919451325448 ], [ 110.351066656954259, -7.817821545739146 ], [ 110.351063861863764, -7.819630555435736 ], [ 110.352633429034299, -7.820537471847728 ], [ 110.354205785527782, -7.819635372271757 ], [ 110.354208567087724, -7.817826361447425 ] ] ] } },
{ "type": "Feature", "properties": { "hex_id": 87, "luas_km2": 0.1039, "poi_total": 20, "poi_kuliner": 0, "poi_peribadatan": 4, "poi_kesehatan": 7, "poi_pendidikan": 7, "poi_perkantoran": 2, "poi_pariwisata": 0, "poi_perdagangan": 0, "poi_transportasi": 0, "penduduk": 1416, "volume_mean": 629.60025255284484, "norm_volume": 17.0674, "norm_poi": 62.875, "norm_penduduk": 62.0824, "skor_total_ahp": 38.0567, "ranking": 122, "klasifikasi_potensi": "Tinggi" }, "geometry": { "type": "Polygon", "coordinates": [ [ [ 110.35735047921176, -7.817831153787021 ], [ 110.35578091005064, -7.816924254786893 ], [ 110.354208567087724, -7.817826361447425 ], [ 110.354205785527782, -7.819635372271757 ], [ 110.355775360461323, -7.820542277559187 ], [ 110.357347711182413, -7.819640165733622 ], [ 110.35735047921176, -7.817831153787021 ] ] ] } },
{ "type": "Feature", "properties": { "hex_id": 88, "luas_km2": 0.1039, "poi_total": 17, "poi_kuliner": 5, "poi_peribadatan": 5, "poi_kesehatan": 1, "poi_pendidikan": 5, "poi_perkantoran": 1, "poi_pariwisata": 0, "poi_perdagangan": 0, "poi_transportasi": 0, "penduduk": 1416, "volume_mean": 554.44550006952875, "norm_volume": 12.8388, "norm_poi": 53.5938, "norm_penduduk": 62.0824, "skor_total_ahp": 33.0187, "ranking": 166, "klasifikasi_potensi": "Sedang" }, "geometry": { "type": "Polygon", "coordinates": [ [ [ 110.360492393316648, -7.817835922757863 ], [ 110.358922816402199, -7.816929034882357 ], [ 110.35735047921176, -7.817831153787021 ], [ 110.357347711182413, -7.819640165733622 ], [ 110.358917293874143, -7.820547059893719 ], [ 110.360489638817953, -7.819644935821259 ], [ 110.360492393316648, -7.817835922757863 ] ] ] } },
{ "type": "Feature", "properties": { "hex_id": 89, "luas_km2": 0.1039, "poi_total": 19, "poi_kuliner": 5, "poi_peribadatan": 3, "poi_kesehatan": 8, "poi_pendidikan": 2, "poi_perkantoran": 1, "poi_pariwisata": 0, "poi_perdagangan": 0, "poi_transportasi": 0, "penduduk": 1416, "volume_mean": 481.99022825979927, "norm_volume": 8.7621, "norm_poi": 59.7812, "norm_penduduk": 62.0824, "skor_total_ahp": 32.6608, "ranking": 169, "klasifikasi_potensi": "Sedang" }, "geometry": { "type": "Polygon", "coordinates": [ [ [ 110.363634309392737, -7.817840668359879 ], [ 110.362064724729791, -7.816933791611769 ], [ 110.360492393316648, -7.817835922757863 ], [ 110.360489638817953, -7.819644935821259 ], [ 110.362059229263068, -7.82055181885125 ], [ 110.363631568424722, -7.819649682534598 ], [ 110.363634309392737, -7.817840668359879 ] ] ] } },
{ "type": "Feature", "properties": { "hex_id": 90, "luas_km2": 0.1039, "poi_total": 12, "poi_kuliner": 6, "poi_peribadatan": 3, "poi_kesehatan": 2, "poi_pendidikan": 0, "poi_perkantoran": 1, "poi_pariwisata": 0, "poi_perdagangan": 0, "poi_transportasi": 0, "penduduk": 1416, "volume_mean": 554.78954289114756, "norm_volume": 12.8582, "norm_poi": 38.125, "norm_penduduk": 62.0824, "skor_total_ahp": 28.4309, "ranking": 210, "klasifikasi_potensi": "Sedang" }, "geometry": { "type": "Polygon", "coordinates": [ [ [ 110.366776227430336, -7.817845390592994 ], [ 110.365206635023696, -7.816938524975051 ], [ 110.363634309392737, -7.817840668359879 ], [ 110.363631568424722, -7.819649682534598 ], [ 110.365201166618391, -7.820556554431708 ], [ 110.366773499993059, -7.819654405873566 ], [ 110.366776227430336, -7.817845390592994 ] ] ] } },
{ "type": "Feature", "properties": { "hex_id": 91, "luas_km2": 0.1039, "poi_total": 17, "poi_kuliner": 8, "poi_peribadatan": 2, "poi_kesehatan": 4, "poi_pendidikan": 2, "poi_perkantoran": 0, "poi_pariwisata": 0, "poi_perdagangan": 1, "poi_transportasi": 0, "penduduk": 1402, "volume_mean": 572.01530139925558, "norm_volume": 13.8274, "norm_poi": 53.5938, "norm_penduduk": 61.4784, "skor_total_ahp": 33.4526, "ranking": 160, "klasifikasi_potensi": "Sedang" }, "geometry": { "type": "Polygon", "coordinates": [ [ [ 110.369918147419781, -7.817850089457142 ], [ 110.368348547274266, -7.816943234972138 ], [ 110.366776227430336, -7.817845390592994 ], [ 110.366773499993059, -7.819654405873566 ], [ 110.36834310593045, -7.820561266635027 ], [ 110.369915433513256, -7.819659105838094 ], [ 110.369918147419781, -7.817850089457142 ] ] ] } },
{ "type": "Feature", "properties": { "hex_id": 92, "luas_km2": 0.1039, "poi_total": 12, "poi_kuliner": 5, "poi_peribadatan": 1, "poi_kesehatan": 2, "poi_pendidikan": 2, "poi_perkantoran": 0, "poi_pariwisata": 2, "poi_perdagangan": 0, "poi_transportasi": 0, "penduduk": 1393, "volume_mean": 550.97357679233426, "norm_volume": 12.6434, "norm_poi": 38.125, "norm_penduduk": 61.0902, "skor_total_ahp": 28.1527, "ranking": 213, "klasifikasi_potensi": "Sedang" }, "geometry": { "type": "Polygon", "coordinates": [ [ [ 110.373060069351354, -7.817854764952251 ], [ 110.371490461471794, -7.816947921602959 ], [ 110.369918147419781, -7.817850089457142 ], [ 110.369915433513256, -7.819659105838094 ], [ 110.371485047189552, -7.820565955461134 ], [ 110.373057368975651, -7.819663782428112 ], [ 110.373060069351354, -7.817854764952251 ] ] ] } },
{ "type": "Feature", "properties": { "hex_id": 93, "luas_km2": 0.1039, "poi_total": 11, "poi_kuliner": 0, "poi_peribadatan": 5, "poi_kesehatan": 1, "poi_pendidikan": 1, "poi_perkantoran": 3, "poi_pariwisata": 1, "poi_perdagangan": 0, "poi_transportasi": 0, "penduduk": 1361, "volume_mean": 534.23981722910014, "norm_volume": 11.7019, "norm_poi": 35.0312, "norm_penduduk": 59.7098, "skor_total_ahp": 26.4995, "ranking": 229, "klasifikasi_potensi": "Rendah" }, "geometry": { "type": "Polygon", "coordinates": [ [ [ 110.376201993215389, -7.817859417078256 ], [ 110.374632377606602, -7.816952584867442 ], [ 110.373060069351354, -7.817854764952251 ], [ 110.373057368975651, -7.819663782428112 ], [ 110.374626990386048, -7.820570620909957 ], [ 110.376199306370538, -7.819668435643548 ], [ 110.376201993215389, -7.817859417078256 ] ] ] } },
{ "type": "Feature", "properties": { "hex_id": 94, "luas_km2": 0.1039, "poi_total": 2, "poi_kuliner": 0, "poi_peribadatan": 1, "poi_kesehatan": 0, "poi_pendidikan": 1, "poi_perkantoran": 0, "poi_pariwisata": 0, "poi_perdagangan": 0, "poi_transportasi": 0, "penduduk": 913, "volume_mean": 546.19679455480934, "norm_volume": 12.3747, "norm_poi": 7.1875, "norm_penduduk": 40.3843, "skor_total_ahp": 15.4202, "ranking": 332, "klasifikasi_potensi": "Sangat Rendah" }, "geometry": { "type": "Polygon", "coordinates": [ [ [ 110.379343919002224, -7.817864045835079 ], [ 110.377774295669028, -7.816957224765517 ], [ 110.376201993215389, -7.817859417078256 ], [ 110.376199306370538, -7.819668435643548 ], [ 110.37776893551019, -7.82057526298143 ], [ 110.379341245688252, -7.819673065484334 ], [ 110.379343919002224, -7.817864045835079 ] ] ] } },
{ "type": "Feature", "properties": { "hex_id": 95, "luas_km2": 0.1039, "poi_total": 5, "poi_kuliner": 1, "poi_peribadatan": 1, "poi_kesehatan": 2, "poi_pendidikan": 1, "poi_perkantoran": 0, "poi_pariwisata": 0, "poi_perdagangan": 0, "poi_transportasi": 0, "penduduk": 913, "volume_mean": 546.50051029101689, "norm_volume": 12.3918, "norm_poi": 16.4688, "norm_penduduk": 40.3843, "skor_total_ahp": 18.1883, "ranking": 312, "klasifikasi_potensi": "Sangat Rendah" }, "geometry": { "type": "Polygon", "coordinates": [ [ [ 110.382485846702139, -7.817868651222657 ], [ 110.38091621564935, -7.816961841297117 ], [ 110.379343919002224, -7.817864045835079 ], [ 110.379341245688252, -7.819673065484334 ], [ 110.380910882552357, -7.82057988167548 ], [ 110.382483186919103, -7.819677671950402 ], [ 110.382485846702139, -7.817868651222657 ] ] ] } },
{ "type": "Feature", "properties": { "hex_id": 96, "luas_km2": 0.1039, "poi_total": 6, "poi_kuliner": 1, "poi_peribadatan": 1, "poi_kesehatan": 1, "poi_pendidikan": 2, "poi_perkantoran": 1, "poi_pariwisata": 0, "poi_perdagangan": 0, "poi_transportasi": 0, "penduduk": 913, "volume_mean": 507.37395892295109, "norm_volume": 10.1903, "norm_poi": 19.5625, "norm_penduduk": 40.3843, "skor_total_ahp": 17.9215, "ranking": 314, "klasifikasi_potensi": "Sangat Rendah" }, "geometry": { "type": "Polygon", "coordinates": [ [ [ 110.385627776305469, -7.817873233240919 ], [ 110.384058137537934, -7.816966434462172 ], [ 110.382485846702139, -7.817868651222657 ], [ 110.382483186919103, -7.819677671950402 ], [ 110.384052831502828, -7.820584476992038 ], [ 110.385625130053413, -7.819682255041679 ], [ 110.385627776305469, -7.817873233240919 ] ] ] } },
{ "type": "Feature", "properties": { "hex_id": 97, "luas_km2": 0.1039, "poi_total": 3, "poi_kuliner": 0, "poi_peribadatan": 2, "poi_kesehatan": 0, "poi_pendidikan": 1, "poi_perkantoran": 0, "poi_pariwisata": 0, "poi_perdagangan": 0, "poi_transportasi": 0, "penduduk": 913, "volume_mean": 471.84081630534064, "norm_volume": 8.191, "norm_poi": 10.2812, "norm_penduduk": 40.3843, "skor_total_ahp": 14.085, "ranking": 338, "klasifikasi_potensi": "Sangat Rendah" }, "geometry": { "type": "Polygon", "coordinates": [ [ [ 110.388769707802524, -7.817877791889797 ], [ 110.387200061325046, -7.816971004260616 ], [ 110.385627776305469, -7.817873233240919 ], [ 110.385625130053413, -7.819682255041679 ], [ 110.387194782351926, -7.820589048931042 ], [ 110.388767075081475, -7.819686814758101 ], [ 110.388769707802524, -7.817877791889797 ] ] ] } },
{ "type": "Feature", "properties": { "hex_id": 98, "luas_km2": 0.1039, "poi_total": 11, "poi_kuliner": 2, "poi_peribadatan": 4, "poi_kesehatan": 1, "poi_pendidikan": 1, "poi_perkantoran": 2, "poi_pariwisata": 1, "poi_perdagangan": 0, "poi_transportasi": 0, "penduduk": 913, "volume_mean": 347.85625909893929, "norm_volume": 1.215, "norm_poi": 35.0312, "norm_penduduk": 40.3843, "skor_total_ahp": 17.6823, "ranking": 318, "klasifikasi_potensi": "Sangat Rendah" }, "geometry": { "type": "Polygon", "coordinates": [ [ [ 110.391911641183626, -7.817882327169222 ], [ 110.390341987001037, -7.816975550692374 ], [ 110.388769707802524, -7.817877791889797 ], [ 110.388767075081475, -7.819686814758101 ], [ 110.390336735089988, -7.820593597492418 ], [ 110.391909021993641, -7.819691351099597 ], [ 110.391911641183626, -7.817882327169222 ] ] ] } },
{ "type": "Feature", "properties": { "hex_id": 99, "luas_km2": 0.1039, "poi_total": 9, "poi_kuliner": 1, "poi_peribadatan": 2, "poi_kesehatan": 1, "poi_pendidikan": 3, "poi_perkantoran": 1, "poi_pariwisata": 1, "poi_perdagangan": 0, "poi_transportasi": 0, "penduduk": 995, "volume_mean": 418.84701261372146, "norm_volume": 5.2093, "norm_poi": 28.8438, "norm_penduduk": 43.9216, "skor_total_ahp": 18.5752, "ranking": 310, "klasifikasi_potensi": "Sangat Rendah" }, "geometry": { "type": "Polygon", "coordinates": [ [ [ 110.395053576439111, -7.817886839079129 ], [ 110.393483914556214, -7.816980073757383 ], [ 110.391911641183626, -7.817882327169222 ], [ 110.391909021993641, -7.819691351099597 ], [ 110.393478689707308, -7.820598122676098 ], [ 110.395050970780204, -7.819695864066103 ], [ 110.395053576439111, -7.817886839079129 ] ] ] } },
{ "type": "Feature", "properties": { "hex_id": 100, "luas_km2": 0.1039, "poi_total": 12, "poi_kuliner": 2, "poi_peribadatan": 3, "poi_kesehatan": 3, "poi_pendidikan": 2, "poi_perkantoran": 2, "poi_pariwisata": 0, "poi_perdagangan": 0, "poi_transportasi": 0, "penduduk": 1248, "volume_mean": 457.35904724664664, "norm_volume": 7.3762, "norm_poi": 38.125, "norm_penduduk": 54.8353, "skor_total_ahp": 24.2894, "ranking": 244, "klasifikasi_potensi": "Rendah" }, "geometry": { "type": "Polygon", "coordinates": [ [ [ 110.398195513559273, -7.817891327619446 ], [ 110.3966258439809, -7.816984573455578 ], [ 110.395053576439111, -7.817886839079129 ], [ 110.395050970780204, -7.819695864066103 ], [ 110.396620646194208, -7.820602624482015 ], [ 110.398192921431487, -7.819700353657546 ], [ 110.398195513559273, -7.817891327619446 ] ] ] } },
{ "type": "Feature", "properties": { "hex_id": 101, "luas_km2": 0.1039, "poi_total": 9, "poi_kuliner": 0, "poi_peribadatan": 1, "poi_kesehatan": 4, "poi_pendidikan": 3, "poi_perkantoran": 1, "poi_pariwisata": 0, "poi_perdagangan": 0, "poi_transportasi": 0, "penduduk": 1248, "volume_mean": 380.71111597263229, "norm_volume": 3.0636, "norm_poi": 28.8438, "norm_penduduk": 54.8353, "skor_total_ahp": 19.2062, "ranking": 300, "klasifikasi_potensi": "Rendah" }, "geometry": { "type": "Polygon", "coordinates": [ [ [ 110.40133745253442, -7.817895792790108 ], [ 110.399767775265403, -7.816989049786883 ], [ 110.398195513559273, -7.817891327619446 ], [ 110.398192921431487, -7.819700353657546 ], [ 110.39976260454101, -7.820607102910103 ], [ 110.401334873937813, -7.819704819873864 ], [ 110.40133745253442, -7.817895792790108 ] ] ] } },
{ "type": "Feature", "properties": { "hex_id": 102, "luas_km2": 0.1039, "poi_total": 4, "poi_kuliner": 1, "poi_peribadatan": 2, "poi_kesehatan": 1, "poi_pendidikan": 0, "poi_perkantoran": 0, "poi_pariwisata": 0, "poi_perdagangan": 0, "poi_transportasi": 0, "penduduk": 296, "volume_mean": 409.76571472874031, "norm_volume": 4.6983, "norm_poi": 13.375, "norm_penduduk": 13.7686, "skor_total_ahp": 8.7631, "ranking": 370, "klasifikasi_potensi": "Sangat Rendah" }, "geometry": { "type": "Polygon", "coordinates": [ [ [ 110.40447939335489, -7.817900234591053 ], [ 110.402909708400031, -7.81699350275124 ], [ 110.40133745253442, -7.817895792790108 ], [ 110.401334873937813, -7.819704819873864 ], [ 110.402904564738023, -7.820611557960292 ], [ 110.404476828289489, -7.819709262714986 ], [ 110.40447939335489, -7.817900234591053 ] ] ] } },
{ "type": "Feature", "properties": { "hex_id": 103, "luas_km2": 0.1039, "poi_total": 0, "poi_kuliner": 0, "poi_peribadatan": 0, "poi_kesehatan": 0, "poi_pendidikan": 0, "poi_perkantoran": 0, "poi_pariwisata": 0, "poi_perdagangan": 0, "poi_transportasi": 0, "penduduk": 204, "volume_mean": 640.39476395876761, "norm_volume": 17.6748, "norm_poi": 1.0, "norm_penduduk": 9.8, "skor_total_ahp": 11.4283, "ranking": 352, "klasifikasi_potensi": "Sangat Rendah" }, "geometry": { "type": "Polygon", "coordinates": [ [ [ 110.352641793012296, -7.815110440830938 ], [ 110.351072245135057, -7.814203525879226 ], [ 110.349499904167516, -7.815105615134039 ], [ 110.349497103314278, -7.816914624498086 ], [ 110.351066656954259, -7.817821545739146 ], [ 110.352639005684765, -7.816919451325448 ], [ 110.352641793012296, -7.815110440830938 ] ] ] } },
{ "type": "Feature", "properties": { "hex_id": 104, "luas_km2": 0.1039, "poi_total": 8, "poi_kuliner": 1, "poi_peribadatan": 1, "poi_kesehatan": 2, "poi_pendidikan": 3, "poi_perkantoran": 0, "poi_pariwisata": 0, "poi_perdagangan": 1, "poi_transportasi": 0, "penduduk": 1416, "volume_mean": 634.65132735444604, "norm_volume": 17.3516, "norm_poi": 25.75, "norm_penduduk": 62.0824, "skor_total_ahp": 27.1741, "ranking": 220, "klasifikasi_potensi": "Sedang" }, "geometry": { "type": "Polygon", "coordinates": [ [ [ 110.355783683852437, -7.815115243167392 ], [ 110.35421412821708, -7.814208339332051 ], [ 110.352641793012296, -7.815110440830938 ], [ 110.352639005684765, -7.816919451325448 ], [ 110.354208567087724, -7.817826361447425 ], [ 110.35578091005064, -7.816924254786893 ], [ 110.355783683852437, -7.815115243167392 ] ] ] } },
{ "type": "Feature", "properties": { "hex_id": 105, "luas_km2": 0.1039, "poi_total": 12, "poi_kuliner": 1, "poi_peribadatan": 2, "poi_kesehatan": 3, "poi_pendidikan": 5, "poi_perkantoran": 0, "poi_pariwisata": 1, "poi_perdagangan": 0, "poi_transportasi": 0, "penduduk": 1416, "volume_mean": 617.77934286518462, "norm_volume": 16.4023, "norm_poi": 38.125, "norm_penduduk": 62.0824, "skor_total_ahp": 30.3411, "ranking": 189, "klasifikasi_potensi": "Sedang" }, "geometry": { "type": "Polygon", "coordinates": [ [ [ 110.358925576678217, -7.815120022143336 ], [ 110.357356013289575, -7.814213129427138 ], [ 110.355783683852437, -7.815115243167392 ], [ 110.35578091005064, -7.816924254786893 ], [ 110.35735047921176, -7.817831153787021 ], [ 110.358922816402199, -7.816929034882357 ], [ 110.358925576678217, -7.815120022143336 ] ] ] } },
{ "type": "Feature", "properties": { "hex_id": 106, "luas_km2": 0.1039, "poi_total": 5, "poi_kuliner": 0, "poi_peribadatan": 2, "poi_kesehatan": 1, "poi_pendidikan": 2, "poi_perkantoran": 0, "poi_pariwisata": 0, "poi_perdagangan": 0, "poi_transportasi": 0, "penduduk": 1416, "volume_mean": 575.48241355023083, "norm_volume": 14.0224, "norm_poi": 16.4688, "norm_penduduk": 62.0824, "skor_total_ahp": 22.6209, "ranking": 266, "klasifikasi_potensi": "Rendah" }, "geometry": { "type": "Polygon", "coordinates": [ [ [ 110.362067471479975, -7.8151247777587 ], [ 110.360497900342864, -7.81421789616441 ], [ 110.358925576678217, -7.815120022143336 ], [ 110.358922816402199, -7.816929034882357 ], [ 110.360492393316648, -7.817835922757863 ], [ 110.362064724729791, -7.816933791611769 ], [ 110.362067471479975, -7.8151247777587 ] ] ] } },
{ "type": "Feature", "properties": { "hex_id": 107, "luas_km2": 0.1039, "poi_total": 17, "poi_kuliner": 2, "poi_peribadatan": 2, "poi_kesehatan": 8, "poi_pendidikan": 3, "poi_perkantoran": 2, "poi_pariwisata": 0, "poi_perdagangan": 0, "poi_transportasi": 0, "penduduk": 1416, "volume_mean": 550.45187527697283, "norm_volume": 12.6141, "norm_poi": 53.5938, "norm_penduduk": 62.0824, "skor_total_ahp": 32.8976, "ranking": 167, "klasifikasi_potensi": "Sedang" }, "geometry": { "type": "Polygon", "coordinates": [ [ [ 110.365209368248017, -7.815129510013407 ], [ 110.363639789367269, -7.814222639543805 ], [ 110.362067471479975, -7.8151247777587 ], [ 110.362064724729791, -7.816933791611769 ], [ 110.363634309392737, -7.817840668359879 ], [ 110.365206635023696, -7.816938524975051 ], [ 110.365209368248017, -7.815129510013407 ] ] ] } },
{ "type": "Feature", "properties": { "hex_id": 108, "luas_km2": 0.1039, "poi_total": 6, "poi_kuliner": 2, "poi_peribadatan": 1, "poi_kesehatan": 1, "poi_pendidikan": 2, "poi_perkantoran": 0, "poi_pariwisata": 0, "poi_perdagangan": 0, "poi_transportasi": 0, "penduduk": 1416, "volume_mean": 573.24037350041442, "norm_volume": 13.8963, "norm_poi": 19.5625, "norm_penduduk": 62.0824, "skor_total_ahp": 23.4726, "ranking": 256, "klasifikasi_potensi": "Rendah" }, "geometry": { "type": "Polygon", "coordinates": [ [ [ 110.368351266972681, -7.815134218907394 ], [ 110.3667816803531, -7.814227359565244 ], [ 110.365209368248017, -7.815129510013407 ], [ 110.365206635023696, -7.816938524975051 ], [ 110.366776227430336, -7.817845390592994 ], [ 110.368348547274266, -7.816943234972138 ], [ 110.368351266972681, -7.815134218907394 ] ] ] } },
{ "type": "Feature", "properties": { "hex_id": 109, "luas_km2": 0.1039, "poi_total": 8, "poi_kuliner": 3, "poi_peribadatan": 2, "poi_kesehatan": 0, "poi_pendidikan": 3, "poi_perkantoran": 0, "poi_pariwisata": 0, "poi_perdagangan": 0, "poi_transportasi": 0, "penduduk": 1393, "volume_mean": 551.23737515748007, "norm_volume": 12.6583, "norm_poi": 25.75, "norm_penduduk": 61.0902, "skor_total_ahp": 24.4821, "ranking": 243, "klasifikasi_potensi": "Rendah" }, "geometry": { "type": "Polygon", "coordinates": [ [ [ 110.371493167644275, -7.815138904440586 ], [ 110.369923573290677, -7.814232056228661 ], [ 110.368351266972681, -7.815134218907394 ], [ 110.368348547274266, -7.816943234972138 ], [ 110.369918147419781, -7.817850089457142 ], [ 110.371490461471794, -7.816947921602959 ], [ 110.371493167644275, -7.815138904440586 ] ] ] } },
{ "type": "Feature", "properties": { "hex_id": 110, "luas_km2": 0.1039, "poi_total": 13, "poi_kuliner": 4, "poi_peribadatan": 2, "poi_kesehatan": 4, "poi_pendidikan": 1, "poi_perkantoran": 1, "poi_pariwisata": 1, "poi_perdagangan": 0, "poi_transportasi": 0, "penduduk": 1393, "volume_mean": 471.49878218073673, "norm_volume": 8.1718, "norm_poi": 41.2188, "norm_penduduk": 61.0902, "skor_total_ahp": 26.6623, "ranking": 227, "klasifikasi_potensi": "Rendah" }, "geometry": { "type": "Polygon", "coordinates": [ [ [ 110.374635070253092, -7.815143566612909 ], [ 110.373065468170324, -7.814236729533985 ], [ 110.371493167644275, -7.815138904440586 ], [ 110.371490461471794, -7.816947921602959 ], [ 110.373060069351354, -7.817854764952251 ], [ 110.374632377606602, -7.816952584867442 ], [ 110.374635070253092, -7.815143566612909 ] ] ] } },
{ "type": "Feature", "properties": { "hex_id": 111, "luas_km2": 0.1039, "poi_total": 11, "poi_kuliner": 7, "poi_peribadatan": 1, "poi_kesehatan": 1, "poi_pendidikan": 0, "poi_perkantoran": 2, "poi_pariwisata": 0, "poi_perdagangan": 0, "poi_transportasi": 0, "penduduk": 1138, "volume_mean": 496.25229432280463, "norm_volume": 9.5645, "norm_poi": 35.0312, "norm_penduduk": 50.0902, "skor_total_ahp": 23.772, "ranking": 252, "klasifikasi_potensi": "Rendah" }, "geometry": { "type": "Polygon", "coordinates": [ [ [ 110.377776974789484, -7.815148205424303 ], [ 110.376207364982349, -7.814241379481146 ], [ 110.374635070253092, -7.815143566612909 ], [ 110.374632377606602, -7.816952584867442 ], [ 110.376201993215389, -7.817859417078256 ], [ 110.377774295669028, -7.816957224765517 ], [ 110.377776974789484, -7.815148205424303 ] ] ] } },
{ "type": "Feature", "properties": { "hex_id": 112, "luas_km2": 0.1039, "poi_total": 10, "poi_kuliner": 2, "poi_peribadatan": 2, "poi_kesehatan": 4, "poi_pendidikan": 0, "poi_perkantoran": 1, "poi_pariwisata": 0, "poi_perdagangan": 1, "poi_transportasi": 0, "penduduk": 913, "volume_mean": 560.00834803809482, "norm_volume": 13.1518, "norm_poi": 31.9375, "norm_penduduk": 40.3843, "skor_total_ahp": 23.1962, "ranking": 260, "klasifikasi_potensi": "Rendah" }, "geometry": { "type": "Polygon", "coordinates": [ [ [ 110.380918881243744, -7.815152820874689 ], [ 110.37934926371706, -7.814246006070075 ], [ 110.377776974789484, -7.815148205424303 ], [ 110.377774295669028, -7.816957224765517 ], [ 110.379343919002224, -7.817864045835079 ], [ 110.38091621564935, -7.816961841297117 ], [ 110.380918881243744, -7.815152820874689 ] ] ] } },
{ "type": "Feature", "properties": { "hex_id": 113, "luas_km2": 0.1039, "poi_total": 17, "poi_kuliner": 5, "poi_peribadatan": 2, "poi_kesehatan": 9, "poi_pendidikan": 1, "poi_perkantoran": 0, "poi_pariwisata": 0, "poi_perdagangan": 0, "poi_transportasi": 0, "penduduk": 914, "volume_mean": 514.00581848416493, "norm_volume": 10.5634, "norm_poi": 53.5938, "norm_penduduk": 40.4275, "skor_total_ahp": 28.2457, "ranking": 211, "klasifikasi_potensi": "Sedang" }, "geometry": { "type": "Polygon", "coordinates": [ [ [ 110.384060789606195, -7.815157412964006 ], [ 110.382491164364794, -7.814250609300699 ], [ 110.380918881243744, -7.815152820874689 ], [ 110.380916215649364, -7.816961841297117 ], [ 110.382485846702139, -7.817868651222657 ], [ 110.384058137537934, -7.816966434462172 ], [ 110.384060789606195, -7.815157412964006 ] ] ] } },
{ "type": "Feature", "properties": { "hex_id": 114, "luas_km2": 0.1039, "poi_total": 11, "poi_kuliner": 3, "poi_peribadatan": 3, "poi_kesehatan": 3, "poi_pendidikan": 1, "poi_perkantoran": 1, "poi_pariwisata": 0, "poi_perdagangan": 0, "poi_transportasi": 0, "penduduk": 913, "volume_mean": 498.42386925567251, "norm_volume": 9.6867, "norm_poi": 35.0312, "norm_penduduk": 40.3843, "skor_total_ahp": 22.2483, "ranking": 270, "klasifikasi_potensi": "Rendah" }, "geometry": { "type": "Polygon", "coordinates": [ [ [ 110.387202699867174, -7.815161981692181 ], [ 110.385633066915872, -7.814255189172955 ], [ 110.384060789606195, -7.815157412964006 ], [ 110.384058137537934, -7.816966434462172 ], [ 110.385627776305469, -7.817873233240919 ], [ 110.387200061325046, -7.816971004260616 ], [ 110.387202699867174, -7.815161981692181 ] ] ] } },
{ "type": "Feature", "properties": { "hex_id": 115, "luas_km2": 0.1039, "poi_total": 12, "poi_kuliner": 1, "poi_peribadatan": 2, "poi_kesehatan": 4, "poi_pendidikan": 4, "poi_perkantoran": 1, "poi_pariwisata": 0, "poi_perdagangan": 0, "poi_transportasi": 0, "penduduk": 913, "volume_mean": 432.67535514880893, "norm_volume": 5.9874, "norm_poi": 38.125, "norm_penduduk": 40.3843, "skor_total_ahp": 21.1741, "ranking": 280, "klasifikasi_potensi": "Rendah" }, "geometry": { "type": "Polygon", "coordinates": [ [ [ 110.390344612016975, -7.815166527059145 ], [ 110.38877497136059, -7.814259745686772 ], [ 110.387202699867174, -7.815161981692181 ], [ 110.387200061325046, -7.816971004260616 ], [ 110.388769707802524, -7.817877791889797 ], [ 110.390341987001037, -7.816975550692374 ], [ 110.390344612016975, -7.815166527059145 ] ] ] } },
{ "type": "Feature", "properties": { "hex_id": 116, "luas_km2": 0.1039, "poi_total": 5, "poi_kuliner": 1, "poi_peribadatan": 2, "poi_kesehatan": 2, "poi_pendidikan": 0, "poi_perkantoran": 0, "poi_pariwisata": 0, "poi_perdagangan": 0, "poi_transportasi": 0, "penduduk": 987, "volume_mean": 374.32266813865448, "norm_volume": 2.7041, "norm_poi": 16.4688, "norm_penduduk": 43.5765, "skor_total_ahp": 13.4899, "ranking": 341, "klasifikasi_potensi": "Sangat Rendah" }, "geometry": { "type": "Polygon", "coordinates": [ [ [ 110.393486526045919, -7.815171049064834 ], [ 110.391916877689283, -7.814264278842081 ], [ 110.390344612016975, -7.815166527059145 ], [ 110.390341987001037, -7.816975550692374 ], [ 110.391911641183626, -7.817882327169222 ], [ 110.393483914556214, -7.816980073757383 ], [ 110.393486526045919, -7.815171049064834 ] ] ] } },
{ "type": "Feature", "properties": { "hex_id": 117, "luas_km2": 0.1039, "poi_total": 8, "poi_kuliner": 0, "poi_peribadatan": 5, "poi_kesehatan": 0, "poi_pendidikan": 2, "poi_perkantoran": 1, "poi_pariwisata": 0, "poi_perdagangan": 0, "poi_transportasi": 0, "penduduk": 1239, "volume_mean": 460.04407706874065, "norm_volume": 7.5273, "norm_poi": 25.75, "norm_penduduk": 54.4471, "skor_total_ahp": 20.6287, "ranking": 287, "klasifikasi_potensi": "Rendah" }, "geometry": { "type": "Polygon", "coordinates": [ [ [ 110.39662844194433, -7.815175547709177 ], [ 110.39505878589226, -7.814268788638813 ], [ 110.393486526045919, -7.815171049064834 ], [ 110.393483914556214, -7.816980073757383 ], [ 110.395053576439111, -7.817886839079129 ], [ 110.3966258439809, -7.816984573455578 ], [ 110.39662844194433, -7.815175547709177 ] ] ] } },
{ "type": "Feature", "properties": { "hex_id": 118, "luas_km2": 0.1039, "poi_total": 11, "poi_kuliner": 2, "poi_peribadatan": 4, "poi_kesehatan": 3, "poi_pendidikan": 1, "poi_perkantoran": 1, "poi_pariwisata": 0, "poi_perdagangan": 0, "poi_transportasi": 0, "penduduk": 1248, "volume_mean": 485.51606394773836, "norm_volume": 8.9605, "norm_poi": 35.0312, "norm_penduduk": 54.8353, "skor_total_ahp": 24.2236, "ranking": 246, "klasifikasi_potensi": "Rendah" }, "geometry": { "type": "Polygon", "coordinates": [ [ [ 110.399770359702529, -7.815180022992108 ], [ 110.398200695959844, -7.814273275076907 ], [ 110.39662844194433, -7.815175547709177 ], [ 110.3966258439809, -7.816984573455578 ], [ 110.398195513559273, -7.817891327619446 ], [ 110.399767775265403, -7.816989049786883 ], [ 110.399770359702529, -7.815180022992108 ] ] ] } },
{ "type": "Feature", "properties": { "hex_id": 119, "luas_km2": 0.1039, "poi_total": 10, "poi_kuliner": 1, "poi_peribadatan": 5, "poi_kesehatan": 0, "poi_pendidikan": 2, "poi_perkantoran": 2, "poi_pariwisata": 0, "poi_perdagangan": 0, "poi_transportasi": 0, "penduduk": 922, "volume_mean": 473.29800306400438, "norm_volume": 8.273, "norm_poi": 31.9375, "norm_penduduk": 40.7725, "skor_total_ahp": 20.6303, "ranking": 286, "klasifikasi_potensi": "Rendah" }, "geometry": { "type": "Polygon", "coordinates": [ [ [ 110.402912279310826, -7.815184474913559 ], [ 110.401342607882341, -7.814277738156291 ], [ 110.399770359702529, -7.815180022992108 ], [ 110.399767775265403, -7.816989049786883 ], [ 110.40133745253442, -7.817895792790108 ], [ 110.402909708400031, -7.81699350275124 ], [ 110.402912279310826, -7.815184474913559 ] ] ] } },
{ "type": "Feature", "properties": { "hex_id": 120, "luas_km2": 0.1039, "poi_total": 1, "poi_kuliner": 0, "poi_peribadatan": 1, "poi_kesehatan": 0, "poi_pendidikan": 0, "poi_perkantoran": 0, "poi_pariwisata": 0, "poi_perdagangan": 0, "poi_transportasi": 0, "penduduk": 347, "volume_mean": 631.62593288705204, "norm_volume": 17.1814, "norm_poi": 4.0938, "norm_penduduk": 15.9686, "skor_total_ahp": 13.0923, "ranking": 344, "klasifikasi_potensi": "Sangat Rendah" }, "geometry": { "type": "Polygon", "coordinates": [ [ [ 110.347933170664334, -7.812389680038664 ], [ 110.346363644070834, -7.811482749153934 ], [ 110.344791305113105, -7.812384821009235 ], [ 110.344788484981166, -7.814193828900649 ], [ 110.346358017327731, -7.815100766076778 ], [ 110.347930364053184, -7.814198689068737 ], [ 110.347933170664334, -7.812389680038664 ] ] ] } },
{ "type": "Feature", "properties": { "hex_id": 121, "luas_km2": 0.1039, "poi_total": 6, "poi_kuliner": 1, "poi_peribadatan": 2, "poi_kesehatan": 1, "poi_pendidikan": 1, "poi_perkantoran": 1, "poi_pariwisata": 0, "poi_perdagangan": 0, "poi_transportasi": 0, "penduduk": 707, "volume_mean": 552.21171146239453, "norm_volume": 12.7131, "norm_poi": 19.5625, "norm_penduduk": 31.498, "skor_total_ahp": 17.8258, "ranking": 315, "klasifikasi_potensi": "Sangat Rendah" }, "geometry": { "type": "Polygon", "coordinates": [ [ [ 110.35107503822536, -7.812394515715967 ], [ 110.349505503868983, -7.811487595939352 ], [ 110.347933170664334, -7.812389680038664 ], [ 110.347930364053184, -7.814198689068737 ], [ 110.349499904167516, -7.815105615134039 ], [ 110.351072245135057, -7.814203525879226 ], [ 110.35107503822536, -7.812394515715967 ] ] ] } },
{ "type": "Feature", "properties": { "hex_id": 122, "luas_km2": 0.1039, "poi_total": 9, "poi_kuliner": 1, "poi_peribadatan": 4, "poi_kesehatan": 1, "poi_pendidikan": 2, "poi_perkantoran": 1, "poi_pariwisata": 0, "poi_perdagangan": 0, "poi_transportasi": 0, "penduduk": 1415, "volume_mean": 613.62635539052405, "norm_volume": 16.1686, "norm_poi": 28.8438, "norm_penduduk": 62.0392, "skor_total_ahp": 27.4491, "ranking": 218, "klasifikasi_potensi": "Sedang" }, "geometry": { "type": "Polygon", "coordinates": [ [ [ 110.354216907786508, -7.812399328041079 ], [ 110.352647365672055, -7.811492419375347 ], [ 110.35107503822536, -7.812394515715967 ], [ 110.351072245135057, -7.814203525879226 ], [ 110.352641793012296, -7.815110440830938 ], [ 110.35421412821708, -7.814208339332051 ], [ 110.354216907786508, -7.812399328041079 ] ] ] } },
{ "type": "Feature", "properties": { "hex_id": 123, "luas_km2": 0.1039, "poi_total": 12, "poi_kuliner": 1, "poi_peribadatan": 4, "poi_kesehatan": 5, "poi_pendidikan": 2, "poi_perkantoran": 0, "poi_pariwisata": 0, "poi_perdagangan": 0, "poi_transportasi": 0, "penduduk": 1415, "volume_mean": 591.89183829199033, "norm_volume": 14.9457, "norm_poi": 38.125, "norm_penduduk": 62.0392, "skor_total_ahp": 29.549, "ranking": 199, "klasifikasi_potensi": "Sedang" }, "geometry": { "type": "Polygon", "coordinates": [ [ [ 110.357358779338085, -7.812404117013923 ], [ 110.355789229470375, -7.811497219461847 ], [ 110.354216907786508, -7.812399328041079 ], [ 110.35421412821708, -7.814208339332051 ], [ 110.355783683852437, -7.815115243167392 ], [ 110.357356013289575, -7.814213129427138 ], [ 110.357358779338085, -7.812404117013923 ] ] ] } },
{ "type": "Feature", "properties": { "hex_id": 124, "luas_km2": 0.1039, "poi_total": 17, "poi_kuliner": 4, "poi_peribadatan": 3, "poi_kesehatan": 6, "poi_pendidikan": 3, "poi_perkantoran": 1, "poi_pariwisata": 0, "poi_perdagangan": 0, "poi_transportasi": 0, "penduduk": 1414, "volume_mean": 618.75913615303898, "norm_volume": 16.4574, "norm_poi": 53.5938, "norm_penduduk": 61.9961, "skor_total_ahp": 34.9549, "ranking": 148, "klasifikasi_potensi": "Tinggi" }, "geometry": { "type": "Polygon", "coordinates": [ [ [ 110.360500652870414, -7.812408882634428 ], [ 110.358931095254277, -7.811501996198783 ], [ 110.357358779338085, -7.812404117013923 ], [ 110.357356013289575, -7.814213129427138 ], [ 110.358925576678217, -7.815120022143336 ], [ 110.360497900342864, -7.81421789616441 ], [ 110.360500652870414, -7.812408882634428 ] ] ] } },
{ "type": "Feature", "properties": { "hex_id": 125, "luas_km2": 0.1039, "poi_total": 20, "poi_kuliner": 4, "poi_peribadatan": 2, "poi_kesehatan": 6, "poi_pendidikan": 6, "poi_perkantoran": 1, "poi_pariwisata": 0, "poi_perdagangan": 1, "poi_transportasi": 0, "penduduk": 1414, "volume_mean": 537.71987608114978, "norm_volume": 11.8977, "norm_poi": 62.875, "norm_penduduk": 61.9961, "skor_total_ahp": 35.2563, "ranking": 143, "klasifikasi_potensi": "Tinggi" }, "geometry": { "type": "Polygon", "coordinates": [ [ [ 110.363642528373816, -7.812413624902525 ], [ 110.362072963014072, -7.811506749586079 ], [ 110.360500652870414, -7.812408882634428 ], [ 110.360497900342864, -7.81421789616441 ], [ 110.362067471479975, -7.8151247777587 ], [ 110.363639789367269, -7.814222639543805 ], [ 110.363642528373816, -7.812413624902525 ] ] ] } },
{ "type": "Feature", "properties": { "hex_id": 126, "luas_km2": 0.1039, "poi_total": 10, "poi_kuliner": 6, "poi_peribadatan": 1, "poi_kesehatan": 2, "poi_pendidikan": 1, "poi_perkantoran": 0, "poi_pariwisata": 0, "poi_perdagangan": 0, "poi_transportasi": 0, "penduduk": 1413, "volume_mean": 588.60354403179542, "norm_volume": 14.7607, "norm_poi": 31.9375, "norm_penduduk": 61.9529, "skor_total_ahp": 27.5958, "ranking": 217, "klasifikasi_potensi": "Sedang" }, "geometry": { "type": "Polygon", "coordinates": [ [ [ 110.366784405838601, -7.81241834381814 ], [ 110.365214832740079, -7.811511479623666 ], [ 110.363642528373816, -7.812413624902525 ], [ 110.363639789367269, -7.814222639543805 ], [ 110.365209368248017, -7.815129510013407 ], [ 110.3667816803531, -7.814227359565244 ], [ 110.366784405838601, -7.81241834381814 ] ] ] } },
{ "type": "Feature", "properties": { "hex_id": 127, "luas_km2": 0.1039, "poi_total": 20, "poi_kuliner": 9, "poi_peribadatan": 1, "poi_kesehatan": 6, "poi_pendidikan": 3, "poi_perkantoran": 0, "poi_pariwisata": 0, "poi_perdagangan": 1, "poi_transportasi": 0, "penduduk": 1406, "volume_mean": 580.145123574629, "norm_volume": 14.2848, "norm_poi": 62.875, "norm_penduduk": 61.651, "skor_total_ahp": 36.4863, "ranking": 129, "klasifikasi_potensi": "Tinggi" }, "geometry": { "type": "Polygon", "coordinates": [ [ [ 110.36992628525509, -7.812423039381205 ], [ 110.368356704422609, -7.811516186311477 ], [ 110.366784405838601, -7.81241834381814 ], [ 110.3667816803531, -7.814227359565244 ], [ 110.368351266972681, -7.815134218907394 ], [ 110.369923573290677, -7.814232056228661 ], [ 110.36992628525509, -7.812423039381205 ] ] ] } },
{ "type": "Feature", "properties": { "hex_id": 128, "luas_km2": 0.1039, "poi_total": 10, "poi_kuliner": 1, "poi_peribadatan": 2, "poi_kesehatan": 4, "poi_pendidikan": 1, "poi_perkantoran": 2, "poi_pariwisata": 0, "poi_perdagangan": 0, "poi_transportasi": 0, "penduduk": 1393, "volume_mean": 562.63462814775482, "norm_volume": 13.2996, "norm_poi": 31.9375, "norm_penduduk": 61.0902, "skor_total_ahp": 26.667, "ranking": 226, "klasifikasi_potensi": "Sedang" }, "geometry": { "type": "Polygon", "coordinates": [ [ [ 110.373068166613592, -7.812427711591648 ], [ 110.37149857805197, -7.811520869649434 ], [ 110.36992628525509, -7.812423039381205 ], [ 110.369923573290677, -7.814232056228661 ], [ 110.371493167644275, -7.815138904440586 ], [ 110.373065468170324, -7.814236729533985 ], [ 110.373068166613592, -7.812427711591648 ] ] ] } },
{ "type": "Feature", "properties": { "hex_id": 129, "luas_km2": 0.1039, "poi_total": 7, "poi_kuliner": 3, "poi_peribadatan": 2, "poi_kesehatan": 0, "poi_pendidikan": 2, "poi_perkantoran": 0, "poi_pariwisata": 0, "poi_perdagangan": 0, "poi_transportasi": 0, "penduduk": 1393, "volume_mean": 545.47467287443101, "norm_volume": 12.334, "norm_poi": 22.6562, "norm_penduduk": 61.0902, "skor_total_ahp": 23.3877, "ranking": 258, "klasifikasi_potensi": "Rendah" }, "geometry": { "type": "Polygon", "coordinates": [ [ [ 110.376210049904458, -7.812432360449401 ], [ 110.374640453618497, -7.811525529637471 ], [ 110.373068166613592, -7.812427711591648 ], [ 110.373065468170324, -7.814236729533985 ], [ 110.374635070253092, -7.815143566612909 ], [ 110.376207364982349, -7.814241379481146 ], [ 110.376210049904458, -7.812432360449401 ] ] ] } },
{ "type": "Feature", "properties": { "hex_id": 130, "luas_km2": 0.1039, "poi_total": 10, "poi_kuliner": 4, "poi_peribadatan": 2, "poi_kesehatan": 3, "poi_pendidikan": 0, "poi_perkantoran": 1, "poi_pariwisata": 0, "poi_perdagangan": 0, "poi_transportasi": 0, "penduduk": 1268, "volume_mean": 590.3085058081241, "norm_volume": 14.8566, "norm_poi": 31.9375, "norm_penduduk": 55.698, "skor_total_ahp": 26.6231, "ranking": 228, "klasifikasi_potensi": "Rendah" }, "geometry": { "type": "Polygon", "coordinates": [ [ [ 110.379351935117967, -7.812436985954394 ], [ 110.377782331112527, -7.811530166275523 ], [ 110.376210049904458, -7.812432360449401 ], [ 110.376207364982349, -7.814241379481146 ], [ 110.377776974789484, -7.815148205424303 ], [ 110.37934926371706, -7.814246006070075 ], [ 110.379351935117967, -7.812436985954394 ] ] ] } },
{ "type": "Feature", "properties": { "hex_id": 131, "luas_km2": 0.1039, "poi_total": 7, "poi_kuliner": 2, "poi_peribadatan": 3, "poi_kesehatan": 1, "poi_pendidikan": 0, "poi_perkantoran": 1, "poi_pariwisata": 0, "poi_perdagangan": 0, "poi_transportasi": 0, "penduduk": 1217, "volume_mean": 615.12136805288856, "norm_volume": 16.2527, "norm_poi": 22.6562, "norm_penduduk": 53.498, "skor_total_ahp": 24.2563, "ranking": 245, "klasifikasi_potensi": "Rendah" }, "geometry": { "type": "Polygon", "coordinates": [ [ [ 110.382493822244456, -7.812441588106559 ], [ 110.380924210524313, -7.811534779563511 ], [ 110.379351935117967, -7.812436985954394 ], [ 110.37934926371706, -7.814246006070075 ], [ 110.380918881243744, -7.815152820874689 ], [ 110.382491164364794, -7.814250609300699 ], [ 110.382493822244456, -7.812441588106559 ] ] ] } },
{ "type": "Feature", "properties": { "hex_id": 132, "luas_km2": 0.1039, "poi_total": 4, "poi_kuliner": 0, "poi_peribadatan": 0, "poi_kesehatan": 0, "poi_pendidikan": 4, "poi_perkantoran": 0, "poi_pariwisata": 0, "poi_perdagangan": 0, "poi_transportasi": 0, "penduduk": 913, "volume_mean": 581.16728111315683, "norm_volume": 14.3423, "norm_poi": 13.375, "norm_penduduk": 40.3843, "skor_total_ahp": 18.3199, "ranking": 311, "klasifikasi_potensi": "Sangat Rendah" }, "geometry": { "type": "Polygon", "coordinates": [ [ [ 110.385635711274233, -7.812446166905824 ], [ 110.384066091844247, -7.811539369501372 ], [ 110.382493822244456, -7.812441588106559 ], [ 110.382491164364794, -7.814250609300699 ], [ 110.384060789606195, -7.815157412964006 ], [ 110.385633066915872, -7.814255189172955 ], [ 110.385635711274233, -7.812446166905824 ] ] ] } },
{ "type": "Feature", "properties": { "hex_id": 133, "luas_km2": 0.1039, "poi_total": 14, "poi_kuliner": 7, "poi_peribadatan": 1, "poi_kesehatan": 5, "poi_pendidikan": 1, "poi_perkantoran": 0, "poi_pariwisata": 0, "poi_perdagangan": 0, "poi_transportasi": 0, "penduduk": 913, "volume_mean": 544.40978232083933, "norm_volume": 12.2741, "norm_poi": 44.3125, "norm_penduduk": 40.3843, "skor_total_ahp": 26.4017, "ranking": 230, "klasifikasi_potensi": "Rendah" }, "geometry": { "type": "Polygon", "coordinates": [ [ [ 110.388777602197621, -7.812450722352123 ], [ 110.387207975062594, -7.811543936089041 ], [ 110.385635711274247, -7.812446166905824 ], [ 110.385633066915872, -7.814255189172955 ], [ 110.387202699867174, -7.815161981692181 ], [ 110.38877497136059, -7.814259745686772 ], [ 110.388777602197621, -7.812450722352123 ] ] ] } },
{ "type": "Feature", "properties": { "hex_id": 134, "luas_km2": 0.1039, "poi_total": 6, "poi_kuliner": 1, "poi_peribadatan": 1, "poi_kesehatan": 3, "poi_pendidikan": 1, "poi_perkantoran": 0, "poi_pariwisata": 0, "poi_perdagangan": 0, "poi_transportasi": 0, "penduduk": 913, "volume_mean": 432.39082519997464, "norm_volume": 5.9714, "norm_poi": 19.5625, "norm_penduduk": 40.3843, "skor_total_ahp": 15.6476, "ranking": 330, "klasifikasi_potensi": "Sangat Rendah" }, "geometry": { "type": "Polygon", "coordinates": [ [ [ 110.391919495004956, -7.812455254445388 ], [ 110.390349860169707, -7.811548479326444 ], [ 110.388777602197621, -7.812450722352123 ], [ 110.38877497136059, -7.814259745686772 ], [ 110.390344612016975, -7.815166527059145 ], [ 110.391916877689283, -7.814264278842081 ], [ 110.391919495004956, -7.812455254445388 ] ] ] } },
{ "type": "Feature", "properties": { "hex_id": 135, "luas_km2": 0.1039, "poi_total": 6, "poi_kuliner": 1, "poi_peribadatan": 2, "poi_kesehatan": 2, "poi_pendidikan": 0, "poi_perkantoran": 0, "poi_pariwisata": 1, "poi_perdagangan": 0, "poi_transportasi": 0, "penduduk": 1067, "volume_mean": 441.03935070840288, "norm_volume": 6.458, "norm_poi": 19.5625, "norm_penduduk": 47.0275, "skor_total_ahp": 16.9979, "ranking": 323, "klasifikasi_potensi": "Sangat Rendah" }, "geometry": { "type": "Polygon", "coordinates": [ [ [ 110.395061389686518, -7.81245976318555 ], [ 110.393491747155878, -7.811552999213515 ], [ 110.391919495004956, -7.812455254445388 ], [ 110.391916877689283, -7.814264278842081 ], [ 110.393486526045919, -7.815171049064834 ], [ 110.39505878589226, -7.814268788638813 ], [ 110.395061389686518, -7.81245976318555 ] ] ] } },
{ "type": "Feature", "properties": { "hex_id": 136, "luas_km2": 0.1039, "poi_total": 10, "poi_kuliner": 3, "poi_peribadatan": 3, "poi_kesehatan": 1, "poi_pendidikan": 1, "poi_perkantoran": 2, "poi_pariwisata": 0, "poi_perdagangan": 0, "poi_transportasi": 0, "penduduk": 1248, "volume_mean": 513.30196620673894, "norm_volume": 10.5238, "norm_poi": 31.9375, "norm_penduduk": 54.8353, "skor_total_ahp": 24.1466, "ranking": 249, "klasifikasi_potensi": "Rendah" }, "geometry": { "type": "Polygon", "coordinates": [ [ [ 110.398203286232658, -7.812464248572542 ], [ 110.396633636011416, -7.811557495750187 ], [ 110.395061389686518, -7.81245976318555 ], [ 110.39505878589226, -7.814268788638813 ], [ 110.39662844194433, -7.815175547709177 ], [ 110.398200695959844, -7.814273275076907 ], [ 110.398203286232658, -7.812464248572542 ] ] ] } },
{ "type": "Feature", "properties": { "hex_id": 137, "luas_km2": 0.1039, "poi_total": 5, "poi_kuliner": 2, "poi_peribadatan": 2, "poi_kesehatan": 0, "poi_pendidikan": 0, "poi_perkantoran": 1, "poi_pariwisata": 0, "poi_perdagangan": 0, "poi_transportasi": 0, "penduduk": 1248, "volume_mean": 491.28560104172976, "norm_volume": 9.2851, "norm_poi": 16.4688, "norm_penduduk": 54.8353, "skor_total_ahp": 18.8807, "ranking": 304, "klasifikasi_potensi": "Sangat Rendah" }, "geometry": { "type": "Polygon", "coordinates": [ [ [ 110.401345184633655, -7.812468710606298 ], [ 110.399775526726671, -7.811561968936391 ], [ 110.398203286232658, -7.812464248572542 ], [ 110.398200695959844, -7.814273275076907 ], [ 110.399770359702529, -7.815180022992108 ], [ 110.401342607882341, -7.814277738156291 ], [ 110.401345184633655, -7.812468710606298 ] ] ] } },
{ "type": "Feature", "properties": { "hex_id": 138, "luas_km2": 0.1039, "poi_total": 2, "poi_kuliner": 0, "poi_peribadatan": 0, "poi_kesehatan": 1, "poi_pendidikan": 0, "poi_perkantoran": 1, "poi_pariwisata": 0, "poi_perdagangan": 0, "poi_transportasi": 0, "penduduk": 220, "volume_mean": 474.34011319883308, "norm_volume": 8.3316, "norm_poi": 7.1875, "norm_penduduk": 10.4902, "skor_total_ahp": 8.3451, "ranking": 373, "klasifikasi_potensi": "Sangat Rendah" }, "geometry": { "type": "Polygon", "coordinates": [ [ [ 110.404487084879861, -7.812473149286748 ], [ 110.402917419291967, -7.811566418772061 ], [ 110.401345184633655, -7.812468710606298 ], [ 110.401342607882341, -7.814277738156291 ], [ 110.402912279310826, -7.815184474913559 ], [ 110.404484521650062, -7.814282177876896 ], [ 110.404487084879861, -7.812473149286748 ] ] ] } },
{ "type": "Feature", "properties": { "hex_id": 139, "luas_km2": 0.1039, "poi_total": 0, "poi_kuliner": 0, "poi_peribadatan": 0, "poi_kesehatan": 0, "poi_pendidikan": 0, "poi_perkantoran": 0, "poi_pariwisata": 0, "poi_perdagangan": 0, "poi_transportasi": 0, "penduduk": 244, "volume_mean": 667.53331639673797, "norm_volume": 19.2017, "norm_poi": 1.0, "norm_penduduk": 11.5255, "skor_total_ahp": 12.5339, "ranking": 347, "klasifikasi_potensi": "Sangat Rendah" }, "geometry": { "type": "Polygon", "coordinates": [ [ [ 110.346366456435064, -7.809673740459272 ], [ 110.344796943357508, -7.808766804759933 ], [ 110.343224612167475, -7.809668871465884 ], [ 110.343221786287302, -7.811477879019165 ], [ 110.344791305113105, -7.812384821009235 ], [ 110.346363644070834, -7.811482749153934 ], [ 110.346366456435064, -7.809673740459272 ] ] ] } },
{ "type": "Feature", "properties": { "hex_id": 140, "luas_km2": 0.1039, "poi_total": 11, "poi_kuliner": 3, "poi_peribadatan": 1, "poi_kesehatan": 2, "poi_pendidikan": 2, "poi_perkantoran": 3, "poi_pariwisata": 0, "poi_perdagangan": 0, "poi_transportasi": 0, "penduduk": 1688, "volume_mean": 583.87743372350303, "norm_volume": 14.4948, "norm_poi": 35.0312, "norm_penduduk": 73.8157, "skor_total_ahp": 30.315, "ranking": 190, "klasifikasi_potensi": "Sedang" }, "geometry": { "type": "Polygon", "coordinates": [ [ [ 110.349508302717226, -7.809678586108783 ], [ 110.347938781876834, -7.80877166151207 ], [ 110.346366456435064, -7.809673740459272 ], [ 110.346363644070834, -7.811482749153934 ], [ 110.347933170664334, -7.812389680038664 ], [ 110.349505503868983, -7.811487595939352 ], [ 110.349508302717226, -7.809678586108783 ] ] ] } },
{ "type": "Feature", "properties": { "hex_id": 141, "luas_km2": 0.1039, "poi_total": 12, "poi_kuliner": 3, "poi_peribadatan": 5, "poi_kesehatan": 0, "poi_pendidikan": 2, "poi_perkantoran": 2, "poi_pariwisata": 0, "poi_perdagangan": 0, "poi_transportasi": 0, "penduduk": 1647, "volume_mean": 585.3786585016768, "norm_volume": 14.5793, "norm_poi": 38.125, "norm_penduduk": 72.0471, "skor_total_ahp": 30.9905, "ranking": 185, "klasifikasi_potensi": "Sedang" }, "geometry": { "type": "Polygon", "coordinates": [ [ [ 110.352650151004283, -7.809683408414342 ], [ 110.351080622405874, -7.808776494923032 ], [ 110.349508302717226, -7.809678586108783 ], [ 110.349505503868983, -7.811487595939352 ], [ 110.35107503822536, -7.812394515715967 ], [ 110.352647365672055, -7.811492419375347 ], [ 110.352650151004283, -7.809683408414342 ] ] ] } },
{ "type": "Feature", "properties": { "hex_id": 142, "luas_km2": 0.1039, "poi_total": 13, "poi_kuliner": 3, "poi_peribadatan": 4, "poi_kesehatan": 1, "poi_pendidikan": 4, "poi_perkantoran": 0, "poi_pariwisata": 0, "poi_perdagangan": 0, "poi_transportasi": 1, "penduduk": 1416, "volume_mean": 621.04237786286353, "norm_volume": 16.5859, "norm_poi": 41.2188, "norm_penduduk": 62.0824, "skor_total_ahp": 31.3597, "ranking": 181, "klasifikasi_potensi": "Sedang" }, "geometry": { "type": "Polygon", "coordinates": [ [ [ 110.355792001286574, -7.80968820737588 ], [ 110.354222464934935, -7.808781304992744 ], [ 110.352650151004283, -7.809683408414342 ], [ 110.352647365672055, -7.811492419375347 ], [ 110.354216907786508, -7.812399328041079 ], [ 110.355789229470375, -7.811497219461847 ], [ 110.355792001286574, -7.80968820737588 ] ] ] } },
{ "type": "Feature", "properties": { "hex_id": 143, "luas_km2": 0.1039, "poi_total": 11, "poi_kuliner": 4, "poi_peribadatan": 2, "poi_kesehatan": 2, "poi_pendidikan": 0, "poi_perkantoran": 2, "poi_pariwisata": 1, "poi_perdagangan": 0, "poi_transportasi": 0, "penduduk": 1413, "volume_mean": 627.77162902753071, "norm_volume": 16.9645, "norm_poi": 35.0312, "norm_penduduk": 61.9529, "skor_total_ahp": 29.7032, "ranking": 196, "klasifikasi_potensi": "Sedang" }, "geometry": { "type": "Polygon", "coordinates": [ [ [ 110.358933853554362, -7.809692982993319 ], [ 110.357364309454354, -7.808786091721132 ], [ 110.355792001286574, -7.80968820737588 ], [ 110.355789229470389, -7.811497219461847 ], [ 110.357358779338085, -7.812404117013923 ], [ 110.358931095254277, -7.811501996198783 ], [ 110.358933853554362, -7.809692982993319 ] ] ] } },
{ "type": "Feature", "properties": { "hex_id": 144, "luas_km2": 0.1039, "poi_total": 10, "poi_kuliner": 0, "poi_peribadatan": 3, "poi_kesehatan": 0, "poi_pendidikan": 3, "poi_perkantoran": 2, "poi_pariwisata": 2, "poi_perdagangan": 0, "poi_transportasi": 0, "penduduk": 1413, "volume_mean": 673.77797860242356, "norm_volume": 19.5531, "norm_poi": 31.9375, "norm_penduduk": 61.9529, "skor_total_ahp": 30.1787, "ranking": 192, "klasifikasi_potensi": "Sedang" }, "geometry": { "type": "Polygon", "coordinates": [ [ [ 110.362075707798027, -7.809697735266598 ], [ 110.360506155954454, -7.808790855108124 ], [ 110.358933853554362, -7.809692982993319 ], [ 110.358931095254277, -7.811501996198783 ], [ 110.360500652870414, -7.812408882634428 ], [ 110.362072963014072, -7.811506749586079 ], [ 110.362075707798027, -7.809697735266598 ] ] ] } },
{ "type": "Feature", "properties": { "hex_id": 145, "luas_km2": 0.1039, "poi_total": 11, "poi_kuliner": 8, "poi_peribadatan": 1, "poi_kesehatan": 0, "poi_pendidikan": 0, "poi_perkantoran": 1, "poi_pariwisata": 1, "poi_perdagangan": 0, "poi_transportasi": 0, "penduduk": 1413, "volume_mean": 672.79413611049642, "norm_volume": 19.4977, "norm_poi": 35.0312, "norm_penduduk": 61.9529, "skor_total_ahp": 31.0685, "ranking": 183, "klasifikasi_potensi": "Sedang" }, "geometry": { "type": "Polygon", "coordinates": [ [ [ 110.365217564007835, -7.809702464195637 ], [ 110.363648004425528, -7.808795595153654 ], [ 110.362075707798027, -7.809697735266598 ], [ 110.362072963014072, -7.811506749586079 ], [ 110.363642528373816, -7.812413624902525 ], [ 110.365214832740079, -7.811511479623666 ], [ 110.365217564007835, -7.809702464195637 ] ] ] } },
{ "type": "Feature", "properties": { "hex_id": 146, "luas_km2": 0.1039, "poi_total": 8, "poi_kuliner": 4, "poi_peribadatan": 0, "poi_kesehatan": 2, "poi_pendidikan": 0, "poi_perkantoran": 1, "poi_pariwisata": 0, "poi_perdagangan": 1, "poi_transportasi": 0, "penduduk": 1413, "volume_mean": 652.64152164397501, "norm_volume": 18.3638, "norm_poi": 25.75, "norm_penduduk": 61.9529, "skor_total_ahp": 27.6985, "ranking": 216, "klasifikasi_potensi": "Sedang" }, "geometry": { "type": "Polygon", "coordinates": [ [ [ 110.368359422174137, -7.809707169780371 ], [ 110.366789854857899, -7.80880031185765 ], [ 110.365217564007835, -7.809702464195637 ], [ 110.365214832740079, -7.811511479623666 ], [ 110.366784405838601, -7.81241834381814 ], [ 110.368356704422609, -7.811516186311477 ], [ 110.368359422174137, -7.809707169780371 ] ] ] } },
{ "type": "Feature", "properties": { "hex_id": 147, "luas_km2": 0.1039, "poi_total": 14, "poi_kuliner": 3, "poi_peribadatan": 2, "poi_kesehatan": 3, "poi_pendidikan": 0, "poi_perkantoran": 6, "poi_pariwisata": 0, "poi_perdagangan": 0, "poi_transportasi": 0, "penduduk": 1395, "volume_mean": 618.4984681068222, "norm_volume": 16.4428, "norm_poi": 44.3125, "norm_penduduk": 61.1765, "skor_total_ahp": 32.0538, "ranking": 177, "klasifikasi_potensi": "Sedang" }, "geometry": { "type": "Polygon", "coordinates": [ [ [ 110.371501282287241, -7.809711852020728 ], [ 110.369931707241903, -7.808805005220038 ], [ 110.368359422174137, -7.809707169780371 ], [ 110.368356704422609, -7.811516186311477 ], [ 110.36992628525509, -7.812423039381205 ], [ 110.37149857805197, -7.811520869649434 ], [ 110.371501282287241, -7.809711852020728 ] ] ] } },
{ "type": "Feature", "properties": { "hex_id": 148, "luas_km2": 0.1039, "poi_total": 9, "poi_kuliner": 3, "poi_peribadatan": 1, "poi_kesehatan": 1, "poi_pendidikan": 2, "poi_perkantoran": 0, "poi_pariwisata": 2, "poi_perdagangan": 0, "poi_transportasi": 0, "penduduk": 1393, "volume_mean": 670.52693446703438, "norm_volume": 19.3701, "norm_poi": 28.8438, "norm_penduduk": 61.0902, "skor_total_ahp": 29.0192, "ranking": 206, "klasifikasi_potensi": "Sedang" }, "geometry": { "type": "Polygon", "coordinates": [ [ [ 110.374643144337469, -7.809716510916636 ], [ 110.37307356156785, -7.808809675240748 ], [ 110.371501282287241, -7.809711852020728 ], [ 110.37149857805197, -7.811520869649434 ], [ 110.373068166613592, -7.812427711591648 ], [ 110.374640453618497, -7.811525529637471 ], [ 110.374643144337469, -7.809716510916636 ] ] ] } },
{ "type": "Feature", "properties": { "hex_id": 149, "luas_km2": 0.1039, "poi_total": 16, "poi_kuliner": 4, "poi_peribadatan": 3, "poi_kesehatan": 5, "poi_pendidikan": 1, "poi_perkantoran": 3, "poi_pariwisata": 0, "poi_perdagangan": 0, "poi_transportasi": 0, "penduduk": 1393, "volume_mean": 687.69677353148404, "norm_volume": 20.3362, "norm_poi": 50.5, "norm_penduduk": 61.0902, "skor_total_ahp": 35.9774, "ranking": 137, "klasifikasi_potensi": "Tinggi" }, "geometry": { "type": "Polygon", "coordinates": [ [ [ 110.377785008315129, -7.809721146468029 ], [ 110.376215417826046, -7.808814321919713 ], [ 110.374643144337469, -7.809716510916636 ], [ 110.374640453618497, -7.811525529637471 ], [ 110.376210049904458, -7.812432360449401 ], [ 110.377782331112527, -7.811530166275523 ], [ 110.377785008315129, -7.809721146468029 ] ] ] } },
{ "type": "Feature", "properties": { "hex_id": 150, "luas_km2": 0.1039, "poi_total": 3, "poi_kuliner": 2, "poi_peribadatan": 1, "poi_kesehatan": 0, "poi_pendidikan": 0, "poi_perkantoran": 0, "poi_pariwisata": 0, "poi_perdagangan": 0, "poi_transportasi": 0, "penduduk": 1254, "volume_mean": 699.57334740010765, "norm_volume": 21.0045, "norm_poi": 10.2812, "norm_penduduk": 55.0941, "skor_total_ahp": 23.4001, "ranking": 257, "klasifikasi_potensi": "Rendah" }, "geometry": { "type": "Polygon", "coordinates": [ [ [ 110.380926874210544, -7.809725758674833 ], [ 110.379357276006829, -7.808818945256863 ], [ 110.377785008315129, -7.809721146468029 ], [ 110.377782331112527, -7.811530166275523 ], [ 110.379351935117967, -7.812436985954394 ], [ 110.380924210524313, -7.811534779563511 ], [ 110.380926874210544, -7.809725758674833 ] ] ] } },
{ "type": "Feature", "properties": { "hex_id": 151, "luas_km2": 0.1039, "poi_total": 2, "poi_kuliner": 0, "poi_peribadatan": 1, "poi_kesehatan": 0, "poi_pendidikan": 1, "poi_perkantoran": 0, "poi_pariwisata": 0, "poi_perdagangan": 0, "poi_transportasi": 0, "penduduk": 913, "volume_mean": 686.96958256618234, "norm_volume": 20.2953, "norm_poi": 7.1875, "norm_penduduk": 40.3843, "skor_total_ahp": 19.6891, "ranking": 295, "klasifikasi_potensi": "Rendah" }, "geometry": { "type": "Polygon", "coordinates": [ [ [ 110.384068742014037, -7.809730347536982 ], [ 110.382499136100506, -7.808823545252129 ], [ 110.380926874210559, -7.809725758674833 ], [ 110.380924210524313, -7.811534779563511 ], [ 110.382493822244456, -7.812441588106559 ], [ 110.384066091844247, -7.811539369501372 ], [ 110.384068742014037, -7.809730347536982 ] ] ] } },
{ "type": "Feature", "properties": { "hex_id": 152, "luas_km2": 0.1039, "poi_total": 8, "poi_kuliner": 1, "poi_peribadatan": 2, "poi_kesehatan": 1, "poi_pendidikan": 2, "poi_perkantoran": 2, "poi_pariwisata": 0, "poi_perdagangan": 0, "poi_transportasi": 0, "penduduk": 913, "volume_mean": 653.04706252430356, "norm_volume": 18.3866, "norm_poi": 25.75, "norm_penduduk": 40.3843, "skor_total_ahp": 24.1783, "ranking": 247, "klasifikasi_potensi": "Rendah" }, "geometry": { "type": "Polygon", "coordinates": [ [ [ 110.387210611715929, -7.809734913054409 ], [ 110.385640998097387, -7.80882812190544 ], [ 110.384068742014037, -7.809730347536982 ], [ 110.384066091844247, -7.811539369501372 ], [ 110.385635711274247, -7.812446166905824 ], [ 110.387207975062594, -7.811543936089041 ], [ 110.387210611715929, -7.809734913054409 ] ] ] } },
{ "type": "Feature", "properties": { "hex_id": 153, "luas_km2": 0.1039, "poi_total": 12, "poi_kuliner": 3, "poi_peribadatan": 3, "poi_kesehatan": 2, "poi_pendidikan": 0, "poi_perkantoran": 2, "poi_pariwisata": 2, "poi_perdagangan": 0, "poi_transportasi": 0, "penduduk": 913, "volume_mean": 595.12142759557742, "norm_volume": 15.1274, "norm_poi": 38.125, "norm_penduduk": 40.3843, "skor_total_ahp": 26.1002, "ranking": 232, "klasifikasi_potensi": "Rendah" }, "geometry": { "type": "Polygon", "coordinates": [ [ [ 110.390352483306529, -7.809739455227045 ], [ 110.388782861987792, -7.80883267521673 ], [ 110.387210611715929, -7.809734913054409 ], [ 110.387207975062594, -7.811543936089041 ], [ 110.388777602197621, -7.812450722352123 ], [ 110.390349860169707, -7.811548479326444 ], [ 110.390352483306529, -7.809739455227045 ] ] ] } },
{ "type": "Feature", "properties": { "hex_id": 154, "luas_km2": 0.1039, "poi_total": 16, "poi_kuliner": 3, "poi_peribadatan": 3, "poi_kesehatan": 4, "poi_pendidikan": 3, "poi_perkantoran": 1, "poi_pariwisata": 2, "poi_perdagangan": 0, "poi_transportasi": 0, "penduduk": 913, "volume_mean": 544.46480218533475, "norm_volume": 12.2772, "norm_poi": 50.5, "norm_penduduk": 40.3843, "skor_total_ahp": 28.2427, "ranking": 212, "klasifikasi_potensi": "Sedang" }, "geometry": { "type": "Polygon", "coordinates": [ [ [ 110.393494356776145, -7.809743974054821 ], [ 110.391924727762074, -7.808837205185931 ], [ 110.390352483306529, -7.809739455227045 ], [ 110.390349860169707, -7.811548479326444 ], [ 110.391919495004956, -7.812455254445388 ], [ 110.393491747155878, -7.811552999213515 ], [ 110.393494356776145, -7.809743974054821 ] ] ] } },
{ "type": "Feature", "properties": { "hex_id": 155, "luas_km2": 0.1039, "poi_total": 5, "poi_kuliner": 0, "poi_peribadatan": 3, "poi_kesehatan": 0, "poi_pendidikan": 2, "poi_perkantoran": 0, "poi_pariwisata": 0, "poi_perdagangan": 0, "poi_transportasi": 0, "penduduk": 1155, "volume_mean": 555.36764315226992, "norm_volume": 12.8907, "norm_poi": 16.4688, "norm_penduduk": 50.8235, "skor_total_ahp": 20.167, "ranking": 290, "klasifikasi_potensi": "Rendah" }, "geometry": { "type": "Polygon", "coordinates": [ [ [ 110.396636232115114, -7.809748469537667 ], [ 110.395066595410498, -7.808841711812972 ], [ 110.393494356776145, -7.809743974054821 ], [ 110.393491747155878, -7.811552999213515 ], [ 110.395061389686518, -7.81245976318555 ], [ 110.396633636011416, -7.811557495750187 ], [ 110.396636232115114, -7.809748469537667 ] ] ] } },
{ "type": "Feature", "properties": { "hex_id": 156, "luas_km2": 0.1039, "poi_total": 12, "poi_kuliner": 4, "poi_peribadatan": 1, "poi_kesehatan": 1, "poi_pendidikan": 2, "poi_perkantoran": 3, "poi_pariwisata": 1, "poi_perdagangan": 0, "poi_transportasi": 0, "penduduk": 1248, "volume_mean": 526.26398971253809, "norm_volume": 11.2532, "norm_poi": 38.125, "norm_penduduk": 54.8353, "skor_total_ahp": 26.3789, "ranking": 231, "klasifikasi_potensi": "Rendah" }, "geometry": { "type": "Polygon", "coordinates": [ [ [ 110.399778109313743, -7.809752941675522 ], [ 110.398208464923414, -7.808846195097791 ], [ 110.396636232115128, -7.809748469537667 ], [ 110.396633636011416, -7.811557495750187 ], [ 110.398203286232658, -7.812464248572542 ], [ 110.399775526726671, -7.811561968936391 ], [ 110.399778109313743, -7.809752941675522 ] ] ] } },
{ "type": "Feature", "properties": { "hex_id": 157, "luas_km2": 0.1039, "poi_total": 10, "poi_kuliner": 4, "poi_peribadatan": 1, "poi_kesehatan": 4, "poi_pendidikan": 1, "poi_perkantoran": 0, "poi_pariwisata": 0, "poi_perdagangan": 0, "poi_transportasi": 0, "penduduk": 968, "volume_mean": 421.71013335687826, "norm_volume": 5.3704, "norm_poi": 31.9375, "norm_penduduk": 42.7569, "skor_total_ahp": 19.3909, "ranking": 298, "klasifikasi_potensi": "Rendah" }, "geometry": { "type": "Polygon", "coordinates": [ [ [ 110.402919988362356, -7.809757390468311 ], [ 110.401350336291131, -7.808850655040319 ], [ 110.399778109313743, -7.809752941675522 ], [ 110.399775526726671, -7.811561968936391 ], [ 110.401345184633655, -7.812468710606298 ], [ 110.402917419291967, -7.811566418772061 ], [ 110.402919988362356, -7.809757390468311 ] ] ] } },
{ "type": "Feature", "properties": { "hex_id": 158, "luas_km2": 0.1039, "poi_total": 14, "poi_kuliner": 4, "poi_peribadatan": 1, "poi_kesehatan": 7, "poi_pendidikan": 0, "poi_perkantoran": 2, "poi_pariwisata": 0, "poi_perdagangan": 0, "poi_transportasi": 0, "penduduk": 1546, "volume_mean": 686.75686852640695, "norm_volume": 20.2833, "norm_poi": 44.3125, "norm_penduduk": 67.6902, "skor_total_ahp": 35.1905, "ranking": 144, "klasifikasi_potensi": "Tinggi" }, "geometry": { "type": "Polygon", "coordinates": [ [ [ 110.347941586478228, -7.806962652015621 ], [ 110.346372079148964, -7.806055722603642 ], [ 110.34479976147, -7.806957796402113 ], [ 110.344796943357508, -7.808766804759933 ], [ 110.346366456435064, -7.809673740459272 ], [ 110.347938781876834, -7.80877166151207 ], [ 110.347941586478228, -7.806962652015621 ] ] ] } },
{ "type": "Feature", "properties": { "hex_id": 159, "luas_km2": 0.1039, "poi_total": 12, "poi_kuliner": 1, "poi_peribadatan": 2, "poi_kesehatan": 6, "poi_pendidikan": 2, "poi_perkantoran": 1, "poi_pariwisata": 0, "poi_perdagangan": 0, "poi_transportasi": 0, "penduduk": 1688, "volume_mean": 609.08606528871144, "norm_volume": 15.9132, "norm_poi": 38.125, "norm_penduduk": 73.8157, "skor_total_ahp": 31.9991, "ranking": 178, "klasifikasi_potensi": "Sedang" }, "geometry": { "type": "Polygon", "coordinates": [ [ [ 110.351083413496099, -7.806967484293425 ], [ 110.349513898408858, -7.806060565981362 ], [ 110.347941586478228, -7.806962652015621 ], [ 110.347938781876834, -7.80877166151207 ], [ 110.349508302717226, -7.809678586108783 ], [ 110.351080622405874, -7.808776494923032 ], [ 110.351083413496099, -7.806967484293425 ] ] ] } },
{ "type": "Feature", "properties": { "hex_id": 160, "luas_km2": 0.1039, "poi_total": 8, "poi_kuliner": 1, "poi_peribadatan": 2, "poi_kesehatan": 0, "poi_pendidikan": 4, "poi_perkantoran": 1, "poi_pariwisata": 0, "poi_perdagangan": 0, "poi_transportasi": 0, "penduduk": 1705, "volume_mean": 641.41218182708838, "norm_volume": 17.732, "norm_poi": 25.75, "norm_penduduk": 74.549, "skor_total_ahp": 29.4209, "ranking": 200, "klasifikasi_potensi": "Sedang" }, "geometry": { "type": "Polygon", "coordinates": [ [ [ 110.354225242513976, -7.806972293235449 ], [ 110.352655719673564, -7.806065386026078 ], [ 110.351083413496099, -7.806967484293425 ], [ 110.351080622405874, -7.808776494923032 ], [ 110.352650151004283, -7.809683408414342 ], [ 110.354222464934935, -7.808781304992744 ], [ 110.354225242513976, -7.806972293235449 ] ] ] } },
{ "type": "Feature", "properties": { "hex_id": 161, "luas_km2": 0.1039, "poi_total": 15, "poi_kuliner": 3, "poi_peribadatan": 4, "poi_kesehatan": 3, "poi_pendidikan": 3, "poi_perkantoran": 0, "poi_pariwisata": 1, "poi_perdagangan": 1, "poi_transportasi": 0, "penduduk": 1797, "volume_mean": 614.50136630225722, "norm_volume": 16.2179, "norm_poi": 47.4062, "norm_penduduk": 78.5176, "skor_total_ahp": 35.6924, "ranking": 141, "klasifikasi_potensi": "Tinggi" }, "geometry": { "type": "Polygon", "coordinates": [ [ [ 110.357367073522155, -7.806977078841624 ], [ 110.355797542933402, -7.806070182737715 ], [ 110.354225242513976, -7.806972293235449 ], [ 110.354222464934935, -7.808781304992744 ], [ 110.355792001286574, -7.80968820737588 ], [ 110.357364309454354, -7.808786091721132 ], [ 110.357367073522155, -7.806977078841624 ] ] ] } },
{ "type": "Feature", "properties": { "hex_id": 162, "luas_km2": 0.1039, "poi_total": 18, "poi_kuliner": 3, "poi_peribadatan": 2, "poi_kesehatan": 5, "poi_pendidikan": 5, "poi_perkantoran": 1, "poi_pariwisata": 1, "poi_perdagangan": 1, "poi_transportasi": 0, "penduduk": 1413, "volume_mean": 713.53836643865475, "norm_volume": 21.7902, "norm_poi": 56.6875, "norm_penduduk": 61.9529, "skor_total_ahp": 38.7416, "ranking": 116, "klasifikasi_potensi": "Tinggi" }, "geometry": { "type": "Polygon", "coordinates": [ [ [ 110.360508906510958, -7.806981841111877 ], [ 110.35893936817871, -7.806074956116202 ], [ 110.357367073522155, -7.806977078841624 ], [ 110.357364309454354, -7.808786091721132 ], [ 110.358933853554362, -7.809692982993319 ], [ 110.360506155954454, -7.808790855108124 ], [ 110.360508906510958, -7.806981841111877 ] ] ] } },
{ "type": "Feature", "properties": { "hex_id": 163, "luas_km2": 0.1039, "poi_total": 6, "poi_kuliner": 1, "poi_peribadatan": 0, "poi_kesehatan": 1, "poi_pendidikan": 3, "poi_perkantoran": 1, "poi_pariwisata": 0, "poi_perdagangan": 0, "poi_transportasi": 0, "penduduk": 1413, "volume_mean": 774.4225534322311, "norm_volume": 25.2159, "norm_poi": 19.5625, "norm_penduduk": 61.9529, "skor_total_ahp": 29.5522, "ranking": 198, "klasifikasi_potensi": "Sedang" }, "geometry": { "type": "Polygon", "coordinates": [ [ [ 110.363650741470707, -7.806986580046138 ], [ 110.362081195399739, -7.806079706161468 ], [ 110.360508906510958, -7.806981841111877 ], [ 110.360506155954454, -7.808790855108124 ], [ 110.362075707798027, -7.809697735266598 ], [ 110.363648004425528, -7.808795595153654 ], [ 110.363650741470707, -7.806986580046138 ] ] ] } },
{ "type": "Feature", "properties": { "hex_id": 164, "luas_km2": 0.1039, "poi_total": 8, "poi_kuliner": 1, "poi_peribadatan": 3, "poi_kesehatan": 0, "poi_pendidikan": 0, "poi_perkantoran": 3, "poi_pariwisata": 1, "poi_perdagangan": 0, "poi_transportasi": 0, "penduduk": 1413, "volume_mean": 763.17283712237895, "norm_volume": 24.5829, "norm_poi": 25.75, "norm_penduduk": 61.9529, "skor_total_ahp": 31.0503, "ranking": 184, "klasifikasi_potensi": "Sedang" }, "geometry": { "type": "Polygon", "coordinates": [ [ [ 110.366792578391738, -7.806991295644332 ], [ 110.365223024586882, -7.806084432873441 ], [ 110.363650741470707, -7.806986580046138 ], [ 110.363648004425528, -7.808795595153654 ], [ 110.365217564007835, -7.809702464195637 ], [ 110.366789854857899, -7.80880031185765 ], [ 110.366792578391738, -7.806991295644332 ] ] ] } },
{ "type": "Feature", "properties": { "hex_id": 165, "luas_km2": 0.1039, "poi_total": 15, "poi_kuliner": 4, "poi_peribadatan": 5, "poi_kesehatan": 4, "poi_pendidikan": 2, "poi_perkantoran": 0, "poi_pariwisata": 0, "poi_perdagangan": 0, "poi_transportasi": 0, "penduduk": 1411, "volume_mean": 648.00126972562953, "norm_volume": 18.1027, "norm_poi": 47.4062, "norm_penduduk": 61.8667, "skor_total_ahp": 33.9811, "ranking": 157, "klasifikasi_potensi": "Sedang" }, "geometry": { "type": "Polygon", "coordinates": [ [ [ 110.369934417264332, -7.806995987906396 ], [ 110.368364855730405, -7.806089136252053 ], [ 110.366792578391738, -7.806991295644332 ], [ 110.366789854857899, -7.80880031185765 ], [ 110.368359422174137, -7.809707169780371 ], [ 110.369931707241903, -7.808805005220038 ], [ 110.369934417264332, -7.806995987906396 ] ] ] } },
{ "type": "Feature", "properties": { "hex_id": 166, "luas_km2": 0.1039, "poi_total": 11, "poi_kuliner": 0, "poi_peribadatan": 3, "poi_kesehatan": 3, "poi_pendidikan": 1, "poi_perkantoran": 2, "poi_pariwisata": 2, "poi_perdagangan": 0, "poi_transportasi": 0, "penduduk": 1404, "volume_mean": 727.79234918782129, "norm_volume": 22.5922, "norm_poi": 35.0312, "norm_penduduk": 61.5647, "skor_total_ahp": 32.6728, "ranking": 168, "klasifikasi_potensi": "Sedang" }, "geometry": { "type": "Polygon", "coordinates": [ [ [ 110.373076258078825, -7.807000656832254 ], [ 110.371506688820674, -7.806093816297233 ], [ 110.369934417264332, -7.806995987906396 ], [ 110.369931707241903, -7.808805005220038 ], [ 110.371501282287241, -7.809711852020728 ], [ 110.37307356156785, -7.808809675240748 ], [ 110.373076258078825, -7.807000656832254 ] ] ] } },
{ "type": "Feature", "properties": { "hex_id": 167, "luas_km2": 0.1039, "poi_total": 5, "poi_kuliner": 1, "poi_peribadatan": 3, "poi_kesehatan": 0, "poi_pendidikan": 0, "poi_perkantoran": 0, "poi_pariwisata": 1, "poi_perdagangan": 0, "poi_transportasi": 0, "penduduk": 1396, "volume_mean": 782.97251964935754, "norm_volume": 25.6969, "norm_poi": 16.4688, "norm_penduduk": 61.2196, "skor_total_ahp": 28.7717, "ranking": 207, "klasifikasi_potensi": "Sedang" }, "geometry": { "type": "Polygon", "coordinates": [ [ [ 110.37621810082554, -7.80700530242184 ], [ 110.374648523847966, -7.806098473008904 ], [ 110.373076258078825, -7.807000656832254 ], [ 110.37307356156785, -7.808809675240748 ], [ 110.374643144337469, -7.809716510916636 ], [ 110.376215417826046, -7.808814321919713 ], [ 110.37621810082554, -7.80700530242184 ] ] ] } },
{ "type": "Feature", "properties": { "hex_id": 168, "luas_km2": 0.1039, "poi_total": 18, "poi_kuliner": 6, "poi_peribadatan": 5, "poi_kesehatan": 4, "poi_pendidikan": 3, "poi_perkantoran": 0, "poi_pariwisata": 0, "poi_perdagangan": 0, "poi_transportasi": 0, "penduduk": 1374, "volume_mean": 786.52006388819495, "norm_volume": 25.8965, "norm_poi": 56.6875, "norm_penduduk": 60.2706, "skor_total_ahp": 40.6792, "ranking": 104, "klasifikasi_potensi": "Tinggi" }, "geometry": { "type": "Polygon", "coordinates": [ [ [ 110.379359945494798, -7.807009924675083 ], [ 110.377790360802607, -7.80610310638701 ], [ 110.37621810082554, -7.80700530242184 ], [ 110.376215417826046, -7.808814321919713 ], [ 110.377785008315129, -7.809721146468029 ], [ 110.379357276006829, -7.808818945256863 ], [ 110.379359945494798, -7.807009924675083 ] ] ] } },
{ "type": "Feature", "properties": { "hex_id": 169, "luas_km2": 0.1039, "poi_total": 6, "poi_kuliner": 1, "poi_peribadatan": 2, "poi_kesehatan": 2, "poi_pendidikan": 0, "poi_perkantoran": 1, "poi_pariwisata": 0, "poi_perdagangan": 0, "poi_transportasi": 0, "penduduk": 913, "volume_mean": 774.2512666367993, "norm_volume": 25.2062, "norm_poi": 19.5625, "norm_penduduk": 40.3843, "skor_total_ahp": 26.0145, "ranking": 233, "klasifikasi_potensi": "Rendah" }, "geometry": { "type": "Polygon", "coordinates": [ [ [ 110.382501792076894, -7.807014523591912 ], [ 110.380932199674945, -7.806107716431471 ], [ 110.379359945494798, -7.807009924675083 ], [ 110.379357276006829, -7.808818945256863 ], [ 110.380926874210544, -7.809725758674833 ], [ 110.382499136100492, -7.808823545252129 ], [ 110.382501792076894, -7.807014523591912 ] ] ] } },
{ "type": "Feature", "properties": { "hex_id": 170, "luas_km2": 0.1039, "poi_total": 2, "poi_kuliner": 0, "poi_peribadatan": 1, "poi_kesehatan": 1, "poi_pendidikan": 0, "poi_perkantoran": 0, "poi_pariwisata": 0, "poi_perdagangan": 0, "poi_transportasi": 0, "penduduk": 913, "volume_mean": 746.04681548682015, "norm_volume": 23.6193, "norm_poi": 7.1875, "norm_penduduk": 40.3843, "skor_total_ahp": 21.4806, "ranking": 275, "klasifikasi_potensi": "Rendah" }, "geometry": { "type": "Polygon", "coordinates": [ [ [ 110.385643640562179, -7.807019099172259 ], [ 110.384074040455261, -7.806112303142222 ], [ 110.382501792076894, -7.807014523591912 ], [ 110.382499136100506, -7.808823545252129 ], [ 110.384068742014037, -7.809730347536982 ], [ 110.385640998097387, -7.80882812190544 ], [ 110.385643640562179, -7.807019099172259 ] ] ] } },
{ "type": "Feature", "properties": { "hex_id": 171, "luas_km2": 0.1039, "poi_total": 11, "poi_kuliner": 7, "poi_peribadatan": 2, "poi_kesehatan": 1, "poi_pendidikan": 0, "poi_perkantoran": 1, "poi_pariwisata": 0, "poi_perdagangan": 0, "poi_transportasi": 0, "penduduk": 913, "volume_mean": 705.14886636370295, "norm_volume": 21.3182, "norm_poi": 35.0312, "norm_penduduk": 40.3843, "skor_total_ahp": 28.5172, "ranking": 208, "klasifikasi_potensi": "Sedang" }, "geometry": { "type": "Polygon", "coordinates": [ [ [ 110.388785490940947, -7.807023651416057 ], [ 110.387215883133891, -7.806116866519194 ], [ 110.385643640562179, -7.807019099172259 ], [ 110.385640998097387, -7.80882812190544 ], [ 110.387210611715929, -7.809734913054409 ], [ 110.388782861987792, -7.80883267521673 ], [ 110.388785490940947, -7.807023651416057 ] ] ] } },
{ "type": "Feature", "properties": { "hex_id": 172, "luas_km2": 0.1039, "poi_total": 11, "poi_kuliner": 6, "poi_peribadatan": 1, "poi_kesehatan": 2, "poi_pendidikan": 2, "poi_perkantoran": 0, "poi_pariwisata": 0, "poi_perdagangan": 0, "poi_transportasi": 0, "penduduk": 913, "volume_mean": 656.95569111844065, "norm_volume": 18.6066, "norm_poi": 35.0312, "norm_penduduk": 40.3843, "skor_total_ahp": 27.0557, "ranking": 223, "klasifikasi_potensi": "Sedang" }, "geometry": { "type": "Polygon", "coordinates": [ [ [ 110.391927343203534, -7.80702818032324 ], [ 110.390357727701158, -7.806121406562317 ], [ 110.388785490940947, -7.807023651416057 ], [ 110.388782861987792, -7.80883267521673 ], [ 110.390352483306529, -7.809739455227045 ], [ 110.391924727762074, -7.808837205185931 ], [ 110.391927343203534, -7.80702818032324 ] ] ] } },
{ "type": "Feature", "properties": { "hex_id": 173, "luas_km2": 0.1039, "poi_total": 12, "poi_kuliner": 1, "poi_peribadatan": 2, "poi_kesehatan": 1, "poi_pendidikan": 5, "poi_perkantoran": 0, "poi_pariwisata": 3, "poi_perdagangan": 0, "poi_transportasi": 0, "penduduk": 913, "volume_mean": 617.64690830482391, "norm_volume": 16.3948, "norm_poi": 38.125, "norm_penduduk": 40.3843, "skor_total_ahp": 26.7833, "ranking": 225, "klasifikasi_potensi": "Sedang" }, "geometry": { "type": "Polygon", "coordinates": [ [ [ 110.395069197340234, -7.807032685893735 ], [ 110.39349957414737, -7.806125923271528 ], [ 110.391927343203534, -7.80702818032324 ], [ 110.391924727762074, -7.808837205185931 ], [ 110.393494356776145, -7.809743974054821 ], [ 110.395066595410498, -7.808841711812972 ], [ 110.395069197340234, -7.807032685893735 ] ] ] } },
{ "type": "Feature", "properties": { "hex_id": 174, "luas_km2": 0.1039, "poi_total": 0, "poi_kuliner": 0, "poi_peribadatan": 0, "poi_kesehatan": 0, "poi_pendidikan": 0, "poi_perkantoran": 0, "poi_pariwisata": 0, "poi_perdagangan": 0, "poi_transportasi": 0, "penduduk": 1134, "volume_mean": 590.77274648095397, "norm_volume": 14.8828, "norm_poi": 1.0, "norm_penduduk": 49.9176, "skor_total_ahp": 16.494, "ranking": 327, "klasifikasi_potensi": "Sangat Rendah" }, "geometry": { "type": "Polygon", "coordinates": [ [ [ 110.398211053341385, -7.80703716812748 ], [ 110.396641422462835, -7.806130416646758 ], [ 110.395069197340234, -7.807032685893735 ], [ 110.395066595410498, -7.808841711812972 ], [ 110.396636232115114, -7.809748469537667 ], [ 110.398208464923414, -7.808846195097791 ], [ 110.398211053341385, -7.80703716812748 ] ] ] } },
{ "type": "Feature", "properties": { "hex_id": 175, "luas_km2": 0.1039, "poi_total": 6, "poi_kuliner": 0, "poi_peribadatan": 2, "poi_kesehatan": 1, "poi_pendidikan": 0, "poi_perkantoran": 3, "poi_pariwisata": 0, "poi_perdagangan": 0, "poi_transportasi": 0, "penduduk": 1248, "volume_mean": 539.14931210066925, "norm_volume": 11.9782, "norm_poi": 19.5625, "norm_penduduk": 54.8353, "skor_total_ahp": 21.2518, "ranking": 278, "klasifikasi_potensi": "Rendah" }, "geometry": { "type": "Polygon", "coordinates": [ [ [ 110.401352911197307, -7.807041627024406 ], [ 110.399783272637904, -7.806134886687933 ], [ 110.398211053341385, -7.80703716812748 ], [ 110.398208464923414, -7.808846195097791 ], [ 110.399778109313743, -7.809752941675522 ], [ 110.401350336291131, -7.808850655040319 ], [ 110.401352911197307, -7.807041627024406 ] ] ] } },
{ "type": "Feature", "properties": { "hex_id": 176, "luas_km2": 0.1039, "poi_total": 1, "poi_kuliner": 1, "poi_peribadatan": 0, "poi_kesehatan": 0, "poi_pendidikan": 0, "poi_perkantoran": 0, "poi_pariwisata": 0, "poi_perdagangan": 0, "poi_transportasi": 0, "penduduk": 261, "volume_mean": 512.08253049971802, "norm_volume": 10.4552, "norm_poi": 4.0938, "norm_penduduk": 12.2588, "skor_total_ahp": 8.8596, "ranking": 369, "klasifikasi_potensi": "Sangat Rendah" }, "geometry": { "type": "Polygon", "coordinates": [ [ [ 110.404494770898296, -7.807046062584447 ], [ 110.402925124662872, -7.806139333394993 ], [ 110.401352911197307, -7.807041627024406 ], [ 110.401350336291131, -7.808850655040319 ], [ 110.402919988362356, -7.809757390468311 ], [ 110.404492209503985, -7.808855091640487 ], [ 110.404494770898296, -7.807046062584447 ] ] ] } },
{ "type": "Feature", "properties": { "hex_id": 177, "luas_km2": 0.1039, "poi_total": 2, "poi_kuliner": 0, "poi_peribadatan": 1, "poi_kesehatan": 0, "poi_pendidikan": 0, "poi_perkantoran": 0, "poi_pariwisata": 1, "poi_perdagangan": 0, "poi_transportasi": 0, "penduduk": 449, "volume_mean": 762.22361852095628, "norm_volume": 24.5295, "norm_poi": 7.1875, "norm_penduduk": 20.3686, "skor_total_ahp": 18.693, "ranking": 308, "klasifikasi_potensi": "Sangat Rendah" }, "geometry": { "type": "Polygon", "coordinates": [ [ [ 110.346374889498662, -7.80424671344274 ], [ 110.344805395675664, -7.803339779220309 ], [ 110.343233085759508, -7.804241847873438 ], [ 110.343230261903557, -7.806050855892986 ], [ 110.34479976147, -7.806957796402113 ], [ 110.346372079148964, -7.806055722603642 ], [ 110.346374889498662, -7.80424671344274 ] ] ] } },
{ "type": "Feature", "properties": { "hex_id": 178, "luas_km2": 0.1039, "poi_total": 9, "poi_kuliner": 0, "poi_peribadatan": 1, "poi_kesehatan": 3, "poi_pendidikan": 4, "poi_perkantoran": 1, "poi_pariwisata": 0, "poi_perdagangan": 0, "poi_transportasi": 0, "penduduk": 1688, "volume_mean": 717.19748783961984, "norm_volume": 21.9961, "norm_poi": 28.8438, "norm_penduduk": 73.8157, "skor_total_ahp": 32.5187, "ranking": 171, "klasifikasi_potensi": "Sedang" }, "geometry": { "type": "Polygon", "coordinates": [ [ [ 110.349516695252277, -7.804251555684584 ], [ 110.347947193671345, -7.803344632556588 ], [ 110.346374889498662, -7.80424671344274 ], [ 110.346372079148964, -7.806055722603642 ], [ 110.347941586478228, -7.806962652015621 ], [ 110.349513898408858, -7.806060565981362 ], [ 110.349516695252277, -7.804251555684584 ] ] ] } },
{ "type": "Feature", "properties": { "hex_id": 179, "luas_km2": 0.1039, "poi_total": 19, "poi_kuliner": 4, "poi_peribadatan": 3, "poi_kesehatan": 4, "poi_pendidikan": 6, "poi_perkantoran": 2, "poi_pariwisata": 0, "poi_perdagangan": 0, "poi_transportasi": 0, "penduduk": 1688, "volume_mean": 695.175201652586, "norm_volume": 20.757, "norm_poi": 59.7812, "norm_penduduk": 73.8157, "skor_total_ahp": 41.0473, "ranking": 103, "klasifikasi_potensi": "Tinggi" }, "geometry": { "type": "Polygon", "coordinates": [ [ [ 110.352658503010645, -7.80425637459889 ], [ 110.351088993676598, -7.803349462568101 ], [ 110.349516695252277, -7.804251555684584 ], [ 110.349513898408858, -7.806060565981362 ], [ 110.351083413496099, -7.806967484293425 ], [ 110.352655719673564, -7.806065386026078 ], [ 110.352658503010645, -7.80425637459889 ] ] ] } },
{ "type": "Feature", "properties": { "hex_id": 180, "luas_km2": 0.1039, "poi_total": 6, "poi_kuliner": 0, "poi_peribadatan": 3, "poi_kesehatan": 0, "poi_pendidikan": 1, "poi_perkantoran": 2, "poi_pariwisata": 0, "poi_perdagangan": 0, "poi_transportasi": 0, "penduduk": 1968, "volume_mean": 732.82714007918241, "norm_volume": 22.8755, "norm_poi": 19.5625, "norm_penduduk": 85.8941, "skor_total_ahp": 32.2119, "ranking": 174, "klasifikasi_potensi": "Sedang" }, "geometry": { "type": "Polygon", "coordinates": [ [ [ 110.355800312764103, -7.804261170185591 ], [ 110.354230795681758, -7.803354269254782 ], [ 110.352658503010645, -7.80425637459889 ], [ 110.352655719673578, -7.806065386026078 ], [ 110.354225242513976, -7.806972293235449 ], [ 110.355797542933402, -7.806070182737715 ], [ 110.355800312764103, -7.804261170185591 ] ] ] } },
{ "type": "Feature", "properties": { "hex_id": 181, "luas_km2": 0.1039, "poi_total": 14, "poi_kuliner": 2, "poi_peribadatan": 6, "poi_kesehatan": 1, "poi_pendidikan": 3, "poi_perkantoran": 2, "poi_pariwisata": 0, "poi_perdagangan": 0, "poi_transportasi": 0, "penduduk": 1623, "volume_mean": 778.82799889757223, "norm_volume": 25.4637, "norm_poi": 44.3125, "norm_penduduk": 71.0118, "skor_total_ahp": 38.5266, "ranking": 120, "klasifikasi_potensi": "Tinggi" }, "geometry": { "type": "Polygon", "coordinates": [ [ [ 110.358942124502974, -7.804265942444616 ], [ 110.357372599677149, -7.803359052616553 ], [ 110.355800312764103, -7.804261170185591 ], [ 110.355797542933402, -7.806070182737715 ], [ 110.357367073522155, -7.806977078841624 ], [ 110.35893936817871, -7.806074956116202 ], [ 110.358942124502974, -7.804265942444616 ] ] ] } },
{ "type": "Feature", "properties": { "hex_id": 182, "luas_km2": 0.1039, "poi_total": 16, "poi_kuliner": 4, "poi_peribadatan": 6, "poi_kesehatan": 4, "poi_pendidikan": 2, "poi_perkantoran": 0, "poi_pariwisata": 0, "poi_perdagangan": 0, "poi_transportasi": 0, "penduduk": 1518, "volume_mean": 848.61693516699711, "norm_volume": 29.3904, "norm_poi": 50.5, "norm_penduduk": 66.4824, "skor_total_ahp": 41.7404, "ranking": 100, "klasifikasi_potensi": "Tinggi" }, "geometry": { "type": "Polygon", "coordinates": [ [ [ 110.362083938217566, -7.804270691375888 ], [ 110.360514405653078, -7.803363812653353 ], [ 110.358942124502974, -7.804265942444616 ], [ 110.35893936817871, -7.806074956116202 ], [ 110.360508906510958, -7.806981841111877 ], [ 110.362081195399739, -7.806079706161468 ], [ 110.362083938217566, -7.804270691375888 ] ] ] } },
{ "type": "Feature", "properties": { "hex_id": 183, "luas_km2": 0.1039, "poi_total": 7, "poi_kuliner": 2, "poi_peribadatan": 2, "poi_kesehatan": 1, "poi_pendidikan": 1, "poi_perkantoran": 0, "poi_pariwisata": 1, "poi_perdagangan": 0, "poi_transportasi": 0, "penduduk": 1413, "volume_mean": 861.94953756800612, "norm_volume": 30.1406, "norm_poi": 22.6562, "norm_penduduk": 61.9529, "skor_total_ahp": 33.1261, "ranking": 164, "klasifikasi_potensi": "Sedang" }, "geometry": { "type": "Polygon", "coordinates": [ [ [ 110.365225753898187, -7.804275416979343 ], [ 110.363656213599867, -7.8033685493651 ], [ 110.362083938217566, -7.804270691375888 ], [ 110.362081195399739, -7.806079706161468 ], [ 110.363650741470707, -7.806986580046138 ], [ 110.365223024586882, -7.806084432873441 ], [ 110.365225753898187, -7.804275416979343 ] ] ] } },
{ "type": "Feature", "properties": { "hex_id": 184, "luas_km2": 0.1039, "poi_total": 14, "poi_kuliner": 4, "poi_peribadatan": 2, "poi_kesehatan": 3, "poi_pendidikan": 2, "poi_perkantoran": 1, "poi_pariwisata": 1, "poi_perdagangan": 1, "poi_transportasi": 0, "penduduk": 1413, "volume_mean": 860.90287572373074, "norm_volume": 30.0817, "norm_poi": 44.3125, "norm_penduduk": 61.9529, "skor_total_ahp": 39.5318, "ranking": 113, "klasifikasi_potensi": "Tinggi" }, "geometry": { "type": "Polygon", "coordinates": [ [ [ 110.368367571535188, -7.804280119254907 ], [ 110.36679802350784, -7.803373262751733 ], [ 110.365225753898187, -7.804275416979343 ], [ 110.365223024586882, -7.806084432873441 ], [ 110.366792578391738, -7.806991295644332 ], [ 110.368364855730405, -7.806089136252053 ], [ 110.368367571535188, -7.804280119254907 ] ] ] } },
{ "type": "Feature", "properties": { "hex_id": 185, "luas_km2": 0.1039, "poi_total": 11, "poi_kuliner": 1, "poi_peribadatan": 2, "poi_kesehatan": 4, "poi_pendidikan": 1, "poi_perkantoran": 1, "poi_pariwisata": 1, "poi_perdagangan": 1, "poi_transportasi": 0, "penduduk": 1414, "volume_mean": 883.41236496942338, "norm_volume": 31.3482, "norm_poi": 35.0312, "norm_penduduk": 61.9961, "skor_total_ahp": 37.4626, "ranking": 124, "klasifikasi_potensi": "Tinggi" }, "geometry": { "type": "Polygon", "coordinates": [ [ [ 110.371509391118863, -7.804284798202512 ], [ 110.369939835367305, -7.80337795281317 ], [ 110.368367571535188, -7.804280119254907 ], [ 110.368364855730405, -7.806089136252053 ], [ 110.369934417264332, -7.806995987906396 ], [ 110.371506688820674, -7.806093816297233 ], [ 110.371509391118863, -7.804284798202512 ] ] ] } },
{ "type": "Feature", "properties": { "hex_id": 186, "luas_km2": 0.1039, "poi_total": 14, "poi_kuliner": 0, "poi_peribadatan": 7, "poi_kesehatan": 0, "poi_pendidikan": 4, "poi_perkantoran": 3, "poi_pariwisata": 0, "poi_perdagangan": 0, "poi_transportasi": 0, "penduduk": 1407, "volume_mean": 866.97236251584468, "norm_volume": 30.4232, "norm_poi": 44.3125, "norm_penduduk": 61.6941, "skor_total_ahp": 39.6735, "ranking": 110, "klasifikasi_potensi": "Tinggi" }, "geometry": { "type": "Polygon", "coordinates": [ [ [ 110.374651212639534, -7.804289453822082 ], [ 110.373081649168583, -7.803382619549353 ], [ 110.371509391118863, -7.804284798202512 ], [ 110.371506688820674, -7.806093816297233 ], [ 110.373076258078825, -7.807000656832254 ], [ 110.374648523847966, -7.806098473008904 ], [ 110.374651212639534, -7.804289453822082 ] ] ] } },
{ "type": "Feature", "properties": { "hex_id": 187, "luas_km2": 0.1039, "poi_total": 8, "poi_kuliner": 2, "poi_peribadatan": 1, "poi_kesehatan": 1, "poi_pendidikan": 4, "poi_perkantoran": 0, "poi_pariwisata": 0, "poi_perdagangan": 0, "poi_transportasi": 0, "penduduk": 1455, "volume_mean": 860.15539119258813, "norm_volume": 30.0396, "norm_poi": 25.75, "norm_penduduk": 63.7647, "skor_total_ahp": 34.288, "ranking": 155, "klasifikasi_potensi": "Sedang" }, "geometry": { "type": "Polygon", "coordinates": [ [ [ 110.377793036087525, -7.804294086113555 ], [ 110.376223464902012, -7.803387262960204 ], [ 110.374651212639534, -7.804289453822082 ], [ 110.374648523847966, -7.806098473008904 ], [ 110.37621810082554, -7.80700530242184 ], [ 110.377790360802607, -7.80610310638701 ], [ 110.377793036087525, -7.804294086113555 ] ] ] } },
{ "type": "Feature", "properties": { "hex_id": 188, "luas_km2": 0.1039, "poi_total": 9, "poi_kuliner": 1, "poi_peribadatan": 2, "poi_kesehatan": 0, "poi_pendidikan": 5, "poi_perkantoran": 0, "poi_pariwisata": 1, "poi_perdagangan": 0, "poi_transportasi": 0, "penduduk": 1323, "volume_mean": 845.61192756613298, "norm_volume": 29.2214, "norm_poi": 28.8438, "norm_penduduk": 58.0706, "skor_total_ahp": 33.8341, "ranking": 158, "klasifikasi_potensi": "Sedang" }, "geometry": { "type": "Polygon", "coordinates": [ [ [ 110.380934861453127, -7.804298695076858 ], [ 110.379365282557899, -7.803391883045656 ], [ 110.377793036087525, -7.804294086113555 ], [ 110.377790360802607, -7.80610310638701 ], [ 110.379359945494798, -7.807009924675083 ], [ 110.380932199674945, -7.806107716431471 ], [ 110.380934861453127, -7.804298695076858 ] ] ] } },
{ "type": "Feature", "properties": { "hex_id": 189, "luas_km2": 0.1039, "poi_total": 8, "poi_kuliner": 3, "poi_peribadatan": 1, "poi_kesehatan": 0, "poi_pendidikan": 1, "poi_perkantoran": 2, "poi_pariwisata": 1, "poi_perdagangan": 0, "poi_transportasi": 0, "penduduk": 924, "volume_mean": 818.34493797244011, "norm_volume": 27.6872, "norm_poi": 25.75, "norm_penduduk": 40.8588, "skor_total_ahp": 29.2686, "ranking": 204, "klasifikasi_potensi": "Sedang" }, "geometry": { "type": "Polygon", "coordinates": [ [ [ 110.384076688726708, -7.804303280711923 ], [ 110.382507102126567, -7.803396479805639 ], [ 110.380934861453127, -7.804298695076858 ], [ 110.380932199674945, -7.806107716431471 ], [ 110.382501792076894, -7.807014523591912 ], [ 110.384074040455261, -7.806112303142222 ], [ 110.384076688726708, -7.804303280711923 ] ] ] } },
{ "type": "Feature", "properties": { "hex_id": 190, "luas_km2": 0.1039, "poi_total": 7, "poi_kuliner": 0, "poi_peribadatan": 2, "poi_kesehatan": 0, "poi_pendidikan": 2, "poi_perkantoran": 3, "poi_pariwisata": 0, "poi_perdagangan": 0, "poi_transportasi": 0, "penduduk": 913, "volume_mean": 779.67356745319819, "norm_volume": 25.5113, "norm_poi": 22.6562, "norm_penduduk": 40.3843, "skor_total_ahp": 27.0985, "ranking": 222, "klasifikasi_potensi": "Sedang" }, "geometry": { "type": "Polygon", "coordinates": [ [ [ 110.38721851789856, -7.804307843018681 ], [ 110.38564892359831, -7.803401053240087 ], [ 110.384076688726708, -7.804303280711923 ], [ 110.384074040455261, -7.806112303142222 ], [ 110.385643640562179, -7.807019099172259 ], [ 110.387215883133891, -7.806116866519194 ], [ 110.38721851789856, -7.804307843018681 ] ] ] } },
{ "type": "Feature", "properties": { "hex_id": 191, "luas_km2": 0.1039, "poi_total": 13, "poi_kuliner": 5, "poi_peribadatan": 5, "poi_kesehatan": 3, "poi_pendidikan": 0, "poi_perkantoran": 0, "poi_pariwisata": 0, "poi_perdagangan": 0, "poi_transportasi": 0, "penduduk": 913, "volume_mean": 729.97190740454289, "norm_volume": 22.7148, "norm_poi": 41.2188, "norm_penduduk": 40.3843, "skor_total_ahp": 31.1092, "ranking": 182, "klasifikasi_potensi": "Sedang" }, "geometry": { "type": "Polygon", "coordinates": [ [ [ 110.390360348958993, -7.804312381997063 ], [ 110.388790746963465, -7.80340560334893 ], [ 110.38721851789856, -7.804307843018681 ], [ 110.387215883133891, -7.806116866519194 ], [ 110.388785490940947, -7.807023651416057 ], [ 110.390357727701158, -7.806121406562317 ], [ 110.390360348958993, -7.804312381997063 ] ] ] } },
{ "type": "Feature", "properties": { "hex_id": 192, "luas_km2": 0.1039, "poi_total": 7, "poi_kuliner": 0, "poi_peribadatan": 2, "poi_kesehatan": 0, "poi_pendidikan": 3, "poi_perkantoran": 1, "poi_pariwisata": 1, "poi_perdagangan": 0, "poi_transportasi": 0, "penduduk": 913, "volume_mean": 655.88806195771087, "norm_volume": 18.5465, "norm_poi": 22.6562, "norm_penduduk": 40.3843, "skor_total_ahp": 23.3448, "ranking": 259, "klasifikasi_potensi": "Rendah" }, "geometry": { "type": "Polygon", "coordinates": [ [ [ 110.393502181898342, -7.804316897647003 ], [ 110.391932572212355, -7.803410130132103 ], [ 110.390360348958993, -7.804312381997063 ], [ 110.390357727701158, -7.806121406562317 ], [ 110.391927343203534, -7.80702818032324 ], [ 110.39349957414737, -7.806125923271528 ], [ 110.393502181898342, -7.804316897647003 ] ] ] } },
{ "type": "Feature", "properties": { "hex_id": 193, "luas_km2": 0.1039, "poi_total": 6, "poi_kuliner": 1, "poi_peribadatan": 2, "poi_kesehatan": 2, "poi_pendidikan": 0, "poi_perkantoran": 1, "poi_pariwisata": 0, "poi_perdagangan": 0, "poi_transportasi": 0, "penduduk": 913, "volume_mean": 571.41243253886353, "norm_volume": 13.7934, "norm_poi": 19.5625, "norm_penduduk": 40.3843, "skor_total_ahp": 19.8634, "ranking": 292, "klasifikasi_potensi": "Rendah" }, "geometry": { "type": "Polygon", "coordinates": [ [ [ 110.396644016706915, -7.804321389968435 ], [ 110.395074399335286, -7.803414633589533 ], [ 110.393502181898342, -7.804316897647003 ], [ 110.39349957414737, -7.806125923271528 ], [ 110.395069197340234, -7.807032685893735 ], [ 110.396641422462835, -7.806130416646758 ], [ 110.396644016706915, -7.804321389968435 ] ] ] } },
{ "type": "Feature", "properties": { "hex_id": 194, "luas_km2": 0.1039, "poi_total": 6, "poi_kuliner": 0, "poi_peribadatan": 2, "poi_kesehatan": 0, "poi_pendidikan": 1, "poi_perkantoran": 1, "poi_pariwisata": 2, "poi_perdagangan": 0, "poi_transportasi": 0, "penduduk": 1232, "volume_mean": 590.09805916877372, "norm_volume": 14.8448, "norm_poi": 19.5625, "norm_penduduk": 54.1451, "skor_total_ahp": 22.6838, "ranking": 265, "klasifikasi_potensi": "Rendah" }, "geometry": { "type": "Polygon", "coordinates": [ [ [ 110.399785853375022, -7.804325858961286 ], [ 110.398216228322596, -7.803419113721153 ], [ 110.396644016706915, -7.804321389968435 ], [ 110.396641422462835, -7.806130416646758 ], [ 110.398211053341385, -7.80703716812748 ], [ 110.399783272637904, -7.806134886687933 ], [ 110.399785853375022, -7.804325858961286 ] ] ] } },
{ "type": "Feature", "properties": { "hex_id": 195, "luas_km2": 0.1039, "poi_total": 8, "poi_kuliner": 2, "poi_peribadatan": 2, "poi_kesehatan": 3, "poi_pendidikan": 1, "poi_perkantoran": 0, "poi_pariwisata": 0, "poi_perdagangan": 0, "poi_transportasi": 0, "penduduk": 1011, "volume_mean": 609.52092334949111, "norm_volume": 15.9376, "norm_poi": 25.75, "norm_penduduk": 44.6118, "skor_total_ahp": 23.5507, "ranking": 255, "klasifikasi_potensi": "Rendah" }, "geometry": { "type": "Polygon", "coordinates": [ [ [ 110.402927691892998, -7.804330304625495 ], [ 110.401358059164579, -7.8034235705269 ], [ 110.399785853375022, -7.804325858961286 ], [ 110.399783272637904, -7.806134886687933 ], [ 110.401352911197307, -7.807041627024406 ], [ 110.402925124662872, -7.806139333394993 ], [ 110.402927691892998, -7.804330304625495 ] ] ] } },
{ "type": "Feature", "properties": { "hex_id": 196, "luas_km2": 0.1039, "poi_total": 3, "poi_kuliner": 0, "poi_peribadatan": 1, "poi_kesehatan": 1, "poi_pendidikan": 1, "poi_perkantoran": 0, "poi_pariwisata": 0, "poi_perdagangan": 0, "poi_transportasi": 0, "penduduk": 582, "volume_mean": 807.56551648701975, "norm_volume": 27.0807, "norm_poi": 10.2812, "norm_penduduk": 26.1059, "skor_total_ahp": 21.9272, "ranking": 274, "klasifikasi_potensi": "Rendah" }, "geometry": { "type": "Polygon", "coordinates": [ [ [ 110.347949996263097, -7.801535622594074 ], [ 110.346380508183628, -7.800628694654957 ], [ 110.344808211768864, -7.801530770396398 ], [ 110.344805395675664, -7.803339779220309 ], [ 110.346374889498662, -7.80424671344274 ], [ 110.347947193671331, -7.803344632556588 ], [ 110.347949996263097, -7.801535622594074 ] ] ] } },
{ "type": "Feature", "properties": { "hex_id": 197, "luas_km2": 0.1039, "poi_total": 13, "poi_kuliner": 1, "poi_peribadatan": 4, "poi_kesehatan": 1, "poi_pendidikan": 3, "poi_perkantoran": 3, "poi_pariwisata": 1, "poi_perdagangan": 0, "poi_transportasi": 0, "penduduk": 1688, "volume_mean": 750.15186553599767, "norm_volume": 23.8503, "norm_poi": 41.2188, "norm_penduduk": 73.8157, "skor_total_ahp": 37.1966, "ranking": 128, "klasifikasi_potensi": "Tinggi" }, "geometry": { "type": "Polygon", "coordinates": [ [ [ 110.351091782766886, -7.801540451472457 ], [ 110.349522286934331, -7.800633534625065 ], [ 110.347949996263097, -7.801535622594074 ], [ 110.347947193671345, -7.803344632556588 ], [ 110.349516695252277, -7.804251555684584 ], [ 110.351088993676598, -7.803349462568101 ], [ 110.351091782766886, -7.801540451472457 ] ] ] } },
{ "type": "Feature", "properties": { "hex_id": 198, "luas_km2": 0.1039, "poi_total": 15, "poi_kuliner": 4, "poi_peribadatan": 3, "poi_kesehatan": 3, "poi_pendidikan": 3, "poi_perkantoran": 1, "poi_pariwisata": 1, "poi_perdagangan": 0, "poi_transportasi": 0, "penduduk": 1692, "volume_mean": 734.54488020980909, "norm_volume": 22.9721, "norm_poi": 47.4062, "norm_penduduk": 73.9882, "skor_total_ahp": 38.5908, "ranking": 117, "klasifikasi_potensi": "Tinggi" }, "geometry": { "type": "Polygon", "coordinates": [ [ [ 110.354233571270527, -7.801545257031478 ], [ 110.352664067689716, -7.800638351278585 ], [ 110.351091782766886, -7.801540451472457 ], [ 110.351088993676598, -7.803349462568101 ], [ 110.352658503010645, -7.80425637459889 ], [ 110.354230795681758, -7.803354269254782 ], [ 110.354233571270527, -7.801545257031478 ] ] ] } },
{ "type": "Feature", "properties": { "hex_id": 199, "luas_km2": 0.1039, "poi_total": 22, "poi_kuliner": 4, "poi_peribadatan": 5, "poi_kesehatan": 7, "poi_pendidikan": 3, "poi_perkantoran": 1, "poi_pariwisata": 1, "poi_perdagangan": 1, "poi_transportasi": 0, "penduduk": 2284, "volume_mean": 839.52383174362376, "norm_volume": 28.8788, "norm_poi": 69.0625, "norm_penduduk": 99.5255, "skor_total_ahp": 52.3943, "ranking": 60, "klasifikasi_potensi": "Sangat Tinggi" }, "geometry": { "type": "Polygon", "coordinates": [ [ [ 110.357375361764369, -7.801550039271067 ], [ 110.355805850440106, -7.80064314461544 ], [ 110.354233571270527, -7.801545257031478 ], [ 110.354230795681758, -7.803354269254782 ], [ 110.355800312764103, -7.804261170185591 ], [ 110.357372599677149, -7.803359052616553 ], [ 110.357375361764369, -7.801550039271067 ] ] ] } },
{ "type": "Feature", "properties": { "hex_id": 200, "luas_km2": 0.1039, "poi_total": 17, "poi_kuliner": 2, "poi_peribadatan": 5, "poi_kesehatan": 3, "poi_pendidikan": 7, "poi_perkantoran": 0, "poi_pariwisata": 0, "poi_perdagangan": 0, "poi_transportasi": 0, "penduduk": 2295, "volume_mean": 908.74580426672014, "norm_volume": 32.7736, "norm_poi": 53.5938, "norm_penduduk": 100.0, "skor_total_ahp": 49.9729, "ranking": 67, "klasifikasi_potensi": "Sangat Tinggi" }, "geometry": { "type": "Polygon", "coordinates": [ [ [ 110.360517154238678, -7.80155479819115 ], [ 110.358947635175824, -7.800647914635562 ], [ 110.357375361764369, -7.801550039271067 ], [ 110.357372599677149, -7.803359052616553 ], [ 110.358942124502974, -7.804265942444616 ], [ 110.360514405653078, -7.803363812653353 ], [ 110.360517154238678, -7.80155479819115 ] ] ] } },
{ "type": "Feature", "properties": { "hex_id": 201, "luas_km2": 0.1039, "poi_total": 18, "poi_kuliner": 5, "poi_peribadatan": 8, "poi_kesehatan": 3, "poi_pendidikan": 1, "poi_perkantoran": 0, "poi_pariwisata": 0, "poi_perdagangan": 1, "poi_transportasi": 0, "penduduk": 1505, "volume_mean": 934.00020740290358, "norm_volume": 34.1945, "norm_poi": 56.6875, "norm_penduduk": 65.9216, "skor_total_ahp": 46.077, "ranking": 83, "klasifikasi_potensi": "Tinggi" }, "geometry": { "type": "Polygon", "coordinates": [ [ [ 110.363658948683849, -7.801559533791657 ], [ 110.362089421887163, -7.800652661338883 ], [ 110.360517154238678, -7.80155479819115 ], [ 110.360514405653078, -7.803363812653353 ], [ 110.362083938217566, -7.804270691375888 ], [ 110.363656213599867, -7.8033685493651 ], [ 110.363658948683849, -7.801559533791657 ] ] ] } },
{ "type": "Feature", "properties": { "hex_id": 202, "luas_km2": 0.1039, "poi_total": 15, "poi_kuliner": 2, "poi_peribadatan": 3, "poi_kesehatan": 1, "poi_pendidikan": 4, "poi_perkantoran": 1, "poi_pariwisata": 4, "poi_perdagangan": 0, "poi_transportasi": 0, "penduduk": 1414, "volume_mean": 853.73831600887047, "norm_volume": 29.6786, "norm_poi": 47.4062, "norm_penduduk": 61.9961, "skor_total_ahp": 40.2413, "ranking": 106, "klasifikasi_potensi": "Tinggi" }, "geometry": { "type": "Polygon", "coordinates": [ [ [ 110.366800745090131, -7.801564246072516 ], [ 110.365231210564474, -7.800657384725323 ], [ 110.363658948683849, -7.801559533791657 ], [ 110.363656213599867, -7.8033685493651 ], [ 110.365225753898187, -7.804275416979343 ], [ 110.36679802350784, -7.803373262751733 ], [ 110.366800745090131, -7.801564246072516 ] ] ] } },
{ "type": "Feature", "properties": { "hex_id": 203, "luas_km2": 0.1039, "poi_total": 21, "poi_kuliner": 3, "poi_peribadatan": 9, "poi_kesehatan": 3, "poi_pendidikan": 5, "poi_perkantoran": 1, "poi_pariwisata": 0, "poi_perdagangan": 0, "poi_transportasi": 0, "penduduk": 1414, "volume_mean": 910.0868091534719, "norm_volume": 32.8491, "norm_poi": 65.9688, "norm_penduduk": 61.9961, "skor_total_ahp": 47.4679, "ranking": 78, "klasifikasi_potensi": "Tinggi" }, "geometry": { "type": "Polygon", "coordinates": [ [ [ 110.369942543447877, -7.801568935033659 ], [ 110.368373001198066, -7.80066208479482 ], [ 110.366800745090131, -7.801564246072516 ], [ 110.36679802350784, -7.803373262751733 ], [ 110.368367571535188, -7.804280119254907 ], [ 110.369939835367305, -7.80337795281317 ], [ 110.369942543447877, -7.801568935033659 ] ] ] } },
{ "type": "Feature", "properties": { "hex_id": 204, "luas_km2": 0.1039, "poi_total": 18, "poi_kuliner": 8, "poi_peribadatan": 5, "poi_kesehatan": 2, "poi_pendidikan": 3, "poi_perkantoran": 0, "poi_pariwisata": 0, "poi_perdagangan": 0, "poi_transportasi": 0, "penduduk": 1439, "volume_mean": 916.23491803511831, "norm_volume": 33.195, "norm_poi": 56.6875, "norm_penduduk": 63.0745, "skor_total_ahp": 45.072, "ranking": 86, "klasifikasi_potensi": "Tinggi" }, "geometry": { "type": "Polygon", "coordinates": [ [ [ 110.373084343747408, -7.801573600675015 ], [ 110.371514793778246, -7.800666761547299 ], [ 110.369942543447877, -7.801568935033659 ], [ 110.369939835367305, -7.80337795281317 ], [ 110.371509391118863, -7.804284798202512 ], [ 110.373081649168583, -7.803382619549353 ], [ 110.373084343747408, -7.801573600675015 ] ] ] } },
{ "type": "Feature", "properties": { "hex_id": 205, "luas_km2": 0.1039, "poi_total": 26, "poi_kuliner": 7, "poi_peribadatan": 1, "poi_kesehatan": 9, "poi_pendidikan": 1, "poi_perkantoran": 6, "poi_pariwisata": 2, "poi_perdagangan": 0, "poi_transportasi": 0, "penduduk": 1531, "volume_mean": 904.29866309682279, "norm_volume": 32.5234, "norm_poi": 81.4375, "norm_penduduk": 67.0431, "skor_total_ahp": 52.7172, "ranking": 59, "klasifikasi_potensi": "Sangat Tinggi" }, "geometry": { "type": "Polygon", "coordinates": [ [ [ 110.376226145979018, -7.801578242996511 ], [ 110.374656588295352, -7.800671414982693 ], [ 110.373084343747408, -7.801573600675015 ], [ 110.373081649168583, -7.803382619549353 ], [ 110.374651212639534, -7.804289453822082 ], [ 110.376223464902012, -7.803387262960204 ], [ 110.376226145979018, -7.801578242996511 ] ] ] } },
{ "type": "Feature", "properties": { "hex_id": 206, "luas_km2": 0.1039, "poi_total": 12, "poi_kuliner": 1, "poi_peribadatan": 2, "poi_kesehatan": 2, "poi_pendidikan": 2, "poi_perkantoran": 4, "poi_pariwisata": 0, "poi_perdagangan": 1, "poi_transportasi": 0, "penduduk": 1647, "volume_mean": 874.27042548601014, "norm_volume": 30.8338, "norm_poi": 38.125, "norm_penduduk": 72.0471, "skor_total_ahp": 39.7511, "ranking": 108, "klasifikasi_potensi": "Tinggi" }, "geometry": { "type": "Polygon", "coordinates": [ [ [ 110.379367950133059, -7.801582861998081 ], [ 110.377798384739691, -7.800676045100933 ], [ 110.376226145979018, -7.801578242996511 ], [ 110.376223464902012, -7.803387262960204 ], [ 110.377793036087525, -7.804294086113555 ], [ 110.379365282557899, -7.803391883045656 ], [ 110.379367950133059, -7.801582861998081 ] ] ] } },
{ "type": "Feature", "properties": { "hex_id": 207, "luas_km2": 0.1039, "poi_total": 8, "poi_kuliner": 4, "poi_peribadatan": 0, "poi_kesehatan": 1, "poi_pendidikan": 3, "poi_perkantoran": 0, "poi_pariwisata": 0, "poi_perdagangan": 0, "poi_transportasi": 0, "penduduk": 1125, "volume_mean": 866.10681424301799, "norm_volume": 30.3745, "norm_poi": 25.75, "norm_penduduk": 49.5294, "skor_total_ahp": 32.137, "ranking": 176, "klasifikasi_potensi": "Sedang" }, "geometry": { "type": "Polygon", "coordinates": [ [ [ 110.382509756199823, -7.801587457679657 ], [ 110.380940183101572, -7.800680651901945 ], [ 110.379367950133059, -7.801582861998081 ], [ 110.379365282557899, -7.803391883045656 ], [ 110.380934861453127, -7.804298695076858 ], [ 110.382507102126553, -7.803396479805639 ], [ 110.382509756199823, -7.801587457679657 ] ] ] } },
{ "type": "Feature", "properties": { "hex_id": 208, "luas_km2": 0.1039, "poi_total": 9, "poi_kuliner": 3, "poi_peribadatan": 1, "poi_kesehatan": 2, "poi_pendidikan": 0, "poi_perkantoran": 3, "poi_pariwisata": 0, "poi_perdagangan": 0, "poi_transportasi": 0, "penduduk": 913, "volume_mean": 823.26605655213393, "norm_volume": 27.9641, "norm_poi": 28.8438, "norm_penduduk": 40.3843, "skor_total_ahp": 30.2598, "ranking": 191, "klasifikasi_potensi": "Sedang" }, "geometry": { "type": "Polygon", "coordinates": [ [ [ 110.385651564169649, -7.801592030041168 ], [ 110.384081983371345, -7.800685235385663 ], [ 110.382509756199823, -7.801587457679657 ], [ 110.382507102126567, -7.803396479805639 ], [ 110.384076688726708, -7.804303280711923 ], [ 110.38564892359831, -7.803401053240087 ], [ 110.385651564169649, -7.801592030041168 ] ] ] } },
{ "type": "Feature", "properties": { "hex_id": 209, "luas_km2": 0.1039, "poi_total": 12, "poi_kuliner": 5, "poi_peribadatan": 2, "poi_kesehatan": 4, "poi_pendidikan": 0, "poi_perkantoran": 1, "poi_pariwisata": 0, "poi_perdagangan": 0, "poi_transportasi": 0, "penduduk": 913, "volume_mean": 780.33789611699558, "norm_volume": 25.5487, "norm_poi": 38.125, "norm_penduduk": 40.3843, "skor_total_ahp": 31.7169, "ranking": 180, "klasifikasi_potensi": "Sedang" }, "geometry": { "type": "Polygon", "coordinates": [ [ [ 110.388793374032844, -7.801596579082548 ], [ 110.387223785539305, -7.800689795552016 ], [ 110.385651564169649, -7.801592030041168 ], [ 110.38564892359831, -7.803401053240087 ], [ 110.38721851789856, -7.804307843018681 ], [ 110.388790746963465, -7.80340560334893 ], [ 110.388793374032844, -7.801596579082548 ] ] ] } },
{ "type": "Feature", "properties": { "hex_id": 210, "luas_km2": 0.1039, "poi_total": 22, "poi_kuliner": 6, "poi_peribadatan": 4, "poi_kesehatan": 5, "poi_pendidikan": 0, "poi_perkantoran": 7, "poi_pariwisata": 0, "poi_perdagangan": 0, "poi_transportasi": 0, "penduduk": 913, "volume_mean": 713.40201914856868, "norm_volume": 21.7825, "norm_poi": 69.0625, "norm_penduduk": 40.3843, "skor_total_ahp": 38.8835, "ranking": 115, "klasifikasi_potensi": "Tinggi" }, "geometry": { "type": "Polygon", "coordinates": [ [ [ 110.39193518577973, -7.801601104803725 ], [ 110.39036558959576, -7.800694332400944 ], [ 110.388793374032844, -7.801596579082548 ], [ 110.388790746963465, -7.80340560334893 ], [ 110.390360348958993, -7.804312381997063 ], [ 110.39193257221234, -7.803410130132103 ], [ 110.39193518577973, -7.801601104803725 ] ] ] } },
{ "type": "Feature", "properties": { "hex_id": 211, "luas_km2": 0.1039, "poi_total": 11, "poi_kuliner": 2, "poi_peribadatan": 3, "poi_kesehatan": 1, "poi_pendidikan": 1, "poi_perkantoran": 4, "poi_pariwisata": 0, "poi_perdagangan": 0, "poi_transportasi": 0, "penduduk": 913, "volume_mean": 546.94074875104786, "norm_volume": 12.4165, "norm_poi": 35.0312, "norm_penduduk": 40.3843, "skor_total_ahp": 23.7195, "ranking": 254, "klasifikasi_potensi": "Rendah" }, "geometry": { "type": "Polygon", "coordinates": [ [ [ 110.395076999400615, -7.801605607204634 ], [ 110.39350739553106, -7.800698845932371 ], [ 110.39193518577973, -7.801601104803725 ], [ 110.391932572212355, -7.803410130132103 ], [ 110.393502181898342, -7.804316897647003 ], [ 110.395074399335286, -7.803414633589533 ], [ 110.395076999400615, -7.801605607204634 ] ] ] } },
{ "type": "Feature", "properties": { "hex_id": 212, "luas_km2": 0.1039, "poi_total": 4, "poi_kuliner": 0, "poi_peribadatan": 0, "poi_kesehatan": 4, "poi_pendidikan": 0, "poi_perkantoran": 0, "poi_pariwisata": 0, "poi_perdagangan": 0, "poi_transportasi": 0, "penduduk": 901, "volume_mean": 483.75317495552599, "norm_volume": 8.8613, "norm_poi": 13.375, "norm_penduduk": 39.8667, "skor_total_ahp": 15.2811, "ranking": 333, "klasifikasi_potensi": "Sangat Rendah" }, "geometry": { "type": "Polygon", "coordinates": [ [ [ 110.398218814885837, -7.801610086285208 ], [ 110.3966492033355, -7.800703336146232 ], [ 110.395076999400615, -7.801605607204634 ], [ 110.395074399335286, -7.803414633589533 ], [ 110.396644016706915, -7.804321389968435 ], [ 110.398216228322596, -7.803419113721153 ], [ 110.398218814885837, -7.801610086285208 ] ] ] } },
{ "type": "Feature", "properties": { "hex_id": 213, "luas_km2": 0.1039, "poi_total": 7, "poi_kuliner": 2, "poi_peribadatan": 1, "poi_kesehatan": 0, "poi_pendidikan": 2, "poi_perkantoran": 1, "poi_pariwisata": 0, "poi_perdagangan": 1, "poi_transportasi": 0, "penduduk": 715, "volume_mean": 628.80228445306182, "norm_volume": 17.0225, "norm_poi": 22.6562, "norm_penduduk": 31.8431, "skor_total_ahp": 21.1245, "ranking": 281, "klasifikasi_potensi": "Rendah" }, "geometry": { "type": "Polygon", "coordinates": [ [ [ 110.401360632225703, -7.801614542045381 ], [ 110.399791012999415, -7.80070780304246 ], [ 110.398218814885837, -7.801610086285208 ], [ 110.398216228322596, -7.803419113721153 ], [ 110.399785853375022, -7.804325858961286 ], [ 110.401358059164579, -7.8034235705269 ], [ 110.401360632225703, -7.801614542045381 ] ] ] } },
{ "type": "Feature", "properties": { "hex_id": 214, "luas_km2": 0.1039, "poi_total": 4, "poi_kuliner": 0, "poi_peribadatan": 0, "poi_kesehatan": 2, "poi_pendidikan": 1, "poi_perkantoran": 1, "poi_pariwisata": 0, "poi_perdagangan": 0, "poi_transportasi": 0, "penduduk": 166, "volume_mean": 678.77032462937836, "norm_volume": 19.834, "norm_poi": 13.375, "norm_penduduk": 8.1608, "skor_total_ahp": 16.0021, "ranking": 329, "klasifikasi_potensi": "Sangat Rendah" }, "geometry": { "type": "Polygon", "coordinates": [ [ [ 110.404502451410536, -7.801618974485083 ], [ 110.402932824513115, -7.800712246620991 ], [ 110.401360632225703, -7.801614542045381 ], [ 110.401358059164579, -7.8034235705269 ], [ 110.402927691892998, -7.804330304625495 ], [ 110.404499891851572, -7.803428004006709 ], [ 110.404502451410536, -7.801618974485083 ] ] ] } },
{ "type": "Feature", "properties": { "hex_id": 215, "luas_km2": 0.1039, "poi_total": 8, "poi_kuliner": 1, "poi_peribadatan": 3, "poi_kesehatan": 3, "poi_pendidikan": 1, "poi_perkantoran": 0, "poi_pariwisata": 0, "poi_perdagangan": 0, "poi_transportasi": 0, "penduduk": 814, "volume_mean": 839.45604722332803, "norm_volume": 28.875, "norm_poi": 25.75, "norm_penduduk": 36.1137, "skor_total_ahp": 29.1316, "ranking": 205, "klasifikasi_potensi": "Sedang" }, "geometry": { "type": "Polygon", "coordinates": [ [ [ 110.34952508177301, -7.798824523862398 ], [ 110.347955599437086, -7.797917602203227 ], [ 110.34638331651891, -7.79881968502814 ], [ 110.346380508183628, -7.800628694654957 ], [ 110.347949996263097, -7.801535622594074 ], [ 110.349522286934331, -7.800633534625065 ], [ 110.34952508177301, -7.798824523862398 ] ] ] } },
{ "type": "Feature", "properties": { "hex_id": 216, "luas_km2": 0.1039, "poi_total": 20, "poi_kuliner": 1, "poi_peribadatan": 4, "poi_kesehatan": 11, "poi_pendidikan": 4, "poi_perkantoran": 0, "poi_pariwisata": 0, "poi_perdagangan": 0, "poi_transportasi": 0, "penduduk": 1688, "volume_mean": 753.13388821010676, "norm_volume": 24.0181, "norm_poi": 62.875, "norm_penduduk": 73.8157, "skor_total_ahp": 43.7245, "ranking": 95, "klasifikasi_potensi": "Tinggi" }, "geometry": { "type": "Polygon", "coordinates": [ [ [ 110.352666849031749, -7.798829339385538 ], [ 110.351097358947612, -7.797922428815379 ], [ 110.34952508177301, -7.798824523862398 ], [ 110.349522286934331, -7.800633534625065 ], [ 110.351091782766886, -7.801540451472457 ], [ 110.352664067689716, -7.800638351278585 ], [ 110.352666849031749, -7.798829339385538 ] ] ] } },
{ "type": "Feature", "properties": { "hex_id": 217, "luas_km2": 0.1039, "poi_total": 8, "poi_kuliner": 1, "poi_peribadatan": 3, "poi_kesehatan": 0, "poi_pendidikan": 2, "poi_perkantoran": 1, "poi_pariwisata": 0, "poi_perdagangan": 1, "poi_transportasi": 0, "penduduk": 1793, "volume_mean": 845.13977962622425, "norm_volume": 29.1948, "norm_poi": 25.75, "norm_penduduk": 78.3451, "skor_total_ahp": 36.2207, "ranking": 134, "klasifikasi_potensi": "Tinggi" }, "geometry": { "type": "Polygon", "coordinates": [ [ [ 110.355808618285437, -7.798834131597485 ], [ 110.354239120457891, -7.797927232119111 ], [ 110.352666849031749, -7.798829339385538 ], [ 110.352664067689716, -7.800638351278585 ], [ 110.354233571270527, -7.801545257031478 ], [ 110.355805850440106, -7.80064314461544 ], [ 110.355808618285437, -7.798834131597485 ] ] ] } },
{ "type": "Feature", "properties": { "hex_id": 218, "luas_km2": 0.1039, "poi_total": 14, "poi_kuliner": 2, "poi_peribadatan": 2, "poi_kesehatan": 1, "poi_pendidikan": 9, "poi_perkantoran": 0, "poi_pariwisata": 0, "poi_perdagangan": 0, "poi_transportasi": 0, "penduduk": 2295, "volume_mean": 952.06406670086426, "norm_volume": 35.2109, "norm_poi": 44.3125, "norm_penduduk": 100.0, "skor_total_ahp": 48.5276, "ranking": 75, "klasifikasi_potensi": "Sangat Tinggi" }, "geometry": { "type": "Polygon", "coordinates": [ [ [ 110.358950389524409, -7.798838900498169 ], [ 110.357380883958299, -7.797932012114354 ], [ 110.355808618285437, -7.798834131597485 ], [ 110.355805850440106, -7.80064314461544 ], [ 110.357375361764369, -7.801550039271067 ], [ 110.358947635175824, -7.800647914635562 ], [ 110.358950389524409, -7.798838900498169 ] ] ] } },
{ "type": "Feature", "properties": { "hex_id": 219, "luas_km2": 0.1039, "poi_total": 11, "poi_kuliner": 1, "poi_peribadatan": 3, "poi_kesehatan": 1, "poi_pendidikan": 3, "poi_perkantoran": 2, "poi_pariwisata": 0, "poi_perdagangan": 1, "poi_transportasi": 0, "penduduk": 2289, "volume_mean": 979.25604314135899, "norm_volume": 36.7409, "norm_poi": 35.0312, "norm_penduduk": 99.7412, "skor_total_ahp": 46.5509, "ranking": 80, "klasifikasi_potensi": "Tinggi" }, "geometry": { "type": "Polygon", "coordinates": [ [ [ 110.362092162738975, -7.798843646087525 ], [ 110.360522649439105, -7.797936768801036 ], [ 110.358950389524409, -7.798838900498169 ], [ 110.358947635175824, -7.800647914635562 ], [ 110.360517154238678, -7.80155479819115 ], [ 110.362089421887163, -7.800652661338883 ], [ 110.362092162738975, -7.798843646087525 ] ] ] } },
{ "type": "Feature", "properties": { "hex_id": 220, "luas_km2": 0.1039, "poi_total": 15, "poi_kuliner": 1, "poi_peribadatan": 3, "poi_kesehatan": 5, "poi_pendidikan": 2, "poi_perkantoran": 2, "poi_pariwisata": 2, "poi_perdagangan": 0, "poi_transportasi": 0, "penduduk": 1414, "volume_mean": 941.41423088917054, "norm_volume": 34.6117, "norm_poi": 47.4062, "norm_penduduk": 61.9961, "skor_total_ahp": 42.9, "ranking": 97, "klasifikasi_potensi": "Tinggi" }, "geometry": { "type": "Polygon", "coordinates": [ [ [ 110.36523393791947, -7.798848368365476 ], [ 110.363664416890657, -7.797941502179088 ], [ 110.362092162738975, -7.798843646087525 ], [ 110.362089421887163, -7.800652661338883 ], [ 110.363658948683849, -7.801559533791657 ], [ 110.365231210564474, -7.800657384725323 ], [ 110.36523393791947, -7.798848368365476 ] ] ] } },
{ "type": "Feature", "properties": { "hex_id": 221, "luas_km2": 0.1039, "poi_total": 30, "poi_kuliner": 10, "poi_peribadatan": 4, "poi_kesehatan": 2, "poi_pendidikan": 0, "poi_perkantoran": 0, "poi_pariwisata": 8, "poi_perdagangan": 6, "poi_transportasi": 0, "penduduk": 1414, "volume_mean": 935.38366162047089, "norm_volume": 34.2724, "norm_poi": 93.8125, "norm_penduduk": 61.9961, "skor_total_ahp": 56.5118, "ranking": 39, "klasifikasi_potensi": "Sangat Tinggi" }, "geometry": { "type": "Polygon", "coordinates": [ [ [ 110.368375715056203, -7.79885306733195 ], [ 110.366806186303279, -7.797946212248435 ], [ 110.36523393791947, -7.798848368365476 ], [ 110.365231210564474, -7.800657384725323 ], [ 110.366800745090131, -7.801564246072516 ], [ 110.368373001198066, -7.80066208479482 ], [ 110.368375715056203, -7.79885306733195 ] ] ] } },
{ "type": "Feature", "properties": { "hex_id": 222, "luas_km2": 0.1039, "poi_total": 14, "poi_kuliner": 8, "poi_peribadatan": 2, "poi_kesehatan": 1, "poi_pendidikan": 1, "poi_perkantoran": 0, "poi_pariwisata": 1, "poi_perdagangan": 1, "poi_transportasi": 0, "penduduk": 1488, "volume_mean": 938.19151872060831, "norm_volume": 34.4304, "norm_poi": 44.3125, "norm_penduduk": 65.1882, "skor_total_ahp": 42.4055, "ranking": 99, "klasifikasi_potensi": "Tinggi" }, "geometry": { "type": "Polygon", "coordinates": [ [ [ 110.371517494139482, -7.798857742986884 ], [ 110.36994795766725, -7.797950899009011 ], [ 110.368375715056203, -7.79885306733195 ], [ 110.368373001198066, -7.80066208479482 ], [ 110.369942543447877, -7.801568935033659 ], [ 110.371514793778246, -7.800666761547299 ], [ 110.371517494139482, -7.798857742986884 ] ] ] } },
{ "type": "Feature", "properties": { "hex_id": 223, "luas_km2": 0.1039, "poi_total": 22, "poi_kuliner": 5, "poi_peribadatan": 3, "poi_kesehatan": 11, "poi_pendidikan": 2, "poi_perkantoran": 1, "poi_pariwisata": 0, "poi_perdagangan": 0, "poi_transportasi": 0, "penduduk": 1713, "volume_mean": 950.2450233322885, "norm_volume": 35.1086, "norm_poi": 69.0625, "norm_penduduk": 74.8941, "skor_total_ahp": 51.7178, "ranking": 64, "klasifikasi_potensi": "Sangat Tinggi" }, "geometry": { "type": "Polygon", "coordinates": [ [ [ 110.374659275159644, -7.798862395330199 ], [ 110.373089730972936, -7.79795556246074 ], [ 110.371517494139482, -7.798857742986884 ], [ 110.37151479377826, -7.800666761547299 ], [ 110.373084343747408, -7.801573600675015 ], [ 110.374656588295352, -7.800671414982693 ], [ 110.374659275159644, -7.798862395330199 ] ] ] } },
{ "type": "Feature", "properties": { "hex_id": 224, "luas_km2": 0.1039, "poi_total": 7, "poi_kuliner": 1, "poi_peribadatan": 2, "poi_kesehatan": 1, "poi_pendidikan": 2, "poi_perkantoran": 0, "poi_pariwisata": 1, "poi_perdagangan": 0, "poi_transportasi": 0, "penduduk": 1713, "volume_mean": 933.69330053648173, "norm_volume": 34.1773, "norm_poi": 22.6562, "norm_penduduk": 74.8941, "skor_total_ahp": 37.4212, "ranking": 125, "klasifikasi_potensi": "Tinggi" }, "geometry": { "type": "Polygon", "coordinates": [ [ [ 110.377801058106996, -7.798867024361834 ], [ 110.37623150621063, -7.797960202603556 ], [ 110.374659275159644, -7.798862395330199 ], [ 110.374656588295352, -7.800671414982693 ], [ 110.376226145979018, -7.801578242996511 ], [ 110.377798384739691, -7.800676045100933 ], [ 110.377801058106996, -7.798867024361834 ] ] ] } },
{ "type": "Feature", "properties": { "hex_id": 225, "luas_km2": 0.1039, "poi_total": 10, "poi_kuliner": 0, "poi_peribadatan": 3, "poi_kesehatan": 1, "poi_pendidikan": 5, "poi_perkantoran": 1, "poi_pariwisata": 0, "poi_perdagangan": 0, "poi_transportasi": 0, "penduduk": 1618, "volume_mean": 901.59219753425873, "norm_volume": 32.3711, "norm_poi": 31.9375, "norm_penduduk": 70.7961, "skor_total_ahp": 38.5355, "ranking": 119, "klasifikasi_potensi": "Tinggi" }, "geometry": { "type": "Polygon", "coordinates": [ [ [ 110.380942842971862, -7.798871630081714 ], [ 110.379373283370654, -7.797964819437394 ], [ 110.377801058106996, -7.798867024361834 ], [ 110.377798384739691, -7.800676045100933 ], [ 110.379367950133059, -7.801582861998081 ], [ 110.380940183101572, -7.800680651901945 ], [ 110.380942842971862, -7.798871630081714 ] ] ] } },
{ "type": "Feature", "properties": { "hex_id": 226, "luas_km2": 0.1039, "poi_total": 13, "poi_kuliner": 0, "poi_peribadatan": 2, "poi_kesehatan": 0, "poi_pendidikan": 6, "poi_perkantoran": 5, "poi_pariwisata": 0, "poi_perdagangan": 0, "poi_transportasi": 0, "penduduk": 913, "volume_mean": 841.33488432303272, "norm_volume": 28.9807, "norm_poi": 41.2188, "norm_penduduk": 40.3843, "skor_total_ahp": 34.4863, "ranking": 154, "klasifikasi_potensi": "Sedang" }, "geometry": { "type": "Polygon", "coordinates": [ [ [ 110.384084629744549, -7.798876212489773 ], [ 110.382515062443332, -7.797969412962175 ], [ 110.380942842971862, -7.798871630081714 ], [ 110.380940183101572, -7.800680651901945 ], [ 110.382509756199823, -7.801587457679657 ], [ 110.384081983371345, -7.800685235385663 ], [ 110.384084629744549, -7.798876212489773 ] ] ] } },
{ "type": "Feature", "properties": { "hex_id": 227, "luas_km2": 0.1039, "poi_total": 5, "poi_kuliner": 0, "poi_peribadatan": 1, "poi_kesehatan": 1, "poi_pendidikan": 1, "poi_perkantoran": 1, "poi_pariwisata": 1, "poi_perdagangan": 0, "poi_transportasi": 0, "penduduk": 913, "volume_mean": 758.38923472408794, "norm_volume": 24.3137, "norm_poi": 16.4688, "norm_penduduk": 40.3843, "skor_total_ahp": 24.6138, "ranking": 242, "klasifikasi_potensi": "Rendah" }, "geometry": { "type": "Polygon", "coordinates": [ [ [ 110.387226418415409, -7.798880771585943 ], [ 110.385656843418985, -7.797973983177839 ], [ 110.384084629744549, -7.798876212489773 ], [ 110.384081983371345, -7.800685235385663 ], [ 110.385651564169649, -7.801592030041168 ], [ 110.387223785539305, -7.800689795552016 ], [ 110.387226418415409, -7.798880771585943 ] ] ] } },
{ "type": "Feature", "properties": { "hex_id": 228, "luas_km2": 0.1039, "poi_total": 9, "poi_kuliner": 2, "poi_peribadatan": 2, "poi_kesehatan": 4, "poi_pendidikan": 0, "poi_perkantoran": 1, "poi_pariwisata": 0, "poi_perdagangan": 0, "poi_transportasi": 0, "penduduk": 913, "volume_mean": 763.52736572576237, "norm_volume": 24.6028, "norm_poi": 28.8438, "norm_penduduk": 40.3843, "skor_total_ahp": 28.4482, "ranking": 209, "klasifikasi_potensi": "Sedang" }, "geometry": { "type": "Polygon", "coordinates": [ [ [ 110.390368208974735, -7.798885307370153 ], [ 110.388798626287922, -7.797978530084315 ], [ 110.387226418415409, -7.798880771585943 ], [ 110.387223785539305, -7.800689795552016 ], [ 110.388793374032844, -7.801596579082548 ], [ 110.39036558959576, -7.800694332400944 ], [ 110.390368208974735, -7.798885307370153 ] ] ] } },
{ "type": "Feature", "properties": { "hex_id": 229, "luas_km2": 0.1039, "poi_total": 25, "poi_kuliner": 0, "poi_peribadatan": 1, "poi_kesehatan": 2, "poi_pendidikan": 2, "poi_perkantoran": 20, "poi_pariwisata": 0, "poi_perdagangan": 0, "poi_transportasi": 0, "penduduk": 913, "volume_mean": 701.77377771667682, "norm_volume": 21.1283, "norm_poi": 78.3438, "norm_penduduk": 40.3843, "skor_total_ahp": 41.2898, "ranking": 101, "klasifikasi_potensi": "Tinggi" }, "geometry": { "type": "Polygon", "coordinates": [ [ [ 110.393510001412849, -7.798889819842335 ], [ 110.391940411040494, -7.797983053681535 ], [ 110.390368208974735, -7.798885307370153 ], [ 110.39036558959576, -7.800694332400944 ], [ 110.39193518577973, -7.801601104803725 ], [ 110.39350739553106, -7.800698845932371 ], [ 110.393510001412849, -7.798889819842335 ] ] ] } },
{ "type": "Feature", "properties": { "hex_id": 230, "luas_km2": 0.1039, "poi_total": 6, "poi_kuliner": 0, "poi_peribadatan": 2, "poi_kesehatan": 1, "poi_pendidikan": 3, "poi_perkantoran": 0, "poi_pariwisata": 0, "poi_perdagangan": 0, "poi_transportasi": 0, "penduduk": 913, "volume_mean": 599.63663158744555, "norm_volume": 15.3815, "norm_poi": 19.5625, "norm_penduduk": 40.3843, "skor_total_ahp": 20.7193, "ranking": 284, "klasifikasi_potensi": "Rendah" }, "geometry": { "type": "Polygon", "coordinates": [ [ [ 110.396651795720061, -7.798894309002425 ], [ 110.39508219766698, -7.79798755396943 ], [ 110.393510001412849, -7.798889819842335 ], [ 110.39350739553106, -7.800698845932371 ], [ 110.395076999400615, -7.801605607204634 ], [ 110.3966492033355, -7.800703336146232 ], [ 110.396651795720061, -7.798894309002425 ] ] ] } },
{ "type": "Feature", "properties": { "hex_id": 231, "luas_km2": 0.1039, "poi_total": 2, "poi_kuliner": 0, "poi_peribadatan": 2, "poi_kesehatan": 0, "poi_pendidikan": 0, "poi_perkantoran": 0, "poi_pariwisata": 0, "poi_perdagangan": 0, "poi_transportasi": 0, "penduduk": 459, "volume_mean": 642.01509736921128, "norm_volume": 17.7659, "norm_poi": 7.1875, "norm_penduduk": 20.8, "skor_total_ahp": 15.1183, "ranking": 335, "klasifikasi_potensi": "Sangat Rendah" }, "geometry": { "type": "Polygon", "coordinates": [ [ [ 110.399793591886706, -7.798898774850356 ], [ 110.398223986157703, -7.797992030947933 ], [ 110.396651795720061, -7.798894309002425 ], [ 110.3966492033355, -7.800703336146232 ], [ 110.398218814885837, -7.801610086285208 ], [ 110.399791012999415, -7.80070780304246 ], [ 110.399793591886706, -7.798898774850356 ] ] ] } },
{ "type": "Feature", "properties": { "hex_id": 232, "luas_km2": 0.1039, "poi_total": 0, "poi_kuliner": 0, "poi_peribadatan": 0, "poi_kesehatan": 0, "poi_pendidikan": 0, "poi_perkantoran": 0, "poi_pariwisata": 0, "poi_perdagangan": 0, "poi_transportasi": 0, "penduduk": 14, "volume_mean": 940.44777265941821, "norm_volume": 34.5573, "norm_poi": 1.0, "norm_penduduk": 1.6039, "skor_total_ahp": 19.185, "ranking": 301, "klasifikasi_potensi": "Rendah" }, "geometry": { "type": "Polygon", "coordinates": [ [ [ 110.347958400019337, -7.796108591774964 ], [ 110.346388931175184, -7.795201665308832 ], [ 110.344816656010025, -7.796103742993038 ], [ 110.344813841936016, -7.797912752282728 ], [ 110.34638331651891, -7.79881968502814 ], [ 110.347955599437086, -7.797917602203227 ], [ 110.347958400019337, -7.796108591774964 ] ] ] } },
{ "type": "Feature", "properties": { "hex_id": 233, "luas_km2": 0.1039, "poi_total": 5, "poi_kuliner": 1, "poi_peribadatan": 2, "poi_kesehatan": 0, "poi_pendidikan": 2, "poi_perkantoran": 0, "poi_pariwisata": 0, "poi_perdagangan": 0, "poi_transportasi": 0, "penduduk": 1616, "volume_mean": 923.36585974878119, "norm_volume": 33.5962, "norm_poi": 16.4688, "norm_penduduk": 70.7098, "skor_total_ahp": 34.5834, "ranking": 153, "klasifikasi_potensi": "Sedang" }, "geometry": { "type": "Polygon", "coordinates": [ [ [ 110.351100146038078, -7.796113417254013 ], [ 110.349530669445755, -7.795206501871414 ], [ 110.347958400019337, -7.796108591774964 ], [ 110.347955599437086, -7.797917602203227 ], [ 110.34952508177301, -7.798824523862398 ], [ 110.351097358947598, -7.797922428815379 ], [ 110.351100146038078, -7.796113417254013 ] ] ] } },
{ "type": "Feature", "properties": { "hex_id": 234, "luas_km2": 0.1039, "poi_total": 20, "poi_kuliner": 7, "poi_peribadatan": 3, "poi_kesehatan": 4, "poi_pendidikan": 3, "poi_perkantoran": 0, "poi_pariwisata": 1, "poi_perdagangan": 2, "poi_transportasi": 0, "penduduk": 1688, "volume_mean": 942.44690081627414, "norm_volume": 34.6698, "norm_poi": 62.875, "norm_penduduk": 73.8157, "skor_total_ahp": 49.4654, "ranking": 70, "klasifikasi_potensi": "Sangat Tinggi" }, "geometry": { "type": "Polygon", "coordinates": [ [ [ 110.354241894056543, -7.796118219430117 ], [ 110.352672409720853, -7.79521131513382 ], [ 110.351100146038078, -7.796113417254013 ], [ 110.351097358947612, -7.797922428815379 ], [ 110.352666849031749, -7.798829339385538 ], [ 110.354239120457891, -7.797927232119111 ], [ 110.354241894056543, -7.796118219430117 ] ] ] } },
{ "type": "Feature", "properties": { "hex_id": 235, "luas_km2": 0.1039, "poi_total": 13, "poi_kuliner": 3, "poi_peribadatan": 4, "poi_kesehatan": 3, "poi_pendidikan": 0, "poi_perkantoran": 2, "poi_pariwisata": 1, "poi_perdagangan": 0, "poi_transportasi": 0, "penduduk": 2150, "volume_mean": 1012.7789462189471, "norm_volume": 38.6271, "norm_poi": 41.2188, "norm_penduduk": 93.7451, "skor_total_ahp": 48.4247, "ranking": 76, "klasifikasi_potensi": "Tinggi" }, "geometry": { "type": "Polygon", "coordinates": [ [ [ 110.357383644065052, -7.796122998303203 ], [ 110.355814151990842, -7.795216105095978 ], [ 110.354241894056543, -7.796118219430117 ], [ 110.354239120457891, -7.797927232119111 ], [ 110.355808618285437, -7.798834131597485 ], [ 110.357380883958299, -7.797932012114354 ], [ 110.357383644065052, -7.796122998303203 ] ] ] } },
{ "type": "Feature", "properties": { "hex_id": 236, "luas_km2": 0.1039, "poi_total": 8, "poi_kuliner": 0, "poi_peribadatan": 2, "poi_kesehatan": 2, "poi_pendidikan": 2, "poi_perkantoran": 2, "poi_pariwisata": 0, "poi_perdagangan": 0, "poi_transportasi": 0, "penduduk": 2288, "volume_mean": 1056.0283283331455, "norm_volume": 41.0605, "norm_poi": 25.75, "norm_penduduk": 99.698, "skor_total_ahp": 46.113, "ranking": 82, "klasifikasi_potensi": "Tinggi" }, "geometry": { "type": "Polygon", "coordinates": [ [ [ 110.360525396053944, -7.796127753873199 ], [ 110.358955896246016, -7.795220871757821 ], [ 110.357383644065052, -7.796122998303203 ], [ 110.357380883958299, -7.797932012114354 ], [ 110.358950389524409, -7.798838900498169 ], [ 110.360522649439105, -7.797936768801036 ], [ 110.360525396053944, -7.796127753873199 ] ] ] } },
{ "type": "Feature", "properties": { "hex_id": 237, "luas_km2": 0.1039, "poi_total": 21, "poi_kuliner": 9, "poi_peribadatan": 5, "poi_kesehatan": 4, "poi_pendidikan": 1, "poi_perkantoran": 1, "poi_pariwisata": 0, "poi_perdagangan": 1, "poi_transportasi": 0, "penduduk": 1900, "volume_mean": 1064.9881426191544, "norm_volume": 41.5646, "norm_poi": 65.9688, "norm_penduduk": 82.9608, "skor_total_ahp": 55.5988, "ranking": 45, "klasifikasi_potensi": "Sangat Tinggi" }, "geometry": { "type": "Polygon", "coordinates": [ [ [ 110.363667150013541, -7.796132486140035 ], [ 110.362097642476698, -7.795225615119273 ], [ 110.360525396053944, -7.796127753873199 ], [ 110.360522649439105, -7.797936768801036 ], [ 110.362092162738975, -7.798843646087525 ], [ 110.363664416890657, -7.797941502179088 ], [ 110.363667150013541, -7.796132486140035 ] ] ] } },
{ "type": "Feature", "properties": { "hex_id": 238, "luas_km2": 0.1039, "poi_total": 22, "poi_kuliner": 11, "poi_peribadatan": 1, "poi_kesehatan": 4, "poi_pendidikan": 1, "poi_perkantoran": 2, "poi_pariwisata": 1, "poi_perdagangan": 2, "poi_transportasi": 0, "penduduk": 1573, "volume_mean": 1062.4445229119501, "norm_volume": 41.4215, "norm_poi": 69.0625, "norm_penduduk": 68.8549, "skor_total_ahp": 54.1311, "ranking": 52, "klasifikasi_potensi": "Sangat Tinggi" }, "geometry": { "type": "Polygon", "coordinates": [ [ [ 110.36680890593415, -7.79613719510364 ], [ 110.365239390673239, -7.795230335180266 ], [ 110.363667150013541, -7.796132486140035 ], [ 110.363664416890657, -7.797941502179088 ], [ 110.36523393791947, -7.798848368365476 ], [ 110.366806186303279, -7.797946212248435 ], [ 110.36680890593415, -7.79613719510364 ] ] ] } },
{ "type": "Feature", "properties": { "hex_id": 239, "luas_km2": 0.1039, "poi_total": 32, "poi_kuliner": 8, "poi_peribadatan": 9, "poi_kesehatan": 7, "poi_pendidikan": 4, "poi_perkantoran": 3, "poi_pariwisata": 1, "poi_perdagangan": 0, "poi_transportasi": 0, "penduduk": 1638, "volume_mean": 1081.3513488381268, "norm_volume": 42.4853, "norm_poi": 100.0, "norm_penduduk": 71.6588, "skor_total_ahp": 64.3601, "ranking": 14, "klasifikasi_potensi": "Sangat Tinggi" }, "geometry": { "type": "Polygon", "coordinates": [ [ [ 110.36995066380608, -7.796141880763943 ], [ 110.368381140825917, -7.795235031940731 ], [ 110.36680890593415, -7.79613719510364 ], [ 110.366806186303279, -7.797946212248435 ], [ 110.368375715056203, -7.79885306733195 ], [ 110.36994795766725, -7.797950899009011 ], [ 110.36995066380608, -7.796141880763943 ] ] ] } },
{ "type": "Feature", "properties": { "hex_id": 240, "luas_km2": 0.1039, "poi_total": 18, "poi_kuliner": 4, "poi_peribadatan": 3, "poi_kesehatan": 5, "poi_pendidikan": 3, "poi_perkantoran": 2, "poi_pariwisata": 1, "poi_perdagangan": 0, "poi_transportasi": 0, "penduduk": 1850, "volume_mean": 1072.7191807574893, "norm_volume": 41.9996, "norm_poi": 56.6875, "norm_penduduk": 80.8039, "skor_total_ahp": 52.7211, "ranking": 58, "klasifikasi_potensi": "Sangat Tinggi" }, "geometry": { "type": "Polygon", "coordinates": [ [ [ 110.373092423619681, -7.796146543120876 ], [ 110.371522892925086, -7.795239705400591 ], [ 110.36995066380608, -7.796141880763943 ], [ 110.36994795766725, -7.797950899009011 ], [ 110.371517494139482, -7.798857742986884 ], [ 110.373089730972936, -7.79795556246074 ], [ 110.373092423619681, -7.796146543120876 ] ] ] } },
{ "type": "Feature", "properties": { "hex_id": 241, "luas_km2": 0.1039, "poi_total": 9, "poi_kuliner": 1, "poi_peribadatan": 1, "poi_kesehatan": 4, "poi_pendidikan": 1, "poi_perkantoran": 2, "poi_pariwisata": 0, "poi_perdagangan": 0, "poi_transportasi": 0, "penduduk": 1877, "volume_mean": 1041.9490955508486, "norm_volume": 40.2683, "norm_poi": 28.8438, "norm_penduduk": 81.9686, "skor_total_ahp": 43.702, "ranking": 96, "klasifikasi_potensi": "Tinggi" }, "geometry": { "type": "Polygon", "coordinates": [ [ [ 110.376234185365263, -7.796151182174364 ], [ 110.374664646961023, -7.795244355559783 ], [ 110.373092423619681, -7.796146543120876 ], [ 110.373089730972936, -7.79795556246074 ], [ 110.374659275159644, -7.798862395330199 ], [ 110.37623150621063, -7.797960202603556 ], [ 110.376234185365263, -7.796151182174364 ] ] ] } },
{ "type": "Feature", "properties": { "hex_id": 242, "luas_km2": 0.1039, "poi_total": 19, "poi_kuliner": 5, "poi_peribadatan": 3, "poi_kesehatan": 4, "poi_pendidikan": 6, "poi_perkantoran": 1, "poi_pariwisata": 0, "poi_perdagangan": 0, "poi_transportasi": 0, "penduduk": 1527, "volume_mean": 988.92460089482438, "norm_volume": 37.2849, "norm_poi": 59.7812, "norm_penduduk": 66.8706, "skor_total_ahp": 48.8177, "ranking": 73, "klasifikasi_potensi": "Sangat Tinggi" }, "geometry": { "type": "Polygon", "coordinates": [ [ [ 110.379375949033118, -7.796155797924348 ], [ 110.377806402924094, -7.795248982418236 ], [ 110.376234185365263, -7.796151182174364 ], [ 110.37623150621063, -7.797960202603556 ], [ 110.377801058106996, -7.798867024361834 ], [ 110.379373283370654, -7.797964819437394 ], [ 110.379375949033118, -7.796155797924348 ] ] ] } },
{ "type": "Feature", "properties": { "hex_id": 243, "luas_km2": 0.1039, "poi_total": 8, "poi_kuliner": 2, "poi_peribadatan": 1, "poi_kesehatan": 4, "poi_pendidikan": 1, "poi_perkantoran": 0, "poi_pariwisata": 0, "poi_perdagangan": 0, "poi_transportasi": 0, "penduduk": 985, "volume_mean": 911.85166674897869, "norm_volume": 32.9484, "norm_poi": 25.75, "norm_penduduk": 43.4902, "skor_total_ahp": 32.5351, "ranking": 170, "klasifikasi_potensi": "Sedang" }, "geometry": { "type": "Polygon", "coordinates": [ [ [ 110.382517714613599, -7.796160390370747 ], [ 110.380948160804593, -7.795253585975878 ], [ 110.379375949033118, -7.796155797924348 ], [ 110.379373283370654, -7.797964819437394 ], [ 110.380942842971862, -7.798871630081714 ], [ 110.382515062443332, -7.797969412962175 ], [ 110.382517714613599, -7.796160390370747 ] ] ] } },
{ "type": "Feature", "properties": { "hex_id": 244, "luas_km2": 0.1039, "poi_total": 5, "poi_kuliner": 0, "poi_peribadatan": 0, "poi_kesehatan": 0, "poi_pendidikan": 1, "poi_perkantoran": 4, "poi_pariwisata": 0, "poi_perdagangan": 0, "poi_transportasi": 0, "penduduk": 913, "volume_mean": 766.76381153037687, "norm_volume": 24.7849, "norm_poi": 16.4688, "norm_penduduk": 40.3843, "skor_total_ahp": 24.8678, "ranking": 239, "klasifikasi_potensi": "Rendah" }, "geometry": { "type": "Polygon", "coordinates": [ [ [ 110.385659482097012, -7.796164959513501 ], [ 110.384089920592857, -7.795258166232646 ], [ 110.382517714613599, -7.796160390370747 ], [ 110.382515062443332, -7.797969412962175 ], [ 110.384084629744549, -7.798876212489773 ], [ 110.385656843418985, -7.797973983177839 ], [ 110.385659482097012, -7.796164959513501 ] ] ] } },
{ "type": "Feature", "properties": { "hex_id": 245, "luas_km2": 0.1039, "poi_total": 6, "poi_kuliner": 0, "poi_peribadatan": 3, "poi_kesehatan": 1, "poi_pendidikan": 0, "poi_perkantoran": 2, "poi_pariwisata": 0, "poi_perdagangan": 0, "poi_transportasi": 0, "penduduk": 913, "volume_mean": 764.33269645938594, "norm_volume": 24.6482, "norm_poi": 19.5625, "norm_penduduk": 40.3843, "skor_total_ahp": 25.7137, "ranking": 235, "klasifikasi_potensi": "Rendah" }, "geometry": { "type": "Polygon", "coordinates": [ [ [ 110.388801251473666, -7.796169505352537 ], [ 110.387231682279179, -7.795262723188464 ], [ 110.385659482097012, -7.796164959513501 ], [ 110.385656843418985, -7.797973983177839 ], [ 110.387226418415409, -7.798880771585943 ], [ 110.388798626287922, -7.797978530084315 ], [ 110.388801251473666, -7.796169505352537 ] ] ] } },
{ "type": "Feature", "properties": { "hex_id": 246, "luas_km2": 0.1039, "poi_total": 11, "poi_kuliner": 2, "poi_peribadatan": 3, "poi_kesehatan": 0, "poi_pendidikan": 5, "poi_perkantoran": 1, "poi_pariwisata": 0, "poi_perdagangan": 0, "poi_transportasi": 0, "penduduk": 913, "volume_mean": 784.12822432228074, "norm_volume": 25.762, "norm_poi": 35.0312, "norm_penduduk": 40.3843, "skor_total_ahp": 30.9122, "ranking": 186, "klasifikasi_potensi": "Sedang" }, "geometry": { "type": "Polygon", "coordinates": [ [ [ 110.391943022733898, -7.79617402788779 ], [ 110.390373445853882, -7.795267256843271 ], [ 110.388801251473666, -7.796169505352537 ], [ 110.388798626287922, -7.797978530084315 ], [ 110.390368208974735, -7.798885307370153 ], [ 110.391940411040494, -7.797983053681535 ], [ 110.391943022733898, -7.79617402788779 ] ] ] } },
{ "type": "Feature", "properties": { "hex_id": 247, "luas_km2": 0.1039, "poi_total": 15, "poi_kuliner": 5, "poi_peribadatan": 0, "poi_kesehatan": 3, "poi_pendidikan": 3, "poi_perkantoran": 3, "poi_pariwisata": 1, "poi_perdagangan": 0, "poi_transportasi": 0, "penduduk": 913, "volume_mean": 748.48993677519297, "norm_volume": 23.7568, "norm_poi": 47.4062, "norm_penduduk": 40.3843, "skor_total_ahp": 33.51, "ranking": 159, "klasifikasi_potensi": "Sedang" }, "geometry": { "type": "Polygon", "coordinates": [ [ [ 110.395084795868016, -7.796178527119192 ], [ 110.393515211307303, -7.795271767196994 ], [ 110.391943022733898, -7.79617402788779 ], [ 110.391940411040494, -7.797983053681535 ], [ 110.393510001412849, -7.798889819842335 ], [ 110.39508219766698, -7.79798755396943 ], [ 110.395084795868016, -7.796178527119192 ] ] ] } },
{ "type": "Feature", "properties": { "hex_id": 248, "luas_km2": 0.1039, "poi_total": 3, "poi_kuliner": 0, "poi_peribadatan": 2, "poi_kesehatan": 1, "poi_pendidikan": 0, "poi_perkantoran": 0, "poi_pariwisata": 0, "poi_perdagangan": 0, "poi_transportasi": 0, "penduduk": 588, "volume_mean": 737.53448099429977, "norm_volume": 23.1403, "norm_poi": 10.2812, "norm_penduduk": 26.3647, "skor_total_ahp": 19.846, "ranking": 293, "klasifikasi_potensi": "Rendah" }, "geometry": { "type": "Polygon", "coordinates": [ [ [ 110.398226570866342, -7.796183003046673 ], [ 110.396656978629764, -7.795276254249569 ], [ 110.395084795868016, -7.796178527119192 ], [ 110.39508219766698, -7.79798755396943 ], [ 110.396651795720061, -7.798894309002425 ], [ 110.398223986157703, -7.797992030947933 ], [ 110.398226570866342, -7.796183003046673 ] ] ] } },
{ "type": "Feature", "properties": { "hex_id": 249, "luas_km2": 0.1039, "poi_total": 0, "poi_kuliner": 0, "poi_peribadatan": 0, "poi_kesehatan": 0, "poi_pendidikan": 0, "poi_perkantoran": 0, "poi_pariwisata": 0, "poi_perdagangan": 0, "poi_transportasi": 0, "penduduk": 146, "volume_mean": 1019.6907847726452, "norm_volume": 39.0159, "norm_poi": 1.0, "norm_penduduk": 7.298, "skor_total_ahp": 22.5206, "ranking": 269, "klasifikasi_potensi": "Rendah" }, "geometry": { "type": "Polygon", "coordinates": [ [ [ 110.349533462279823, -7.793397490643167 ], [ 110.347963999174453, -7.792490570452938 ], [ 110.346391737496205, -7.793392655216413 ], [ 110.346388931175184, -7.795201665308832 ], [ 110.347958400019337, -7.796108591774964 ], [ 110.349530669445755, -7.795206501871414 ], [ 110.349533462279823, -7.793397490643167 ] ] ] } },
{ "type": "Feature", "properties": { "hex_id": 250, "luas_km2": 0.1039, "poi_total": 11, "poi_kuliner": 2, "poi_peribadatan": 1, "poi_kesehatan": 2, "poi_pendidikan": 4, "poi_perkantoran": 2, "poi_pariwisata": 0, "poi_perdagangan": 0, "poi_transportasi": 0, "penduduk": 1629, "volume_mean": 1041.7234056085388, "norm_volume": 40.2556, "norm_poi": 35.0312, "norm_penduduk": 71.2706, "skor_total_ahp": 43.7823, "ranking": 94, "klasifikasi_potensi": "Tinggi" }, "geometry": { "type": "Polygon", "coordinates": [ [ [ 110.352675189067952, -7.793402302775221 ], [ 110.351105718219273, -7.792495393665813 ], [ 110.349533462279823, -7.793397490643167 ], [ 110.349530669445755, -7.795206501871414 ], [ 110.351100146038078, -7.796113417254013 ], [ 110.352672409720853, -7.79521131513382 ], [ 110.352675189067952, -7.793402302775221 ] ] ] } },
{ "type": "Feature", "properties": { "hex_id": 251, "luas_km2": 0.1039, "poi_total": 7, "poi_kuliner": 3, "poi_peribadatan": 1, "poi_kesehatan": 2, "poi_pendidikan": 0, "poi_perkantoran": 0, "poi_pariwisata": 1, "poi_perdagangan": 0, "poi_transportasi": 0, "penduduk": 1612, "volume_mean": 1079.3138277571593, "norm_volume": 42.3707, "norm_poi": 22.6562, "norm_penduduk": 70.5373, "skor_total_ahp": 41.1235, "ranking": 102, "klasifikasi_potensi": "Tinggi" }, "geometry": { "type": "Polygon", "coordinates": [ [ [ 110.35581691785093, -7.793407091612499 ], [ 110.354247439263759, -7.792500193586684 ], [ 110.352675189067952, -7.793402302775221 ], [ 110.352672409720853, -7.79521131513382 ], [ 110.354241894056543, -7.796118219430117 ], [ 110.355814151990842, -7.795216105095978 ], [ 110.35581691785093, -7.793407091612499 ] ] ] } },
{ "type": "Feature", "properties": { "hex_id": 252, "luas_km2": 0.1039, "poi_total": 18, "poi_kuliner": 5, "poi_peribadatan": 3, "poi_kesehatan": 7, "poi_pendidikan": 3, "poi_perkantoran": 0, "poi_pariwisata": 0, "poi_perdagangan": 0, "poi_transportasi": 0, "penduduk": 2125, "volume_mean": 1134.8731578910797, "norm_volume": 45.4967, "norm_poi": 56.6875, "norm_penduduk": 92.6667, "skor_total_ahp": 56.5488, "ranking": 38, "klasifikasi_potensi": "Sangat Tinggi" }, "geometry": { "type": "Polygon", "coordinates": [ [ [ 110.358958648619051, -7.793411857154933 ], [ 110.35738916229819, -7.79250497021548 ], [ 110.35581691785093, -7.793407091612499 ], [ 110.355814151990842, -7.795216105095978 ], [ 110.357383644065052, -7.796122998303203 ], [ 110.358955896246016, -7.795220871757821 ], [ 110.358958648619051, -7.793411857154933 ] ] ] } },
{ "type": "Feature", "properties": { "hex_id": 253, "luas_km2": 0.1039, "poi_total": 27, "poi_kuliner": 10, "poi_peribadatan": 3, "poi_kesehatan": 5, "poi_pendidikan": 4, "poi_perkantoran": 2, "poi_pariwisata": 1, "poi_perdagangan": 2, "poi_transportasi": 0, "penduduk": 2114, "volume_mean": 1178.0160324971387, "norm_volume": 47.9242, "norm_poi": 84.5312, "norm_penduduk": 92.1922, "skor_total_ahp": 66.0562, "ranking": 7, "klasifikasi_potensi": "Sangat Tinggi" }, "geometry": { "type": "Polygon", "coordinates": [ [ [ 110.362100381362652, -7.793416599402449 ], [ 110.360530887312947, -7.79250972355213 ], [ 110.358958648619065, -7.793411857154933 ], [ 110.358955896246016, -7.795220871757821 ], [ 110.360525396053944, -7.796127753873199 ], [ 110.362097642476698, -7.795225615119273 ], [ 110.362100381362652, -7.793416599402449 ] ] ] } },
{ "type": "Feature", "properties": { "hex_id": 254, "luas_km2": 0.1039, "poi_total": 18, "poi_kuliner": 6, "poi_peribadatan": 2, "poi_kesehatan": 4, "poi_pendidikan": 6, "poi_perkantoran": 0, "poi_pariwisata": 0, "poi_perdagangan": 0, "poi_transportasi": 0, "penduduk": 2112, "volume_mean": 1224.4004609318185, "norm_volume": 50.534, "norm_poi": 56.6875, "norm_penduduk": 92.1059, "skor_total_ahp": 59.1718, "ranking": 28, "klasifikasi_potensi": "Sangat Tinggi" }, "geometry": { "type": "Polygon", "coordinates": [ [ [ 110.365242116072039, -7.793421318354978 ], [ 110.363672614298295, -7.792514453596564 ], [ 110.362100381362652, -7.793416599402449 ], [ 110.362097642476712, -7.795225615119273 ], [ 110.363667150013541, -7.796132486140035 ], [ 110.365239390673239, -7.795230335180266 ], [ 110.365242116072039, -7.793421318354978 ] ] ] } },
{ "type": "Feature", "properties": { "hex_id": 255, "luas_km2": 0.1039, "poi_total": 24, "poi_kuliner": 14, "poi_peribadatan": 2, "poi_kesehatan": 5, "poi_pendidikan": 0, "poi_perkantoran": 2, "poi_pariwisata": 1, "poi_perdagangan": 0, "poi_transportasi": 0, "penduduk": 2058, "volume_mean": 1261.9219849487538, "norm_volume": 52.6452, "norm_poi": 75.25, "norm_penduduk": 89.7765, "skor_total_ahp": 65.446, "ranking": 8, "klasifikasi_potensi": "Sangat Tinggi" }, "geometry": { "type": "Polygon", "coordinates": [ [ [ 110.368383852737551, -7.79342601401245 ], [ 110.36681434324457, -7.792519160348712 ], [ 110.365242116072039, -7.793421318354978 ], [ 110.365239390673239, -7.795230335180266 ], [ 110.36680890593415, -7.79613719510364 ], [ 110.368381140825917, -7.795235031940731 ], [ 110.368383852737551, -7.79342601401245 ] ] ] } },
{ "type": "Feature", "properties": { "hex_id": 256, "luas_km2": 0.1039, "poi_total": 24, "poi_kuliner": 8, "poi_peribadatan": 8, "poi_kesehatan": 4, "poi_pendidikan": 2, "poi_perkantoran": 0, "poi_pariwisata": 0, "poi_perdagangan": 2, "poi_transportasi": 0, "penduduk": 2053, "volume_mean": 1236.7933060433102, "norm_volume": 51.2313, "norm_poi": 75.25, "norm_penduduk": 89.5608, "skor_total_ahp": 64.6487, "ranking": 13, "klasifikasi_potensi": "Sangat Tinggi" }, "geometry": { "type": "Polygon", "coordinates": [ [ [ 110.371525591349481, -7.79343068637479 ], [ 110.369956074142124, -7.7925238438085 ], [ 110.368383852737551, -7.79342601401245 ], [ 110.368381140825917, -7.795235031940731 ], [ 110.36995066380608, -7.796141880763943 ], [ 110.371522892925086, -7.795239705400591 ], [ 110.371525591349481, -7.79343068637479 ] ] ] } },
{ "type": "Feature", "properties": { "hex_id": 257, "luas_km2": 0.1039, "poi_total": 16, "poi_kuliner": 8, "poi_peribadatan": 1, "poi_kesehatan": 1, "poi_pendidikan": 4, "poi_perkantoran": 2, "poi_pariwisata": 0, "poi_perdagangan": 0, "poi_transportasi": 0, "penduduk": 2053, "volume_mean": 1184.8495489994734, "norm_volume": 48.3087, "norm_poi": 50.5, "norm_penduduk": 89.5608, "skor_total_ahp": 55.7164, "ranking": 44, "klasifikasi_potensi": "Sangat Tinggi" }, "geometry": { "type": "Polygon", "coordinates": [ [ [ 110.374667331898166, -7.793435335441932 ], [ 110.373097806981221, -7.79252850397586 ], [ 110.371525591349481, -7.79343068637479 ], [ 110.371522892925086, -7.795239705400591 ], [ 110.373092423619681, -7.796146543120876 ], [ 110.374664646961023, -7.795244355559783 ], [ 110.374667331898166, -7.793435335441932 ] ] ] } },
{ "type": "Feature", "properties": { "hex_id": 258, "luas_km2": 0.1039, "poi_total": 15, "poi_kuliner": 1, "poi_peribadatan": 6, "poi_kesehatan": 6, "poi_pendidikan": 2, "poi_perkantoran": 0, "poi_pariwisata": 0, "poi_perdagangan": 0, "poi_transportasi": 0, "penduduk": 2052, "volume_mean": 1050.1737102340974, "norm_volume": 40.7311, "norm_poi": 47.4062, "norm_penduduk": 89.5176, "skor_total_ahp": 50.7056, "ranking": 65, "klasifikasi_potensi": "Sangat Tinggi" }, "geometry": { "type": "Polygon", "coordinates": [ [ [ 110.377809074373928, -7.793439961213807 ], [ 110.376239541752227, -7.792533140850726 ], [ 110.374667331898166, -7.793435335441932 ], [ 110.374664646961023, -7.795244355559783 ], [ 110.376234185365263, -7.796151182174364 ], [ 110.377806402924094, -7.795248982418236 ], [ 110.377809074373928, -7.793439961213807 ] ] ] } },
{ "type": "Feature", "properties": { "hex_id": 259, "luas_km2": 0.1039, "poi_total": 8, "poi_kuliner": 4, "poi_peribadatan": 2, "poi_kesehatan": 1, "poi_pendidikan": 1, "poi_perkantoran": 0, "poi_pariwisata": 0, "poi_perdagangan": 0, "poi_transportasi": 0, "penduduk": 1097, "volume_mean": 992.32307459351364, "norm_volume": 37.4761, "norm_poi": 25.75, "norm_penduduk": 48.3216, "skor_total_ahp": 35.7667, "ranking": 140, "klasifikasi_potensi": "Tinggi" }, "geometry": { "type": "Polygon", "coordinates": [ [ [ 110.380950818767076, -7.793444563690344 ], [ 110.37938127844545, -7.792537754433026 ], [ 110.377809074373928, -7.793439961213807 ], [ 110.377806402924094, -7.795248982418236 ], [ 110.379375949033118, -7.796155797924348 ], [ 110.380948160804593, -7.795253585975878 ], [ 110.380950818767076, -7.793444563690344 ] ] ] } },
{ "type": "Feature", "properties": { "hex_id": 260, "luas_km2": 0.1039, "poi_total": 11, "poi_kuliner": 1, "poi_peribadatan": 4, "poi_kesehatan": 1, "poi_pendidikan": 5, "poi_perkantoran": 0, "poi_pariwisata": 0, "poi_perdagangan": 0, "poi_transportasi": 0, "penduduk": 999, "volume_mean": 945.77863797993245, "norm_volume": 34.8573, "norm_poi": 35.0312, "norm_penduduk": 44.0941, "skor_total_ahp": 36.4218, "ranking": 130, "klasifikasi_potensi": "Tinggi" }, "geometry": { "type": "Polygon", "coordinates": [ [ [ 110.384092565067959, -7.79344914287148 ], [ 110.382523017051199, -7.792542344722687 ], [ 110.380950818767076, -7.793444563690344 ], [ 110.380948160804593, -7.795253585975878 ], [ 110.382517714613599, -7.796160390370747 ], [ 110.384089920592857, -7.795258166232646 ], [ 110.384092565067959, -7.79344914287148 ] ] ] } },
{ "type": "Feature", "properties": { "hex_id": 261, "luas_km2": 0.1039, "poi_total": 12, "poi_kuliner": 0, "poi_peribadatan": 5, "poi_kesehatan": 3, "poi_pendidikan": 2, "poi_perkantoran": 1, "poi_pariwisata": 0, "poi_perdagangan": 1, "poi_transportasi": 0, "penduduk": 987, "volume_mean": 871.23280095622272, "norm_volume": 30.6629, "norm_poi": 38.125, "norm_penduduk": 43.5765, "skor_total_ahp": 34.9961, "ranking": 147, "klasifikasi_potensi": "Tinggi" }, "geometry": { "type": "Polygon", "coordinates": [ [ [ 110.387234313266845, -7.793453698757138 ], [ 110.385664757559809, -7.792546911719645 ], [ 110.384092565067959, -7.79344914287148 ], [ 110.384089920592857, -7.795258166232646 ], [ 110.385659482097012, -7.796164959513501 ], [ 110.387231682279179, -7.795262723188464 ], [ 110.387234313266845, -7.793453698757138 ] ] ] } },
{ "type": "Feature", "properties": { "hex_id": 262, "luas_km2": 0.1039, "poi_total": 7, "poi_kuliner": 2, "poi_peribadatan": 0, "poi_kesehatan": 2, "poi_pendidikan": 2, "poi_perkantoran": 1, "poi_pariwisata": 0, "poi_perdagangan": 0, "poi_transportasi": 0, "penduduk": 961, "volume_mean": 858.62788428045383, "norm_volume": 29.9537, "norm_poi": 22.6562, "norm_penduduk": 42.4549, "skor_total_ahp": 29.8319, "ranking": 193, "klasifikasi_potensi": "Sedang" }, "geometry": { "type": "Polygon", "coordinates": [ [ [ 110.390376063354111, -7.793458231347254 ], [ 110.388806499961575, -7.792551455423833 ], [ 110.387234313266845, -7.793453698757138 ], [ 110.387231682279179, -7.795262723188464 ], [ 110.388801251473666, -7.796169505352537 ], [ 110.390373445853882, -7.795267256843271 ], [ 110.390376063354111, -7.793458231347254 ] ] ] } },
{ "type": "Feature", "properties": { "hex_id": 263, "luas_km2": 0.1039, "poi_total": 6, "poi_kuliner": 1, "poi_peribadatan": 0, "poi_kesehatan": 2, "poi_pendidikan": 2, "poi_perkantoran": 1, "poi_pariwisata": 0, "poi_perdagangan": 0, "poi_transportasi": 0, "penduduk": 942, "volume_mean": 830.66984077132634, "norm_volume": 28.3806, "norm_poi": 19.5625, "norm_penduduk": 41.6353, "skor_total_ahp": 27.9302, "ranking": 214, "klasifikasi_potensi": "Sedang" }, "geometry": { "type": "Polygon", "coordinates": [ [ [ 110.393517815320024, -7.79346274064176 ], [ 110.391948244246834, -7.79255597583518 ], [ 110.390376063354111, -7.793458231347254 ], [ 110.390373445853882, -7.795267256843271 ], [ 110.391943022733898, -7.79617402788779 ], [ 110.393515211307303, -7.795271767196994 ], [ 110.393517815320024, -7.79346274064176 ] ] ] } },
{ "type": "Feature", "properties": { "hex_id": 264, "luas_km2": 0.1039, "poi_total": 2, "poi_kuliner": 0, "poi_peribadatan": 0, "poi_kesehatan": 1, "poi_pendidikan": 1, "poi_perkantoran": 0, "poi_pariwisata": 0, "poi_perdagangan": 0, "poi_transportasi": 0, "penduduk": 778, "volume_mean": 822.03674977296475, "norm_volume": 27.8949, "norm_poi": 7.1875, "norm_penduduk": 34.5608, "skor_total_ahp": 22.8312, "ranking": 262, "klasifikasi_potensi": "Rendah" }, "geometry": { "type": "Polygon", "coordinates": [ [ [ 110.396659569154934, -7.79346722664059 ], [ 110.395089990405907, -7.792560472953617 ], [ 110.393517815320024, -7.79346274064176 ], [ 110.393515211307303, -7.795271767196994 ], [ 110.395084795868016, -7.796178527119192 ], [ 110.396656978629764, -7.795276254249569 ], [ 110.396659569154934, -7.79346722664059 ] ] ] } },
{ "type": "Feature", "properties": { "hex_id": 265, "luas_km2": 0.1039, "poi_total": 9, "poi_kuliner": 1, "poi_peribadatan": 3, "poi_kesehatan": 1, "poi_pendidikan": 2, "poi_perkantoran": 2, "poi_pariwisata": 0, "poi_perdagangan": 0, "poi_transportasi": 0, "penduduk": 931, "volume_mean": 1093.3011812905008, "norm_volume": 43.1577, "norm_poi": 28.8438, "norm_penduduk": 41.1608, "skor_total_ahp": 38.5757, "ranking": 118, "klasifikasi_potensi": "Tinggi" }, "geometry": { "type": "Polygon", "coordinates": [ [ [ 110.351108503310044, -7.790686381639045 ], [ 110.349539045943501, -7.789779467721347 ], [ 110.347966797747347, -7.790681559559248 ], [ 110.347963999174453, -7.792490570452938 ], [ 110.349533462279823, -7.793397490643167 ], [ 110.351105718219273, -7.792495393665813 ], [ 110.351108503310044, -7.790686381639045 ] ] ] } },
{ "type": "Feature", "properties": { "hex_id": 266, "luas_km2": 0.1039, "poi_total": 22, "poi_kuliner": 4, "poi_peribadatan": 5, "poi_kesehatan": 3, "poi_pendidikan": 8, "poi_perkantoran": 1, "poi_pariwisata": 1, "poi_perdagangan": 0, "poi_transportasi": 0, "penduduk": 1319, "volume_mean": 1081.7547160349075, "norm_volume": 42.508, "norm_poi": 69.0625, "norm_penduduk": 57.898, "skor_total_ahp": 52.9221, "ranking": 57, "klasifikasi_potensi": "Sangat Tinggi" }, "geometry": { "type": "Polygon", "coordinates": [ [ [ 110.354250210872365, -7.790691180432316 ], [ 110.352680745767358, -7.789784277592726 ], [ 110.351108503310044, -7.790686381639045 ], [ 110.351105718219273, -7.792495393665813 ], [ 110.352675189067952, -7.793402302775221 ], [ 110.354247439263759, -7.792500193586684 ], [ 110.354250210872365, -7.790691180432316 ] ] ] } },
{ "type": "Feature", "properties": { "hex_id": 267, "luas_km2": 0.1039, "poi_total": 10, "poi_kuliner": 3, "poi_peribadatan": 4, "poi_kesehatan": 0, "poi_pendidikan": 1, "poi_perkantoran": 2, "poi_pariwisata": 0, "poi_perdagangan": 0, "poi_transportasi": 0, "penduduk": 1659, "volume_mean": 1162.2800288228154, "norm_volume": 47.0388, "norm_poi": 31.9375, "norm_penduduk": 72.5647, "skor_total_ahp": 46.7304, "ranking": 79, "klasifikasi_potensi": "Tinggi" }, "geometry": { "type": "Polygon", "coordinates": [ [ [ 110.357391920424618, -7.790695955938981 ], [ 110.355822447585993, -7.789789064180269 ], [ 110.354250210872365, -7.790691180432316 ], [ 110.354247439263759, -7.792500193586684 ], [ 110.35581691785093, -7.793407091612499 ], [ 110.35738916229819, -7.79250497021548 ], [ 110.357391920424618, -7.790695955938981 ] ] ] } },
{ "type": "Feature", "properties": { "hex_id": 268, "luas_km2": 0.1039, "poi_total": 18, "poi_kuliner": 2, "poi_peribadatan": 10, "poi_kesehatan": 2, "poi_pendidikan": 3, "poi_perkantoran": 0, "poi_pariwisata": 1, "poi_perdagangan": 0, "poi_transportasi": 0, "penduduk": 2112, "volume_mean": 1260.0204339176132, "norm_volume": 52.5382, "norm_poi": 56.6875, "norm_penduduk": 92.1059, "skor_total_ahp": 60.252, "ranking": 27, "klasifikasi_potensi": "Sangat Tinggi" }, "geometry": { "type": "Polygon", "coordinates": [ [ [ 110.360533631957125, -7.790700708158971 ], [ 110.358964151389657, -7.789793827483916 ], [ 110.357391920424618, -7.790695955938981 ], [ 110.35738916229819, -7.79250497021548 ], [ 110.358958648619051, -7.793411857154933 ], [ 110.360530887312947, -7.79250972355213 ], [ 110.360533631957125, -7.790700708158971 ] ] ] } },
{ "type": "Feature", "properties": { "hex_id": 269, "luas_km2": 0.1039, "poi_total": 20, "poi_kuliner": 7, "poi_peribadatan": 6, "poi_kesehatan": 2, "poi_pendidikan": 3, "poi_perkantoran": 2, "poi_pariwisata": 0, "poi_perdagangan": 0, "poi_transportasi": 0, "penduduk": 2112, "volume_mean": 1333.1385194055476, "norm_volume": 56.6522, "norm_poi": 62.875, "norm_penduduk": 92.1059, "skor_total_ahp": 64.3086, "ranking": 15, "klasifikasi_potensi": "Sangat Tinggi" }, "geometry": { "type": "Polygon", "coordinates": [ [ [ 110.363675345460194, -7.790705437092218 ], [ 110.362105857168743, -7.789798567503584 ], [ 110.360533631957125, -7.790700708158971 ], [ 110.360530887312947, -7.79250972355213 ], [ 110.362100381362652, -7.793416599402449 ], [ 110.363672614298295, -7.792514453596564 ], [ 110.363675345460194, -7.790705437092218 ] ] ] } },
{ "type": "Feature", "properties": { "hex_id": 270, "luas_km2": 0.1039, "poi_total": 17, "poi_kuliner": 6, "poi_peribadatan": 4, "poi_kesehatan": 3, "poi_pendidikan": 1, "poi_perkantoran": 2, "poi_pariwisata": 0, "poi_perdagangan": 1, "poi_transportasi": 0, "penduduk": 2098, "volume_mean": 1487.8938076974785, "norm_volume": 65.3595, "norm_poi": 53.5938, "norm_penduduk": 91.502, "skor_total_ahp": 66.1437, "ranking": 6, "klasifikasi_potensi": "Sangat Tinggi" }, "geometry": { "type": "Polygon", "coordinates": [ [ [ 110.366817060924163, -7.79071014273865 ], [ 110.365247564913531, -7.789803284239212 ], [ 110.363675345460194, -7.790705437092218 ], [ 110.363672614298295, -7.792514453596564 ], [ 110.365242116072039, -7.793421318354978 ], [ 110.36681434324457, -7.792519160348712 ], [ 110.366817060924163, -7.79071014273865 ] ] ] } },
{ "type": "Feature", "properties": { "hex_id": 271, "luas_km2": 0.1039, "poi_total": 15, "poi_kuliner": 2, "poi_peribadatan": 7, "poi_kesehatan": 0, "poi_pendidikan": 1, "poi_perkantoran": 2, "poi_pariwisata": 3, "poi_perdagangan": 0, "poi_transportasi": 0, "penduduk": 2052, "volume_mean": 1439.4762745372382, "norm_volume": 62.6353, "norm_poi": 47.4062, "norm_penduduk": 89.5176, "skor_total_ahp": 62.5111, "ranking": 20, "klasifikasi_potensi": "Sangat Tinggi" }, "geometry": { "type": "Polygon", "coordinates": [ [ [ 110.369958778339338, -7.790714825098197 ], [ 110.368389274614358, -7.789807977690723 ], [ 110.366817060924163, -7.79071014273865 ], [ 110.36681434324457, -7.792519160348712 ], [ 110.368383852737551, -7.79342601401245 ], [ 110.369956074142124, -7.7925238438085 ], [ 110.369958778339338, -7.790714825098197 ] ] ] } },
{ "type": "Feature", "properties": { "hex_id": 272, "luas_km2": 0.1039, "poi_total": 18, "poi_kuliner": 7, "poi_peribadatan": 6, "poi_kesehatan": 1, "poi_pendidikan": 4, "poi_perkantoran": 0, "poi_pariwisata": 0, "poi_perdagangan": 0, "poi_transportasi": 0, "penduduk": 2004, "volume_mean": 1358.8701496185915, "norm_volume": 58.1, "norm_poi": 56.6875, "norm_penduduk": 87.4471, "skor_total_ahp": 62.4866, "ranking": 21, "klasifikasi_potensi": "Sangat Tinggi" }, "geometry": { "type": "Polygon", "coordinates": [ [ [ 110.373100497696043, -7.790719484170785 ], [ 110.371530986261533, -7.789812647858048 ], [ 110.369958778339338, -7.790714825098197 ], [ 110.369956074142124, -7.7925238438085 ], [ 110.371525591349481, -7.79343068637479 ], [ 110.373097806981221, -7.79252850397586 ], [ 110.373100497696043, -7.790719484170785 ] ] ] } },
{ "type": "Feature", "properties": { "hex_id": 273, "luas_km2": 0.1039, "poi_total": 18, "poi_kuliner": 8, "poi_peribadatan": 5, "poi_kesehatan": 1, "poi_pendidikan": 0, "poi_perkantoran": 0, "poi_pariwisata": 0, "poi_perdagangan": 1, "poi_transportasi": 3, "penduduk": 2053, "volume_mean": 1292.1070513849884, "norm_volume": 54.3435, "norm_poi": 56.6875, "norm_penduduk": 89.5608, "skor_total_ahp": 60.8082, "ranking": 24, "klasifikasi_potensi": "Sangat Tinggi" }, "geometry": { "type": "Polygon", "coordinates": [ [ [ 110.376242218984601, -7.790724119956352 ], [ 110.374672699845377, -7.789817294741121 ], [ 110.373100497696043, -7.790719484170785 ], [ 110.373097806981221, -7.79252850397586 ], [ 110.374667331898166, -7.793435335441932 ], [ 110.376239541752227, -7.792533140850726 ], [ 110.376242218984601, -7.790724119956352 ] ] ] } },
{ "type": "Feature", "properties": { "hex_id": 274, "luas_km2": 0.1039, "poi_total": 8, "poi_kuliner": 1, "poi_peribadatan": 1, "poi_kesehatan": 3, "poi_pendidikan": 2, "poi_perkantoran": 0, "poi_pariwisata": 1, "poi_perdagangan": 0, "poi_transportasi": 0, "penduduk": 1624, "volume_mean": 1137.9117536723807, "norm_volume": 45.6677, "norm_poi": 25.75, "norm_penduduk": 71.0549, "skor_total_ahp": 43.9049, "ranking": 92, "klasifikasi_potensi": "Tinggi" }, "geometry": { "type": "Polygon", "coordinates": [ [ [ 110.379383942195332, -7.790728732454822 ], [ 110.377814415356198, -7.789821918339869 ], [ 110.376242218984601, -7.790724119956352 ], [ 110.376239541752227, -7.792533140850726 ], [ 110.377809074373928, -7.793439961213807 ], [ 110.37938127844545, -7.792537754433026 ], [ 110.379383942195332, -7.790728732454822 ] ] ] } },
{ "type": "Feature", "properties": { "hex_id": 275, "luas_km2": 0.1039, "poi_total": 3, "poi_kuliner": 0, "poi_peribadatan": 1, "poi_kesehatan": 1, "poi_pendidikan": 0, "poi_perkantoran": 0, "poi_pariwisata": 1, "poi_perdagangan": 0, "poi_transportasi": 0, "penduduk": 1108, "volume_mean": 1107.2412340780554, "norm_volume": 43.942, "norm_poi": 10.2812, "norm_penduduk": 48.7961, "skor_total_ahp": 34.7311, "ranking": 151, "klasifikasi_potensi": "Tinggi" }, "geometry": { "type": "Polygon", "coordinates": [ [ [ 110.382525667318561, -7.790733321666127 ], [ 110.380956132784362, -7.789826518654221 ], [ 110.379383942195332, -7.790728732454822 ], [ 110.37938127844545, -7.792537754433026 ], [ 110.380950818767076, -7.793444563690344 ], [ 110.382523017051199, -7.792542344722687 ], [ 110.382525667318561, -7.790733321666127 ] ] ] } },
{ "type": "Feature", "properties": { "hex_id": 276, "luas_km2": 0.1039, "poi_total": 9, "poi_kuliner": 3, "poi_peribadatan": 2, "poi_kesehatan": 1, "poi_pendidikan": 1, "poi_perkantoran": 1, "poi_pariwisata": 1, "poi_perdagangan": 0, "poi_transportasi": 0, "penduduk": 1108, "volume_mean": 1026.1764033982734, "norm_volume": 39.3809, "norm_poi": 28.8438, "norm_penduduk": 48.7961, "skor_total_ahp": 37.7907, "ranking": 123, "klasifikasi_potensi": "Tinggi" }, "geometry": { "type": "Polygon", "coordinates": [ [ [ 110.385667394344608, -7.790737887590201 ], [ 110.384097852120135, -7.789831095684114 ], [ 110.382525667318561, -7.790733321666127 ], [ 110.382523017051199, -7.792542344722687 ], [ 110.384092565067959, -7.79344914287148 ], [ 110.385664757559809, -7.792546911719645 ], [ 110.385667394344608, -7.790737887590201 ] ] ] } },
{ "type": "Feature", "properties": { "hex_id": 277, "luas_km2": 0.1039, "poi_total": 12, "poi_kuliner": 4, "poi_peribadatan": 1, "poi_kesehatan": 6, "poi_pendidikan": 0, "poi_perkantoran": 1, "poi_pariwisata": 0, "poi_perdagangan": 0, "poi_transportasi": 0, "penduduk": 1108, "volume_mean": 948.12742695362226, "norm_volume": 34.9894, "norm_poi": 38.125, "norm_penduduk": 48.7961, "skor_total_ahp": 38.1828, "ranking": 121, "klasifikasi_potensi": "Tinggi" }, "geometry": { "type": "Polygon", "coordinates": [ [ [ 110.388809123263769, -7.790742430226977 ], [ 110.387239573353881, -7.789835649429476 ], [ 110.385667394344608, -7.790737887590201 ], [ 110.385664757559809, -7.792546911719645 ], [ 110.387234313266845, -7.793453698757138 ], [ 110.388806499961575, -7.792551455423833 ], [ 110.388809123263769, -7.790742430226977 ] ] ] } },
{ "type": "Feature", "properties": { "hex_id": 278, "luas_km2": 0.1039, "poi_total": 12, "poi_kuliner": 2, "poi_peribadatan": 2, "poi_kesehatan": 4, "poi_pendidikan": 3, "poi_perkantoran": 1, "poi_pariwisata": 0, "poi_perdagangan": 0, "poi_transportasi": 0, "penduduk": 1108, "volume_mean": 856.78553792685943, "norm_volume": 29.85, "norm_poi": 38.125, "norm_penduduk": 48.7961, "skor_total_ahp": 35.4128, "ranking": 142, "klasifikasi_potensi": "Tinggi" }, "geometry": { "type": "Polygon", "coordinates": [ [ [ 110.391950854066408, -7.790746949576386 ], [ 110.390381296475866, -7.789840179890241 ], [ 110.388809123263769, -7.790742430226977 ], [ 110.388806499961575, -7.792551455423833 ], [ 110.390376063354111, -7.793458231347254 ], [ 110.391948244246834, -7.79255597583518 ], [ 110.391950854066408, -7.790746949576386 ] ] ] } },
{ "type": "Feature", "properties": { "hex_id": 279, "luas_km2": 0.1039, "poi_total": 10, "poi_kuliner": 3, "poi_peribadatan": 3, "poi_kesehatan": 3, "poi_pendidikan": 1, "poi_perkantoran": 0, "poi_pariwisata": 0, "poi_perdagangan": 0, "poi_transportasi": 0, "penduduk": 1050, "volume_mean": 852.89536732674253, "norm_volume": 29.6312, "norm_poi": 31.9375, "norm_penduduk": 46.2941, "skor_total_ahp": 33.0458, "ranking": 165, "klasifikasi_potensi": "Sedang" }, "geometry": { "type": "Polygon", "coordinates": [ [ [ 110.395092586742791, -7.790751445638357 ], [ 110.393523021476469, -7.789844687066338 ], [ 110.391950854066408, -7.790746949576386 ], [ 110.391948244246834, -7.79255597583518 ], [ 110.393517815320024, -7.79346274064176 ], [ 110.395089990405907, -7.792560472953617 ], [ 110.395092586742791, -7.790751445638357 ] ] ] } },
{ "type": "Feature", "properties": { "hex_id": 280, "luas_km2": 0.1039, "poi_total": 0, "poi_kuliner": 0, "poi_peribadatan": 0, "poi_kesehatan": 0, "poi_pendidikan": 0, "poi_perkantoran": 0, "poi_pariwisata": 0, "poi_perdagangan": 0, "poi_transportasi": 0, "penduduk": 309, "volume_mean": 871.18262286885908, "norm_volume": 30.6601, "norm_poi": 1.0, "norm_penduduk": 14.3294, "skor_total_ahp": 19.1687, "ranking": 302, "klasifikasi_potensi": "Rendah" }, "geometry": { "type": "Polygon", "coordinates": [ [ [ 110.398234321283283, -7.790755918412821 ], [ 110.39666474834597, -7.789849170957702 ], [ 110.395092586742791, -7.790751445638357 ], [ 110.395089990405907, -7.792560472953617 ], [ 110.396659569154934, -7.79346722664059 ], [ 110.398231738429118, -7.792564946779081 ], [ 110.398234321283283, -7.790755918412821 ] ] ] } },
{ "type": "Feature", "properties": { "hex_id": 281, "luas_km2": 0.1039, "poi_total": 0, "poi_kuliner": 0, "poi_peribadatan": 0, "poi_kesehatan": 0, "poi_pendidikan": 0, "poi_perkantoran": 0, "poi_pariwisata": 0, "poi_perdagangan": 0, "poi_transportasi": 0, "penduduk": 0, "volume_mean": 1134.9385349095794, "norm_volume": 45.5004, "norm_poi": 1.0, "norm_penduduk": 1.0, "skor_total_ahp": 24.984, "ranking": 237, "klasifikasi_potensi": "Rendah" }, "geometry": { "type": "Polygon", "coordinates": [ [ [ 110.349541836773113, -7.787970456027844 ], [ 110.347972392883818, -7.787063537306675 ], [ 110.346400152430917, -7.787965624008507 ], [ 110.346397348124057, -7.789774634566213 ], [ 110.347966797747347, -7.790681559559248 ], [ 110.349539045943501, -7.789779467721347 ], [ 110.349541836773113, -7.787970456027844 ] ] ] } },
{ "type": "Feature", "properties": { "hex_id": 282, "luas_km2": 0.1039, "poi_total": 6, "poi_kuliner": 1, "poi_peribadatan": 1, "poi_kesehatan": 2, "poi_pendidikan": 2, "poi_perkantoran": 0, "poi_pariwisata": 0, "poi_perdagangan": 0, "poi_transportasi": 0, "penduduk": 1198, "volume_mean": 1147.3128043588672, "norm_volume": 46.1966, "norm_poi": 19.5625, "norm_penduduk": 52.6784, "skor_total_ahp": 39.341, "ranking": 114, "klasifikasi_potensi": "Tinggi" }, "geometry": { "type": "Polygon", "coordinates": [ [ [ 110.35268352311968, -7.787975264768898 ], [ 110.351114071491992, -7.787068357120353 ], [ 110.349541836773113, -7.787970456027844 ], [ 110.349539045943501, -7.789779467721347 ], [ 110.351108503310044, -7.790686381639045 ], [ 110.352680745767358, -7.789784277592726 ], [ 110.35268352311968, -7.787975264768898 ] ] ] } },
{ "type": "Feature", "properties": { "hex_id": 283, "luas_km2": 0.1039, "poi_total": 5, "poi_kuliner": 2, "poi_peribadatan": 1, "poi_kesehatan": 2, "poi_pendidikan": 0, "poi_perkantoran": 0, "poi_pariwisata": 0, "poi_perdagangan": 0, "poi_transportasi": 0, "penduduk": 1383, "volume_mean": 1171.7537960158522, "norm_volume": 47.5718, "norm_poi": 16.4688, "norm_penduduk": 60.6588, "skor_total_ahp": 40.4696, "ranking": 105, "klasifikasi_potensi": "Tinggi" }, "geometry": { "type": "Polygon", "coordinates": [ [ [ 110.355825211460953, -7.787980050231592 ], [ 110.354255752099689, -7.787073153658445 ], [ 110.35268352311968, -7.787975264768898 ], [ 110.352680745767358, -7.789784277592726 ], [ 110.354250210872365, -7.790691180432316 ], [ 110.355822447585993, -7.789789064180269 ], [ 110.355825211460953, -7.787980050231592 ] ] ] } },
{ "type": "Feature", "properties": { "hex_id": 284, "luas_km2": 0.1039, "poi_total": 16, "poi_kuliner": 3, "poi_peribadatan": 3, "poi_kesehatan": 4, "poi_pendidikan": 2, "poi_perkantoran": 3, "poi_pariwisata": 1, "poi_perdagangan": 0, "poi_transportasi": 0, "penduduk": 1846, "volume_mean": 1324.3404935554449, "norm_volume": 56.1571, "norm_poi": 50.5, "norm_penduduk": 80.6314, "skor_total_ahp": 58.4839, "ranking": 31, "klasifikasi_potensi": "Sangat Tinggi" }, "geometry": { "type": "Polygon", "coordinates": [ [ [ 110.358966901787269, -7.787984812415853 ], [ 110.357397434697219, -7.787077926920877 ], [ 110.355825211460967, -7.787980050231592 ], [ 110.355822447585993, -7.789789064180269 ], [ 110.357391920424618, -7.790695955938981 ], [ 110.358964151389657, -7.789793827483916 ], [ 110.358966901787269, -7.787984812415853 ] ] ] } },
{ "type": "Feature", "properties": { "hex_id": 285, "luas_km2": 0.1039, "poi_total": 11, "poi_kuliner": 3, "poi_peribadatan": 2, "poi_kesehatan": 3, "poi_pendidikan": 0, "poi_perkantoran": 3, "poi_pariwisata": 0, "poi_perdagangan": 0, "poi_transportasi": 0, "penduduk": 1841, "volume_mean": 1356.3413398499702, "norm_volume": 57.9577, "norm_poi": 35.0312, "norm_penduduk": 80.4157, "skor_total_ahp": 54.8208, "ranking": 50, "klasifikasi_potensi": "Sangat Tinggi" }, "geometry": { "type": "Polygon", "coordinates": [ [ [ 110.362108594088937, -7.787989551321614 ], [ 110.360539119274932, -7.787082676907579 ], [ 110.358966901787269, -7.787984812415853 ], [ 110.358964151389671, -7.789793827483916 ], [ 110.360533631957125, -7.790700708158971 ], [ 110.362105857168743, -7.789798567503584 ], [ 110.362108594088937, -7.787989551321614 ] ] ] } },
{ "type": "Feature", "properties": { "hex_id": 286, "luas_km2": 0.1039, "poi_total": 13, "poi_kuliner": 6, "poi_peribadatan": 3, "poi_kesehatan": 1, "poi_pendidikan": 1, "poi_perkantoran": 0, "poi_pariwisata": 0, "poi_perdagangan": 0, "poi_transportasi": 2, "penduduk": 2090, "volume_mean": 1460.7802439259958, "norm_volume": 63.834, "norm_poi": 41.2188, "norm_penduduk": 91.1569, "skor_total_ahp": 61.5864, "ranking": 22, "klasifikasi_potensi": "Sangat Tinggi" }, "geometry": { "type": "Polygon", "coordinates": [ [ [ 110.365250288356265, -7.787994266948803 ], [ 110.363680805823122, -7.787087403618481 ], [ 110.362108594088937, -7.787989551321614 ], [ 110.362105857168743, -7.789798567503584 ], [ 110.363675345460194, -7.790705437092218 ], [ 110.365247564913531, -7.789803284239212 ], [ 110.365250288356265, -7.787994266948803 ] ] ] } },
{ "type": "Feature", "properties": { "hex_id": 287, "luas_km2": 0.1039, "poi_total": 17, "poi_kuliner": 9, "poi_peribadatan": 2, "poi_kesehatan": 3, "poi_pendidikan": 0, "poi_perkantoran": 0, "poi_pariwisata": 3, "poi_perdagangan": 0, "poi_transportasi": 0, "penduduk": 1799, "volume_mean": 1525.4444991638338, "norm_volume": 67.4723, "norm_poi": 53.5938, "norm_penduduk": 78.6039, "skor_total_ahp": 65.1699, "ranking": 12, "klasifikasi_potensi": "Sangat Tinggi" }, "geometry": { "type": "Polygon", "coordinates": [ [ [ 110.368391984579588, -7.787998959297349 ], [ 110.366822494332126, -7.787092107053508 ], [ 110.365250288356265, -7.787994266948803 ], [ 110.365247564913531, -7.789803284239212 ], [ 110.366817060924163, -7.79071014273865 ], [ 110.368389274614358, -7.789807977690723 ], [ 110.368391984579588, -7.787998959297349 ] ] ] } },
{ "type": "Feature", "properties": { "hex_id": 288, "luas_km2": 0.1039, "poi_total": 9, "poi_kuliner": 2, "poi_peribadatan": 3, "poi_kesehatan": 3, "poi_pendidikan": 1, "poi_perkantoran": 0, "poi_pariwisata": 0, "poi_perdagangan": 0, "poi_transportasi": 0, "penduduk": 1198, "volume_mean": 1476.6123453776042, "norm_volume": 64.7248, "norm_poi": 28.8438, "norm_penduduk": 52.6784, "skor_total_ahp": 52.0859, "ranking": 62, "klasifikasi_potensi": "Sangat Tinggi" }, "geometry": { "type": "Polygon", "coordinates": [ [ [ 110.371533682749217, -7.788003628367181 ], [ 110.369964184792266, -7.787096787212595 ], [ 110.368391984579588, -7.787998959297349 ], [ 110.368389274614358, -7.789807977690723 ], [ 110.369958778339338, -7.790714825098197 ], [ 110.371530986261533, -7.789812647858048 ], [ 110.371533682749217, -7.788003628367181 ] ] ] } },
{ "type": "Feature", "properties": { "hex_id": 289, "luas_km2": 0.1039, "poi_total": 18, "poi_kuliner": 8, "poi_peribadatan": 2, "poi_kesehatan": 4, "poi_pendidikan": 0, "poi_perkantoran": 3, "poi_pariwisata": 1, "poi_perdagangan": 0, "poi_transportasi": 0, "penduduk": 1239, "volume_mean": 1479.6564783670583, "norm_volume": 64.896, "norm_poi": 56.6875, "norm_penduduk": 54.4471, "skor_total_ahp": 60.7446, "ranking": 25, "klasifikasi_potensi": "Sangat Tinggi" }, "geometry": { "type": "Polygon", "coordinates": [ [ [ 110.374675382855472, -7.788008274158229 ], [ 110.373105877193851, -7.787101444095667 ], [ 110.371533682749217, -7.788003628367181 ], [ 110.371530986261533, -7.789812647858048 ], [ 110.373100497696043, -7.790719484170785 ], [ 110.374672699845377, -7.789817294741121 ], [ 110.374675382855472, -7.788008274158229 ] ] ] } },
{ "type": "Feature", "properties": { "hex_id": 290, "luas_km2": 0.1039, "poi_total": 12, "poi_kuliner": 4, "poi_peribadatan": 2, "poi_kesehatan": 4, "poi_pendidikan": 1, "poi_perkantoran": 1, "poi_pariwisata": 0, "poi_perdagangan": 0, "poi_transportasi": 0, "penduduk": 1665, "volume_mean": 1410.1810703326873, "norm_volume": 60.987, "norm_poi": 38.125, "norm_penduduk": 72.8235, "skor_total_ahp": 56.1297, "ranking": 40, "klasifikasi_potensi": "Sangat Tinggi" }, "geometry": { "type": "Polygon", "coordinates": [ [ [ 110.37781708488869, -7.788012896670429 ], [ 110.376247571527202, -7.78710607770266 ], [ 110.374675382855486, -7.788008274158229 ], [ 110.374672699845377, -7.789817294741121 ], [ 110.376242218984601, -7.790724119956352 ], [ 110.377814415356198, -7.789821918339869 ], [ 110.37781708488869, -7.788012896670429 ] ] ] } },
{ "type": "Feature", "properties": { "hex_id": 291, "luas_km2": 0.1039, "poi_total": 7, "poi_kuliner": 4, "poi_peribadatan": 2, "poi_kesehatan": 0, "poi_pendidikan": 0, "poi_perkantoran": 1, "poi_pariwisata": 0, "poi_perdagangan": 0, "poi_transportasi": 0, "penduduk": 1197, "volume_mean": 1294.6991210782096, "norm_volume": 54.4894, "norm_poi": 22.6562, "norm_penduduk": 52.6353, "skor_total_ahp": 44.723, "ranking": 89, "klasifikasi_potensi": "Tinggi" }, "geometry": { "type": "Polygon", "coordinates": [ [ [ 110.38095878883918, -7.788017495903703 ], [ 110.379389267782642, -7.787110688033501 ], [ 110.37781708488869, -7.788012896670429 ], [ 110.377814415356212, -7.789821918339869 ], [ 110.379383942195332, -7.790728732454822 ], [ 110.380956132784362, -7.789826518654221 ], [ 110.38095878883918, -7.788017495903703 ] ] ] } },
{ "type": "Feature", "properties": { "hex_id": 292, "luas_km2": 0.1039, "poi_total": 4, "poi_kuliner": 1, "poi_peribadatan": 3, "poi_kesehatan": 0, "poi_pendidikan": 0, "poi_perkantoran": 0, "poi_pariwisata": 0, "poi_perdagangan": 0, "poi_transportasi": 0, "penduduk": 1108, "volume_mean": 1163.7628252838035, "norm_volume": 47.1222, "norm_poi": 13.375, "norm_penduduk": 48.7961, "skor_total_ahp": 37.3647, "ranking": 126, "klasifikasi_potensi": "Tinggi" }, "geometry": { "type": "Polygon", "coordinates": [ [ [ 110.38410049469725, -7.78802207185799 ], [ 110.382530965950508, -7.787115275088121 ], [ 110.38095878883918, -7.788017495903703 ], [ 110.380956132784362, -7.789826518654221 ], [ 110.382525667318561, -7.790733321666127 ], [ 110.384097852120135, -7.789831095684114 ], [ 110.38410049469725, -7.78802207185799 ] ] ] } },
{ "type": "Feature", "properties": { "hex_id": 293, "luas_km2": 0.1039, "poi_total": 5, "poi_kuliner": 1, "poi_peribadatan": 2, "poi_kesehatan": 1, "poi_pendidikan": 1, "poi_perkantoran": 0, "poi_pariwisata": 0, "poi_perdagangan": 0, "poi_transportasi": 0, "penduduk": 1108, "volume_mean": 1056.599994156787, "norm_volume": 41.0927, "norm_poi": 16.4688, "norm_penduduk": 48.7961, "skor_total_ahp": 35.0347, "ranking": 145, "klasifikasi_potensi": "Tinggi" }, "geometry": { "type": "Polygon", "coordinates": [ [ [ 110.387242202453237, -7.788026624533217 ], [ 110.385672666021094, -7.787119838866453 ], [ 110.38410049469725, -7.78802207185799 ], [ 110.384097852120135, -7.789831095684114 ], [ 110.385667394344608, -7.790737887590201 ], [ 110.387239573353881, -7.789835649429476 ], [ 110.387242202453237, -7.788026624533217 ] ] ] } },
{ "type": "Feature", "properties": { "hex_id": 294, "luas_km2": 0.1039, "poi_total": 9, "poi_kuliner": 2, "poi_peribadatan": 2, "poi_kesehatan": 1, "poi_pendidikan": 1, "poi_perkantoran": 2, "poi_pariwisata": 1, "poi_perdagangan": 0, "poi_transportasi": 0, "penduduk": 1108, "volume_mean": 970.72753752280335, "norm_volume": 36.261, "norm_poi": 28.8438, "norm_penduduk": 48.7961, "skor_total_ahp": 36.1092, "ranking": 135, "klasifikasi_potensi": "Tinggi" }, "geometry": { "type": "Polygon", "coordinates": [ [ [ 110.390383912097448, -7.788031153929317 ], [ 110.388814367984736, -7.78712437936843 ], [ 110.387242202453237, -7.788026624533217 ], [ 110.387239573353881, -7.789835649429476 ], [ 110.388809123263769, -7.790742430226977 ], [ 110.390381296475866, -7.789840179890241 ], [ 110.390383912097448, -7.788031153929317 ] ] ] } },
{ "type": "Feature", "properties": { "hex_id": 295, "luas_km2": 0.1039, "poi_total": 8, "poi_kuliner": 4, "poi_peribadatan": 1, "poi_kesehatan": 0, "poi_pendidikan": 1, "poi_perkantoran": 1, "poi_pariwisata": 0, "poi_perdagangan": 1, "poi_transportasi": 0, "penduduk": 1108, "volume_mean": 912.96068617412379, "norm_volume": 33.0108, "norm_poi": 25.75, "norm_penduduk": 48.7961, "skor_total_ahp": 33.4378, "ranking": 162, "klasifikasi_potensi": "Sedang" }, "geometry": { "type": "Polygon", "coordinates": [ [ [ 110.393525623620235, -7.788035660046225 ], [ 110.391956071831743, -7.787128896593984 ], [ 110.390383912097448, -7.788031153929317 ], [ 110.390381296475866, -7.789840179890241 ], [ 110.391950854066408, -7.790746949576386 ], [ 110.393523021476469, -7.789844687066338 ], [ 110.393525623620235, -7.788035660046225 ] ] ] } },
{ "type": "Feature", "properties": { "hex_id": 296, "luas_km2": 0.1039, "poi_total": 6, "poi_kuliner": 2, "poi_peribadatan": 1, "poi_kesehatan": 3, "poi_pendidikan": 0, "poi_perkantoran": 0, "poi_pariwisata": 0, "poi_perdagangan": 0, "poi_transportasi": 0, "penduduk": 823, "volume_mean": 914.18011521260451, "norm_volume": 33.0794, "norm_poi": 19.5625, "norm_penduduk": 36.502, "skor_total_ahp": 29.6219, "ranking": 197, "klasifikasi_potensi": "Sedang" }, "geometry": { "type": "Polygon", "coordinates": [ [ [ 110.396667337011877, -7.788040142883871 ], [ 110.395097777552465, -7.787133390543045 ], [ 110.393525623620235, -7.788035660046225 ], [ 110.393523021476469, -7.789844687066338 ], [ 110.395092586742791, -7.790751445638357 ], [ 110.39666474834597, -7.789849170957702 ], [ 110.396667337011877, -7.788040142883871 ] ] ] } },
{ "type": "Feature", "properties": { "hex_id": 297, "luas_km2": 0.1039, "poi_total": 1, "poi_kuliner": 0, "poi_peribadatan": 0, "poi_kesehatan": 0, "poi_pendidikan": 1, "poi_perkantoran": 0, "poi_pariwisata": 0, "poi_perdagangan": 0, "poi_transportasi": 0, "penduduk": 111, "volume_mean": 912.96889165209609, "norm_volume": 33.0112, "norm_poi": 4.0938, "norm_penduduk": 5.7882, "skor_total_ahp": 19.9567, "ranking": 291, "klasifikasi_potensi": "Rendah" }, "geometry": { "type": "Polygon", "coordinates": [ [ [ 110.399809052262725, -7.788044602442191 ], [ 110.398239485137182, -7.787137861215547 ], [ 110.396667337011877, -7.788040142883871 ], [ 110.39666474834597, -7.789849170957702 ], [ 110.398234321283283, -7.790755918412821 ], [ 110.399806477074719, -7.789853631564267 ], [ 110.399809052262725, -7.788044602442191 ] ] ] } },
{ "type": "Feature", "properties": { "hex_id": 298, "luas_km2": 0.1039, "poi_total": 0, "poi_kuliner": 0, "poi_peribadatan": 0, "poi_kesehatan": 0, "poi_pendidikan": 0, "poi_perkantoran": 0, "poi_pariwisata": 0, "poi_perdagangan": 0, "poi_transportasi": 0, "penduduk": 314, "volume_mean": 1203.7930882952639, "norm_volume": 49.3745, "norm_poi": 1.0, "norm_penduduk": 14.5451, "skor_total_ahp": 29.2904, "ranking": 202, "klasifikasi_potensi": "Sedang" }, "geometry": { "type": "Polygon", "coordinates": [ [ [ 110.351116854583196, -7.785259344628501 ], [ 110.349547416427953, -7.784352432175821 ], [ 110.347975189447467, -7.785254525947868 ], [ 110.347972392883818, -7.787063537306675 ], [ 110.349541836773113, -7.787970456027844 ], [ 110.351114071491992, -7.787068357120353 ], [ 110.351116854583196, -7.785259344628501 ] ] ] } },
{ "type": "Feature", "properties": { "hex_id": 299, "luas_km2": 0.1039, "poi_total": 9, "poi_kuliner": 2, "poi_peribadatan": 2, "poi_kesehatan": 0, "poi_pendidikan": 2, "poi_perkantoran": 2, "poi_pariwisata": 1, "poi_perdagangan": 0, "poi_transportasi": 0, "penduduk": 1313, "volume_mean": 1256.9165576420364, "norm_volume": 52.3635, "norm_poi": 28.8438, "norm_penduduk": 57.6392, "skor_total_ahp": 46.2361, "ranking": 81, "klasifikasi_potensi": "Tinggi" }, "geometry": { "type": "Polygon", "coordinates": [ [ [ 110.354258521718407, -7.785264140039015 ], [ 110.352689075829616, -7.78435723865625 ], [ 110.351116854583196, -7.785259344628501 ], [ 110.351114071491992, -7.787068357120353 ], [ 110.35268352311968, -7.787975264768898 ], [ 110.354255752099689, -7.787073153658445 ], [ 110.354258521718407, -7.785264140039015 ] ] ] } },
{ "type": "Feature", "properties": { "hex_id": 300, "luas_km2": 0.1039, "poi_total": 12, "poi_kuliner": 0, "poi_peribadatan": 4, "poi_kesehatan": 1, "poi_pendidikan": 5, "poi_perkantoran": 1, "poi_pariwisata": 1, "poi_perdagangan": 0, "poi_transportasi": 0, "penduduk": 1510, "volume_mean": 1351.6565404104847, "norm_volume": 57.6941, "norm_poi": 38.125, "norm_penduduk": 66.1373, "skor_total_ahp": 53.2598, "ranking": 55, "klasifikasi_potensi": "Sangat Tinggi" }, "geometry": { "type": "Polygon", "coordinates": [ [ [ 110.357400190843421, -7.785268912179345 ], [ 110.355830737225915, -7.784362021869269 ], [ 110.354258521718407, -7.785264140039015 ], [ 110.354255752099689, -7.787073153658445 ], [ 110.355825211460953, -7.787980050231592 ], [ 110.357397434697219, -7.787077926920877 ], [ 110.357400190843421, -7.785268912179345 ] ] ] } },
{ "type": "Feature", "properties": { "hex_id": 301, "luas_km2": 0.1039, "poi_total": 14, "poi_kuliner": 5, "poi_peribadatan": 1, "poi_kesehatan": 3, "poi_pendidikan": 2, "poi_perkantoran": 2, "poi_pariwisata": 1, "poi_perdagangan": 0, "poi_transportasi": 0, "penduduk": 1580, "volume_mean": 1413.0745994135652, "norm_volume": 61.1498, "norm_poi": 44.3125, "norm_penduduk": 69.1569, "skor_total_ahp": 57.4562, "ranking": 34, "klasifikasi_potensi": "Sangat Tinggi" }, "geometry": { "type": "Polygon", "coordinates": [ [ [ 110.360541861948576, -7.785273661049416 ], [ 110.358972400607144, -7.784366781814797 ], [ 110.357400190843435, -7.785268912179345 ], [ 110.357397434697219, -7.787077926920877 ], [ 110.358966901787269, -7.787984812415853 ], [ 110.360539119274918, -7.787082676907579 ], [ 110.360541861948576, -7.785273661049416 ] ] ] } },
{ "type": "Feature", "properties": { "hex_id": 302, "luas_km2": 0.1039, "poi_total": 10, "poi_kuliner": 1, "poi_peribadatan": 2, "poi_kesehatan": 1, "poi_pendidikan": 3, "poi_perkantoran": 3, "poi_pariwisata": 0, "poi_perdagangan": 0, "poi_transportasi": 0, "penduduk": 1592, "volume_mean": 1464.5700737251029, "norm_volume": 64.0472, "norm_poi": 31.9375, "norm_penduduk": 69.6745, "skor_total_ahp": 55.424, "ranking": 46, "klasifikasi_potensi": "Sangat Tinggi" }, "geometry": { "type": "Polygon", "coordinates": [ [ [ 110.36368353502418, -7.785278386649154 ], [ 110.362114065963652, -7.784371518492767 ], [ 110.360541861948576, -7.785273661049416 ], [ 110.360539119274932, -7.787082676907579 ], [ 110.362108594088937, -7.787989551321614 ], [ 110.363680805823122, -7.787087403618481 ], [ 110.36368353502418, -7.785278386649154 ] ] ] } },
{ "type": "Feature", "properties": { "hex_id": 303, "luas_km2": 0.1039, "poi_total": 16, "poi_kuliner": 7, "poi_peribadatan": 1, "poi_kesehatan": 3, "poi_pendidikan": 3, "poi_perkantoran": 2, "poi_pariwisata": 0, "poi_perdagangan": 0, "poi_transportasi": 0, "penduduk": 1604, "volume_mean": 1571.0359960470989, "norm_volume": 70.0375, "norm_poi": 50.5, "norm_penduduk": 70.1922, "skor_total_ahp": 64.2552, "ranking": 16, "klasifikasi_potensi": "Sangat Tinggi" }, "geometry": { "type": "Polygon", "coordinates": [ [ [ 110.36682521006054, -7.785283088978496 ], [ 110.36525573328575, -7.784376231903109 ], [ 110.36368353502418, -7.785278386649154 ], [ 110.363680805823122, -7.787087403618481 ], [ 110.365250288356265, -7.787994266948803 ], [ 110.366822494332126, -7.787092107053508 ], [ 110.36682521006054, -7.785283088978496 ] ] ] } },
{ "type": "Feature", "properties": { "hex_id": 304, "luas_km2": 0.1039, "poi_total": 19, "poi_kuliner": 6, "poi_peribadatan": 6, "poi_kesehatan": 0, "poi_pendidikan": 6, "poi_perkantoran": 0, "poi_pariwisata": 1, "poi_perdagangan": 0, "poi_transportasi": 0, "penduduk": 1392, "volume_mean": 1562.6993015242456, "norm_volume": 69.5685, "norm_poi": 59.7812, "norm_penduduk": 61.0471, "skor_total_ahp": 65.2635, "ranking": 9, "klasifikasi_potensi": "Sangat Tinggi" }, "geometry": { "type": "Polygon", "coordinates": [ [ [ 110.369966887047994, -7.785287768037366 ], [ 110.368397402563744, -7.784380922045749 ], [ 110.36682521006054, -7.785283088978496 ], [ 110.366822494332126, -7.787092107053508 ], [ 110.368391984579588, -7.787998959297349 ], [ 110.369964184792266, -7.787096787212595 ], [ 110.369966887047994, -7.785287768037366 ] ] ] } },
{ "type": "Feature", "properties": { "hex_id": 305, "luas_km2": 0.1039, "poi_total": 6, "poi_kuliner": 4, "poi_peribadatan": 0, "poi_kesehatan": 1, "poi_pendidikan": 1, "poi_perkantoran": 0, "poi_pariwisata": 0, "poi_perdagangan": 0, "poi_transportasi": 0, "penduduk": 1108, "volume_mean": 1494.69251435044, "norm_volume": 65.7421, "norm_poi": 19.5625, "norm_penduduk": 48.7961, "skor_total_ahp": 49.2394, "ranking": 71, "klasifikasi_potensi": "Sangat Tinggi" }, "geometry": { "type": "Polygon", "coordinates": [ [ [ 110.37310856597685, -7.785292423825695 ], [ 110.371539073787957, -7.784385588920621 ], [ 110.369966887047994, -7.785287768037366 ], [ 110.369964184792266, -7.787096787212595 ], [ 110.371533682749217, -7.788003628367181 ], [ 110.373105877193851, -7.787101444095667 ], [ 110.37310856597685, -7.785292423825695 ] ] ] } },
{ "type": "Feature", "properties": { "hex_id": 306, "luas_km2": 0.1039, "poi_total": 22, "poi_kuliner": 8, "poi_peribadatan": 2, "poi_kesehatan": 4, "poi_pendidikan": 7, "poi_perkantoran": 0, "poi_pariwisata": 1, "poi_perdagangan": 0, "poi_transportasi": 0, "penduduk": 1108, "volume_mean": 1537.4454860181752, "norm_volume": 68.1476, "norm_poi": 69.0625, "norm_penduduk": 48.7961, "skor_total_ahp": 65.2501, "ranking": 10, "klasifikasi_potensi": "Sangat Tinggi" }, "geometry": { "type": "Polygon", "coordinates": [ [ [ 110.376250246837444, -7.785297056343413 ], [ 110.374680746948741, -7.784390232527652 ], [ 110.373108565976864, -7.785292423825695 ], [ 110.373105877193851, -7.787101444095667 ], [ 110.374675382855472, -7.788008274158229 ], [ 110.376247571527202, -7.78710607770266 ], [ 110.376250246837444, -7.785297056343413 ] ] ] } },
{ "type": "Feature", "properties": { "hex_id": 307, "luas_km2": 0.1039, "poi_total": 11, "poi_kuliner": 2, "poi_peribadatan": 1, "poi_kesehatan": 6, "poi_pendidikan": 1, "poi_perkantoran": 1, "poi_pariwisata": 0, "poi_perdagangan": 0, "poi_transportasi": 0, "penduduk": 1108, "volume_mean": 1354.6537816513703, "norm_volume": 57.8627, "norm_poi": 35.0312, "norm_penduduk": 48.7961, "skor_total_ahp": 49.5909, "ranking": 69, "klasifikasi_potensi": "Sangat Tinggi" }, "geometry": { "type": "Polygon", "coordinates": [ [ [ 110.379391929620098, -7.785301665590454 ], [ 110.377822422036374, -7.784394852866774 ], [ 110.376250246837444, -7.785297056343413 ], [ 110.376247571527202, -7.78710607770266 ], [ 110.37781708488869, -7.788012896670429 ], [ 110.379389267782642, -7.787110688033501 ], [ 110.379391929620098, -7.785301665590454 ] ] ] } },
{ "type": "Feature", "properties": { "hex_id": 308, "luas_km2": 0.1039, "poi_total": 9, "poi_kuliner": 5, "poi_peribadatan": 3, "poi_kesehatan": 0, "poi_pendidikan": 1, "poi_perkantoran": 0, "poi_pariwisata": 0, "poi_perdagangan": 0, "poi_transportasi": 0, "penduduk": 1108, "volume_mean": 1249.2755432517665, "norm_volume": 51.9336, "norm_poi": 28.8438, "norm_penduduk": 48.7961, "skor_total_ahp": 44.5561, "ranking": 91, "klasifikasi_potensi": "Tinggi" }, "geometry": { "type": "Polygon", "coordinates": [ [ [ 110.382533614315093, -7.785306251566747 ], [ 110.380964099041222, -7.78439944993792 ], [ 110.379391929620098, -7.785301665590454 ], [ 110.379389267782642, -7.787110688033501 ], [ 110.38095878883918, -7.788017495903703 ], [ 110.382530965950508, -7.787115275088121 ], [ 110.382533614315093, -7.785306251566747 ] ] ] } },
{ "type": "Feature", "properties": { "hex_id": 309, "luas_km2": 0.1039, "poi_total": 4, "poi_kuliner": 1, "poi_peribadatan": 0, "poi_kesehatan": 1, "poi_pendidikan": 2, "poi_perkantoran": 0, "poi_pariwisata": 0, "poi_perdagangan": 0, "poi_transportasi": 0, "penduduk": 1108, "volume_mean": 1129.4528468501283, "norm_volume": 45.1917, "norm_poi": 13.375, "norm_penduduk": 48.7961, "skor_total_ahp": 36.3243, "ranking": 131, "klasifikasi_potensi": "Tinggi" }, "geometry": { "type": "Polygon", "coordinates": [ [ [ 110.385675300912794, -7.785310814272221 ], [ 110.384105777953579, -7.784404023741021 ], [ 110.382533614315093, -7.785306251566747 ], [ 110.382530965950508, -7.787115275088121 ], [ 110.38410049469725, -7.78802207185799 ], [ 110.385672666021094, -7.787119838866453 ], [ 110.385675300912794, -7.785310814272221 ] ] ] } },
{ "type": "Feature", "properties": { "hex_id": 310, "luas_km2": 0.1039, "poi_total": 11, "poi_kuliner": 3, "poi_peribadatan": 2, "poi_kesehatan": 2, "poi_pendidikan": 2, "poi_perkantoran": 1, "poi_pariwisata": 1, "poi_perdagangan": 0, "poi_transportasi": 0, "penduduk": 1108, "volume_mean": 1038.9357003570362, "norm_volume": 40.0988, "norm_poi": 35.0312, "norm_penduduk": 48.7961, "skor_total_ahp": 40.0169, "ranking": 107, "klasifikasi_potensi": "Tinggi" }, "geometry": { "type": "Polygon", "coordinates": [ [ [ 110.388816989403537, -7.785315353706812 ], [ 110.387247458763753, -7.784408574276004 ], [ 110.385675300912808, -7.785310814272221 ], [ 110.385672666021094, -7.787119838866453 ], [ 110.387242202453237, -7.788026624533217 ], [ 110.388814367984736, -7.78712437936843 ], [ 110.388816989403537, -7.785315353706812 ] ] ] } },
{ "type": "Feature", "properties": { "hex_id": 311, "luas_km2": 0.1039, "poi_total": 5, "poi_kuliner": 2, "poi_peribadatan": 2, "poi_kesehatan": 0, "poi_pendidikan": 0, "poi_perkantoran": 1, "poi_pariwisata": 0, "poi_perdagangan": 0, "poi_transportasi": 0, "penduduk": 1108, "volume_mean": 994.38047796449257, "norm_volume": 37.5919, "norm_poi": 16.4688, "norm_penduduk": 48.7961, "skor_total_ahp": 33.1479, "ranking": 163, "klasifikasi_potensi": "Sedang" }, "geometry": { "type": "Polygon", "coordinates": [ [ [ 110.391958679777588, -7.785319869870452 ], [ 110.39038914146208, -7.784413101542805 ], [ 110.388816989403537, -7.785315353706812 ], [ 110.388814367984736, -7.78712437936843 ], [ 110.390383912097448, -7.788031153929317 ], [ 110.391956071831743, -7.787128896593984 ], [ 110.391958679777588, -7.785319869870452 ] ] ] } },
{ "type": "Feature", "properties": { "hex_id": 312, "luas_km2": 0.1039, "poi_total": 2, "poi_kuliner": 0, "poi_peribadatan": 1, "poi_kesehatan": 0, "poi_pendidikan": 1, "poi_perkantoran": 0, "poi_pariwisata": 0, "poi_perdagangan": 0, "poi_transportasi": 0, "penduduk": 425, "volume_mean": 968.72735059215768, "norm_volume": 36.1485, "norm_poi": 7.1875, "norm_penduduk": 19.3333, "skor_total_ahp": 24.7856, "ranking": 241, "klasifikasi_potensi": "Rendah" }, "geometry": { "type": "Polygon", "coordinates": [ [ [ 110.395100372025283, -7.785324362763069 ], [ 110.393530826038898, -7.784417605541356 ], [ 110.391958679777588, -7.785319869870452 ], [ 110.391956071831743, -7.787128896593984 ], [ 110.393525623620235, -7.788035660046225 ], [ 110.395097777552465, -7.787133390543045 ], [ 110.395100372025283, -7.785324362763069 ] ] ] } },
{ "type": "Feature", "properties": { "hex_id": 313, "luas_km2": 0.1039, "poi_total": 1, "poi_kuliner": 0, "poi_peribadatan": 1, "poi_kesehatan": 0, "poi_pendidikan": 0, "poi_perkantoran": 0, "poi_pariwisata": 0, "poi_perdagangan": 0, "poi_transportasi": 0, "penduduk": 935, "volume_mean": 1291.3172829791999, "norm_volume": 54.2991, "norm_poi": 4.0938, "norm_penduduk": 41.3333, "skor_total_ahp": 37.2516, "ranking": 127, "klasifikasi_potensi": "Tinggi" }, "geometry": { "type": "Polygon", "coordinates": [ [ [ 110.352691851187274, -7.782548225367512 ], [ 110.351122418766124, -7.781641319179948 ], [ 110.349550205253223, -7.782543420017376 ], [ 110.349547416427953, -7.784352432175821 ], [ 110.351116854583196, -7.785259344628501 ], [ 110.352689075829616, -7.78435723865625 ], [ 110.352691851187274, -7.782548225367512 ] ] ] } },
{ "type": "Feature", "properties": { "hex_id": 314, "luas_km2": 0.1039, "poi_total": 7, "poi_kuliner": 0, "poi_peribadatan": 0, "poi_kesehatan": 2, "poi_pendidikan": 3, "poi_perkantoran": 2, "poi_pariwisata": 0, "poi_perdagangan": 0, "poi_transportasi": 0, "penduduk": 1313, "volume_mean": 1406.1735313978108, "norm_volume": 60.7615, "norm_poi": 22.6562, "norm_penduduk": 57.6392, "skor_total_ahp": 48.923, "ranking": 72, "klasifikasi_potensi": "Sangat Tinggi" }, "geometry": { "type": "Polygon", "coordinates": [ [ [ 110.355833499115917, -7.782553007455701 ], [ 110.354264058966066, -7.781646112335344 ], [ 110.352691851187274, -7.782548225367512 ], [ 110.352689075829616, -7.78435723865625 ], [ 110.354258521718407, -7.785264140039015 ], [ 110.355830737225915, -7.784362021869269 ], [ 110.355833499115917, -7.782553007455701 ] ] ] } },
{ "type": "Feature", "properties": { "hex_id": 315, "luas_km2": 0.1039, "poi_total": 15, "poi_kuliner": 3, "poi_peribadatan": 4, "poi_kesehatan": 1, "poi_pendidikan": 2, "poi_perkantoran": 2, "poi_pariwisata": 2, "poi_perdagangan": 1, "poi_transportasi": 0, "penduduk": 1513, "volume_mean": 1574.3027857812003, "norm_volume": 70.2213, "norm_poi": 47.4062, "norm_penduduk": 66.2667, "skor_total_ahp": 62.7917, "ranking": 19, "klasifikasi_potensi": "Sangat Tinggi" }, "geometry": { "type": "Polygon", "coordinates": [ [ [ 110.358975149029462, -7.782557766281875 ], [ 110.357405701155741, -7.781650882231494 ], [ 110.355833499115917, -7.782553007455701 ], [ 110.355830737225915, -7.784362021869269 ], [ 110.357400190843435, -7.785268912179345 ], [ 110.358972400607144, -7.784366781814797 ], [ 110.358975149029462, -7.782557766281875 ] ] ] } },
{ "type": "Feature", "properties": { "hex_id": 316, "luas_km2": 0.1039, "poi_total": 14, "poi_kuliner": 6, "poi_peribadatan": 3, "poi_kesehatan": 2, "poi_pendidikan": 2, "poi_perkantoran": 1, "poi_pariwisata": 0, "poi_perdagangan": 0, "poi_transportasi": 0, "penduduk": 1580, "volume_mean": 1545.5118505322455, "norm_volume": 68.6014, "norm_poi": 44.3125, "norm_penduduk": 69.1569, "skor_total_ahp": 61.4723, "ranking": 23, "klasifikasi_potensi": "Sangat Tinggi" }, "geometry": { "type": "Polygon", "coordinates": [ [ [ 110.362116800918216, -7.782562501845965 ], [ 110.360547345325443, -7.78165562886833 ], [ 110.358975149029462, -7.782557766281875 ], [ 110.358972400607158, -7.784366781814797 ], [ 110.360541861948576, -7.785273661049416 ], [ 110.362114065963652, -7.784371518492767 ], [ 110.362116800918216, -7.782562501845965 ] ] ] } },
{ "type": "Feature", "properties": { "hex_id": 317, "luas_km2": 0.1039, "poi_total": 23, "poi_kuliner": 8, "poi_peribadatan": 2, "poi_kesehatan": 12, "poi_pendidikan": 1, "poi_perkantoran": 0, "poi_pariwisata": 0, "poi_perdagangan": 0, "poi_transportasi": 0, "penduduk": 1580, "volume_mean": 1658.6996527075921, "norm_volume": 74.97, "norm_poi": 72.1562, "norm_penduduk": 69.1569, "skor_total_ahp": 73.1815, "ranking": 5, "klasifikasi_potensi": "Sangat Tinggi" }, "geometry": { "type": "Polygon", "coordinates": [ [ [ 110.365258454772516, -7.782567214147893 ], [ 110.363688991465523, -7.781660352245776 ], [ 110.362116800918216, -7.782562501845965 ], [ 110.362114065963652, -7.784371518492767 ], [ 110.36368353502418, -7.785278386649154 ], [ 110.36525573328575, -7.784376231903109 ], [ 110.365258454772516, -7.782567214147893 ] ] ] } },
{ "type": "Feature", "properties": { "hex_id": 318, "luas_km2": 0.1039, "poi_total": 25, "poi_kuliner": 13, "poi_peribadatan": 2, "poi_kesehatan": 6, "poi_pendidikan": 1, "poi_perkantoran": 1, "poi_pariwisata": 0, "poi_perdagangan": 2, "poi_transportasi": 0, "penduduk": 1580, "volume_mean": 2103.5573281349457, "norm_volume": 100.0, "norm_poi": 78.3438, "norm_penduduk": 69.1569, "skor_total_ahp": 88.511, "ranking": 1, "klasifikasi_potensi": "Sangat Tinggi" }, "geometry": { "type": "Polygon", "coordinates": [ [ [ 110.368400110582698, -7.782571903187597 ], [ 110.366830639566288, -7.781665052363769 ], [ 110.365258454772516, -7.782567214147893 ], [ 110.36525573328575, -7.784376231903109 ], [ 110.36682521006054, -7.785283088978496 ], [ 110.368397402563744, -7.784380922045749 ], [ 110.368400110582698, -7.782571903187597 ] ] ] } },
{ "type": "Feature", "properties": { "hex_id": 319, "luas_km2": 0.1039, "poi_total": 9, "poi_kuliner": 4, "poi_peribadatan": 2, "poi_kesehatan": 0, "poi_pendidikan": 2, "poi_perkantoran": 0, "poi_pariwisata": 1, "poi_perdagangan": 0, "poi_transportasi": 0, "penduduk": 1478, "volume_mean": 1613.0683723326254, "norm_volume": 72.4025, "norm_poi": 28.8438, "norm_penduduk": 64.7569, "skor_total_ahp": 58.2021, "ranking": 32, "klasifikasi_potensi": "Sangat Tinggi" }, "geometry": { "type": "Polygon", "coordinates": [ [ [ 110.371541768339071, -7.782576568965 ], [ 110.369972289618062, -7.781669729222232 ], [ 110.368400110582698, -7.782571903187597 ], [ 110.368397402563744, -7.784380922045749 ], [ 110.369966887047994, -7.785287768037366 ], [ 110.371539073787957, -7.784385588920621 ], [ 110.371541768339071, -7.782576568965 ] ] ] } },
{ "type": "Feature", "properties": { "hex_id": 320, "luas_km2": 0.1039, "poi_total": 24, "poi_kuliner": 9, "poi_peribadatan": 3, "poi_kesehatan": 8, "poi_pendidikan": 3, "poi_perkantoran": 1, "poi_pariwisata": 0, "poi_perdagangan": 0, "poi_transportasi": 0, "penduduk": 1108, "volume_mean": 1475.1091703550026, "norm_volume": 64.6402, "norm_poi": 75.25, "norm_penduduk": 48.7961, "skor_total_ahp": 65.1991, "ranking": 11, "klasifikasi_potensi": "Sangat Tinggi" }, "geometry": { "type": "Polygon", "coordinates": [ [ [ 110.374683428031929, -7.782581211480037 ], [ 110.373113941611152, -7.7816743828211 ], [ 110.371541768339071, -7.782576568965 ], [ 110.371539073787957, -7.784385588920621 ], [ 110.373108565976864, -7.785292423825695 ], [ 110.374680746948741, -7.784390232527652 ], [ 110.374683428031929, -7.782581211480037 ] ] ] } },
{ "type": "Feature", "properties": { "hex_id": 321, "luas_km2": 0.1039, "poi_total": 18, "poi_kuliner": 2, "poi_peribadatan": 0, "poi_kesehatan": 10, "poi_pendidikan": 3, "poi_perkantoran": 0, "poi_pariwisata": 3, "poi_perdagangan": 0, "poi_transportasi": 0, "penduduk": 1108, "volume_mean": 1353.7935243395737, "norm_volume": 57.8143, "norm_poi": 56.6875, "norm_penduduk": 48.7961, "skor_total_ahp": 56.0024, "ranking": 42, "klasifikasi_potensi": "Sangat Tinggi" }, "geometry": { "type": "Polygon", "coordinates": [ [ [ 110.377825089651637, -7.782585830732637 ], [ 110.376255595535895, -7.781679013160301 ], [ 110.374683428031929, -7.782581211480037 ], [ 110.374680746948741, -7.784390232527652 ], [ 110.376250246837444, -7.785297056343413 ], [ 110.377822422036374, -7.784394852866774 ], [ 110.377825089651637, -7.782585830732637 ] ] ] } },
{ "type": "Feature", "properties": { "hex_id": 322, "luas_km2": 0.1039, "poi_total": 15, "poi_kuliner": 7, "poi_peribadatan": 2, "poi_kesehatan": 5, "poi_pendidikan": 1, "poi_perkantoran": 0, "poi_pariwisata": 0, "poi_perdagangan": 0, "poi_transportasi": 0, "penduduk": 1108, "volume_mean": 1113.0452575683594, "norm_volume": 44.2686, "norm_poi": 47.4062, "norm_penduduk": 48.7961, "skor_total_ahp": 45.9428, "ranking": 84, "klasifikasi_potensi": "Tinggi" }, "geometry": { "type": "Polygon", "coordinates": [ [ [ 110.380966753188488, -7.782590426722731 ], [ 110.379397251382599, -7.781683620239765 ], [ 110.377825089651637, -7.782585830732637 ], [ 110.377822422036374, -7.784394852866774 ], [ 110.379391929620098, -7.785301665590454 ], [ 110.380964099041222, -7.78439944993792 ], [ 110.380966753188488, -7.782590426722731 ] ] ] } },
{ "type": "Feature", "properties": { "hex_id": 323, "luas_km2": 0.1039, "poi_total": 7, "poi_kuliner": 2, "poi_peribadatan": 2, "poi_kesehatan": 2, "poi_pendidikan": 1, "poi_perkantoran": 0, "poi_pariwisata": 0, "poi_perdagangan": 0, "poi_transportasi": 0, "penduduk": 1108, "volume_mean": 1148.2747946625545, "norm_volume": 46.2508, "norm_poi": 22.6562, "norm_penduduk": 48.7961, "skor_total_ahp": 39.654, "ranking": 111, "klasifikasi_potensi": "Tinggi" }, "geometry": { "type": "Polygon", "coordinates": [ [ [ 110.38410841863282, -7.78259499945025 ], [ 110.382538909141616, -7.781688204059426 ], [ 110.380966753188488, -7.782590426722731 ], [ 110.380964099041222, -7.78439944993792 ], [ 110.382533614315093, -7.785306251566747 ], [ 110.384105777953579, -7.784404023741021 ], [ 110.38410841863282, -7.78259499945025 ] ] ] } },
{ "type": "Feature", "properties": { "hex_id": 324, "luas_km2": 0.1039, "poi_total": 20, "poi_kuliner": 5, "poi_peribadatan": 2, "poi_kesehatan": 6, "poi_pendidikan": 3, "poi_perkantoran": 3, "poi_pariwisata": 1, "poi_perdagangan": 0, "poi_transportasi": 0, "penduduk": 1108, "volume_mean": 1048.2834726515848, "norm_volume": 40.6247, "norm_poi": 62.875, "norm_penduduk": 48.7961, "skor_total_ahp": 48.5771, "ranking": 74, "klasifikasi_potensi": "Sangat Tinggi" }, "geometry": { "type": "Polygon", "coordinates": [ [ [ 110.387250085974927, -7.782599548915124 ], [ 110.385680568803238, -7.781692764619212 ], [ 110.38410841863282, -7.78259499945025 ], [ 110.384105777953579, -7.784404023741021 ], [ 110.385675300912808, -7.785310814272221 ], [ 110.387247458763753, -7.784408574276004 ], [ 110.387250085974927, -7.782599548915124 ] ] ] } },
{ "type": "Feature", "properties": { "hex_id": 325, "luas_km2": 0.1039, "poi_total": 12, "poi_kuliner": 3, "poi_peribadatan": 1, "poi_kesehatan": 7, "poi_pendidikan": 0, "poi_perkantoran": 0, "poi_pariwisata": 1, "poi_perdagangan": 0, "poi_transportasi": 0, "penduduk": 1108, "volume_mean": 999.101079268847, "norm_volume": 37.8575, "norm_poi": 38.125, "norm_penduduk": 48.7961, "skor_total_ahp": 39.7285, "ranking": 109, "klasifikasi_potensi": "Tinggi" }, "geometry": { "type": "Polygon", "coordinates": [ [ [ 110.390391755205144, -7.782604075117289 ], [ 110.388822230357775, -7.781697301919058 ], [ 110.387250085974927, -7.782599548915124 ], [ 110.387247458763753, -7.784408574276004 ], [ 110.388816989403537, -7.785315353706812 ], [ 110.39038914146208, -7.784413101542805 ], [ 110.390391755205144, -7.782604075117289 ] ] ] } },
{ "type": "Feature", "properties": { "hex_id": 326, "luas_km2": 0.1039, "poi_total": 10, "poi_kuliner": 5, "poi_peribadatan": 1, "poi_kesehatan": 1, "poi_pendidikan": 1, "poi_perkantoran": 0, "poi_pariwisata": 2, "poi_perdagangan": 0, "poi_transportasi": 0, "penduduk": 488, "volume_mean": 997.18276901779325, "norm_volume": 37.7495, "norm_poi": 31.9375, "norm_penduduk": 22.051, "skor_total_ahp": 33.4507, "ranking": 161, "klasifikasi_potensi": "Sedang" }, "geometry": { "type": "Polygon", "coordinates": [ [ [ 110.393533426313823, -7.782608578056676 ], [ 110.391963893795591, -7.781701815958894 ], [ 110.390391755205144, -7.782604075117289 ], [ 110.39038914146208, -7.784413101542805 ], [ 110.391958679777588, -7.785319869870452 ], [ 110.393530826038898, -7.784417605541356 ], [ 110.393533426313823, -7.782608578056676 ] ] ] } },
{ "type": "Feature", "properties": { "hex_id": 327, "luas_km2": 0.1039, "poi_total": 0, "poi_kuliner": 0, "poi_peribadatan": 0, "poi_kesehatan": 0, "poi_pendidikan": 0, "poi_perkantoran": 0, "poi_pariwisata": 0, "poi_perdagangan": 0, "poi_transportasi": 0, "penduduk": 18, "volume_mean": 1287.126823163911, "norm_volume": 54.0633, "norm_poi": 1.0, "norm_penduduk": 1.7765, "skor_total_ahp": 29.7262, "ranking": 195, "klasifikasi_potensi": "Sedang" }, "geometry": { "type": "Polygon", "coordinates": [ [ [ 110.351125199857876, -7.779832306223325 ], [ 110.349555780899507, -7.778925395235783 ], [ 110.347983575120097, -7.779827490941775 ], [ 110.347980780565578, -7.78163650276538 ], [ 110.349550205253223, -7.782543420017376 ], [ 110.351122418766124, -7.781641319179948 ], [ 110.351125199857876, -7.779832306223325 ] ] ] } },
{ "type": "Feature", "properties": { "hex_id": 328, "luas_km2": 0.1039, "poi_total": 17, "poi_kuliner": 7, "poi_peribadatan": 4, "poi_kesehatan": 5, "poi_pendidikan": 1, "poi_perkantoran": 0, "poi_pariwisata": 0, "poi_perdagangan": 0, "poi_transportasi": 0, "penduduk": 1274, "volume_mean": 1377.8488090413152, "norm_volume": 59.1678, "norm_poi": 53.5938, "norm_penduduk": 55.9569, "skor_total_ahp": 56.985, "ranking": 35, "klasifikasi_potensi": "Sangat Tinggi" }, "geometry": { "type": "Polygon", "coordinates": [ [ [ 110.354266826595037, -7.779837098251172 ], [ 110.352697399908024, -7.778930198325352 ], [ 110.35112519985789, -7.779832306223325 ], [ 110.351122418766124, -7.781641319179948 ], [ 110.352691851187274, -7.782548225367512 ], [ 110.354264058966066, -7.781646112335344 ], [ 110.354266826595037, -7.779837098251172 ] ] ] } },
{ "type": "Feature", "properties": { "hex_id": 329, "luas_km2": 0.1039, "poi_total": 12, "poi_kuliner": 3, "poi_peribadatan": 2, "poi_kesehatan": 1, "poi_pendidikan": 1, "poi_perkantoran": 5, "poi_pariwisata": 0, "poi_perdagangan": 0, "poi_transportasi": 0, "penduduk": 1313, "volume_mean": 1515.3349297487721, "norm_volume": 66.9035, "norm_poi": 38.125, "norm_penduduk": 57.6392, "skor_total_ahp": 56.8315, "ranking": 36, "klasifikasi_potensi": "Sangat Tinggi" }, "geometry": { "type": "Polygon", "coordinates": [ [ [ 110.357408455321874, -7.779841867025248 ], [ 110.35583902091102, -7.77893497816392 ], [ 110.354266826595037, -7.779837098251172 ], [ 110.354264058966066, -7.781646112335344 ], [ 110.355833499115917, -7.782553007455701 ], [ 110.357405701155727, -7.781650882231494 ], [ 110.357408455321874, -7.779841867025248 ] ] ] } },
{ "type": "Feature", "properties": { "hex_id": 330, "luas_km2": 0.1039, "poi_total": 6, "poi_kuliner": 0, "poi_peribadatan": 4, "poi_kesehatan": 0, "poi_pendidikan": 0, "poi_perkantoran": 2, "poi_pariwisata": 0, "poi_perdagangan": 0, "poi_transportasi": 0, "penduduk": 1476, "volume_mean": 1635.3921949641719, "norm_volume": 73.6586, "norm_poi": 19.5625, "norm_penduduk": 64.6706, "skor_total_ahp": 56.106, "ranking": 41, "klasifikasi_potensi": "Sangat Tinggi" }, "geometry": { "type": "Polygon", "coordinates": [ [ [ 110.360550086028709, -7.779846612545479 ], [ 110.358980643898832, -7.778939734751416 ], [ 110.357408455321874, -7.779841867025248 ], [ 110.357405701155741, -7.781650882231494 ], [ 110.358975149029462, -7.782557766281875 ], [ 110.360547345325443, -7.78165562886833 ], [ 110.360550086028709, -7.779846612545479 ] ] ] } },
{ "type": "Feature", "properties": { "hex_id": 331, "luas_km2": 0.1039, "poi_total": 12, "poi_kuliner": 4, "poi_peribadatan": 2, "poi_kesehatan": 6, "poi_pendidikan": 0, "poi_perkantoran": 0, "poi_pariwisata": 0, "poi_perdagangan": 0, "poi_transportasi": 0, "penduduk": 1505, "volume_mean": 1688.9499445436227, "norm_volume": 76.672, "norm_poi": 38.125, "norm_penduduk": 65.9216, "skor_total_ahp": 63.4529, "ranking": 17, "klasifikasi_potensi": "Sangat Tinggi" }, "geometry": { "type": "Polygon", "coordinates": [ [ [ 110.363691718705851, -7.779851334811795 ], [ 110.362122268861796, -7.778944468087769 ], [ 110.360550086028709, -7.779846612545479 ], [ 110.360547345325443, -7.78165562886833 ], [ 110.362116800918216, -7.782562501845965 ], [ 110.363688991465523, -7.781660352245776 ], [ 110.363691718705851, -7.779851334811795 ] ] ] } },
{ "type": "Feature", "properties": { "hex_id": 332, "luas_km2": 0.1039, "poi_total": 31, "poi_kuliner": 7, "poi_peribadatan": 6, "poi_kesehatan": 10, "poi_pendidikan": 5, "poi_perkantoran": 1, "poi_pariwisata": 2, "poi_perdagangan": 0, "poi_transportasi": 0, "penduduk": 1555, "volume_mean": 1778.6919437168056, "norm_volume": 81.7214, "norm_poi": 96.9062, "norm_penduduk": 68.0784, "skor_total_ahp": 84.0007, "ranking": 2, "klasifikasi_potensi": "Sangat Tinggi" }, "geometry": { "type": "Polygon", "coordinates": [ [ [ 110.366833353343651, -7.779856033824126 ], [ 110.365263895790221, -7.778949178172906 ], [ 110.363691718705851, -7.779851334811795 ], [ 110.363688991465523, -7.781660352245776 ], [ 110.365258454772516, -7.782567214147893 ], [ 110.366830639566288, -7.781665052363769 ], [ 110.366833353343651, -7.779856033824126 ] ] ] } },
{ "type": "Feature", "properties": { "hex_id": 333, "luas_km2": 0.1039, "poi_total": 21, "poi_kuliner": 8, "poi_peribadatan": 5, "poi_kesehatan": 0, "poi_pendidikan": 7, "poi_perkantoran": 1, "poi_pariwisata": 0, "poi_perdagangan": 0, "poi_transportasi": 0, "penduduk": 1580, "volume_mean": 1746.9970928303246, "norm_volume": 79.938, "norm_poi": 65.9688, "norm_penduduk": 69.1569, "skor_total_ahp": 74.0198, "ranking": 3, "klasifikasi_potensi": "Sangat Tinggi" }, "geometry": { "type": "Polygon", "coordinates": [ [ [ 110.369974989932416, -7.779860709582399 ], [ 110.368405524674429, -7.778953865006758 ], [ 110.366833353343651, -7.779856033824126 ], [ 110.366830639566288, -7.781665052363769 ], [ 110.368400110582698, -7.782571903187597 ], [ 110.369972289618062, -7.781669729222232 ], [ 110.369974989932416, -7.779860709582399 ] ] ] } },
{ "type": "Feature", "properties": { "hex_id": 334, "luas_km2": 0.1039, "poi_total": 13, "poi_kuliner": 5, "poi_peribadatan": 5, "poi_kesehatan": 1, "poi_pendidikan": 0, "poi_perkantoran": 0, "poi_pariwisata": 1, "poi_perdagangan": 1, "poi_transportasi": 0, "penduduk": 1191, "volume_mean": 1480.8789264269112, "norm_volume": 64.9648, "norm_poi": 41.2188, "norm_penduduk": 52.3765, "skor_total_ahp": 55.8444, "ranking": 43, "klasifikasi_potensi": "Sangat Tinggi" }, "geometry": { "type": "Polygon", "coordinates": [ [ [ 110.373116628462469, -7.77986536208655 ], [ 110.371547155504757, -7.778958528589255 ], [ 110.369974989932416, -7.779860709582399 ], [ 110.369972289618062, -7.781669729222232 ], [ 110.371541768339071, -7.782576568965 ], [ 110.373113941611152, -7.7816743828211 ], [ 110.373116628462469, -7.77986536208655 ] ] ] } },
{ "type": "Feature", "properties": { "hex_id": 335, "luas_km2": 0.1039, "poi_total": 16, "poi_kuliner": 2, "poi_peribadatan": 3, "poi_kesehatan": 8, "poi_pendidikan": 1, "poi_perkantoran": 2, "poi_pariwisata": 0, "poi_perdagangan": 0, "poi_transportasi": 0, "penduduk": 1108, "volume_mean": 1377.1968447663064, "norm_volume": 59.1311, "norm_poi": 50.5, "norm_penduduk": 48.7961, "skor_total_ahp": 54.8728, "ranking": 49, "klasifikasi_potensi": "Sangat Tinggi" }, "geometry": { "type": "Polygon", "coordinates": [ [ [ 110.376258268924133, -7.779869991336505 ], [ 110.374688788271499, -7.778963168920328 ], [ 110.373116628462469, -7.77986536208655 ], [ 110.373113941611152, -7.7816743828211 ], [ 110.374683428031929, -7.782581211480037 ], [ 110.376255595535895, -7.781679013160301 ], [ 110.376258268924133, -7.779869991336505 ] ] ] } },
{ "type": "Feature", "properties": { "hex_id": 336, "luas_km2": 0.1039, "poi_total": 17, "poi_kuliner": 6, "poi_peribadatan": 2, "poi_kesehatan": 5, "poi_pendidikan": 4, "poi_perkantoran": 0, "poi_pariwisata": 0, "poi_perdagangan": 0, "poi_transportasi": 0, "penduduk": 1108, "volume_mean": 1245.0687805564539, "norm_volume": 51.6969, "norm_poi": 53.5938, "norm_penduduk": 48.7961, "skor_total_ahp": 51.7857, "ranking": 63, "klasifikasi_potensi": "Sangat Tinggi" }, "geometry": { "type": "Polygon", "coordinates": [ [ [ 110.379399911307729, -7.779874597332194 ], [ 110.37783042296499, -7.778967785999908 ], [ 110.376258268924133, -7.779869991336505 ], [ 110.376255595535895, -7.781679013160301 ], [ 110.377825089651637, -7.782585830732637 ], [ 110.379397251382599, -7.781683620239765 ], [ 110.379399911307729, -7.779874597332194 ] ] ] } },
{ "type": "Feature", "properties": { "hex_id": 337, "luas_km2": 0.1039, "poi_total": 5, "poi_kuliner": 2, "poi_peribadatan": 3, "poi_kesehatan": 0, "poi_pendidikan": 0, "poi_perkantoran": 0, "poi_pariwisata": 0, "poi_perdagangan": 0, "poi_transportasi": 0, "penduduk": 826, "volume_mean": 1163.9550092729221, "norm_volume": 47.133, "norm_poi": 16.4688, "norm_penduduk": 36.6314, "skor_total_ahp": 36.2978, "ranking": 132, "klasifikasi_potensi": "Tinggi" }, "geometry": { "type": "Polygon", "coordinates": [ [ [ 110.382541555603552, -7.77987918007355 ], [ 110.380972059575541, -7.778972379827926 ], [ 110.379399911307729, -7.779874597332194 ], [ 110.379397251382599, -7.781683620239765 ], [ 110.380966753188488, -7.782590426722731 ], [ 110.382538909141616, -7.781688204059426 ], [ 110.382541555603552, -7.77987918007355 ] ] ] } },
{ "type": "Feature", "properties": { "hex_id": 338, "luas_km2": 0.1039, "poi_total": 6, "poi_kuliner": 2, "poi_peribadatan": 4, "poi_kesehatan": 0, "poi_pendidikan": 0, "poi_perkantoran": 0, "poi_pariwisata": 0, "poi_perdagangan": 0, "poi_transportasi": 0, "penduduk": 761, "volume_mean": 1095.7462393438686, "norm_volume": 43.2952, "norm_poi": 19.5625, "norm_penduduk": 33.8275, "skor_total_ahp": 34.6898, "ranking": 152, "klasifikasi_potensi": "Sedang" }, "geometry": { "type": "Polygon", "coordinates": [ [ [ 110.385683201801982, -7.779883739560508 ], [ 110.3841136980935, -7.778976950404308 ], [ 110.382541555603552, -7.77987918007355 ], [ 110.382538909141616, -7.781688204059426 ], [ 110.38410841863282, -7.78259499945025 ], [ 110.385680568803238, -7.781692764619212 ], [ 110.385683201801982, -7.779883739560508 ] ] ] } },
{ "type": "Feature", "properties": { "hex_id": 339, "luas_km2": 0.1039, "poi_total": 8, "poi_kuliner": 2, "poi_peribadatan": 1, "poi_kesehatan": 1, "poi_pendidikan": 2, "poi_perkantoran": 1, "poi_pariwisata": 1, "poi_perdagangan": 0, "poi_transportasi": 0, "penduduk": 772, "volume_mean": 949.60826797533912, "norm_volume": 35.0727, "norm_poi": 25.75, "norm_penduduk": 34.302, "skor_total_ahp": 32.1752, "ranking": 175, "klasifikasi_potensi": "Sedang" }, "geometry": { "type": "Polygon", "coordinates": [ [ [ 110.388824849893282, -7.779888275792994 ], [ 110.387255338509178, -7.778981497728996 ], [ 110.385683201801982, -7.779883739560508 ], [ 110.385680568803238, -7.781692764619212 ], [ 110.387250085974927, -7.782599548915124 ], [ 110.388822230357775, -7.781697301919058 ], [ 110.388824849893282, -7.779888275792994 ] ] ] } },
{ "type": "Feature", "properties": { "hex_id": 340, "luas_km2": 0.1039, "poi_total": 6, "poi_kuliner": 1, "poi_peribadatan": 1, "poi_kesehatan": 1, "poi_pendidikan": 3, "poi_perkantoran": 0, "poi_pariwisata": 0, "poi_perdagangan": 0, "poi_transportasi": 0, "penduduk": 538, "volume_mean": 968.99617878863296, "norm_volume": 36.1636, "norm_poi": 19.5625, "norm_penduduk": 24.2078, "skor_total_ahp": 29.2707, "ranking": 203, "klasifikasi_potensi": "Sedang" }, "geometry": { "type": "Polygon", "coordinates": [ [ [ 110.391966499867792, -7.779892788770944 ], [ 110.390396980812866, -7.778986021801911 ], [ 110.388824849893282, -7.779888275792994 ], [ 110.388822230357775, -7.781697301919058 ], [ 110.390391755205144, -7.782604075117289 ], [ 110.391963893795591, -7.781701815958894 ], [ 110.391966499867792, -7.779892788770944 ] ] ] } },
{ "type": "Feature", "properties": { "hex_id": 341, "luas_km2": 0.1039, "poi_total": 0, "poi_kuliner": 0, "poi_peribadatan": 0, "poi_kesehatan": 0, "poi_pendidikan": 0, "poi_perkantoran": 0, "poi_pariwisata": 0, "poi_perdagangan": 0, "poi_transportasi": 0, "penduduk": 660, "volume_mean": 1339.0772283154638, "norm_volume": 56.9863, "norm_poi": 1.0, "norm_penduduk": 29.4706, "skor_total_ahp": 35.8374, "ranking": 139, "klasifikasi_potensi": "Tinggi" }, "geometry": { "type": "Polygon", "coordinates": [ [ [ 110.352700173271131, -7.77712118457201 ], [ 110.351130760042054, -7.776214279845546 ], [ 110.34955856772055, -7.777116382612708 ], [ 110.349555780899507, -7.778925395235783 ], [ 110.35112519985789, -7.779832306223325 ], [ 110.352697399908024, -7.778930198325352 ], [ 110.352700173271131, -7.77712118457201 ] ] ] } },
{ "type": "Feature", "properties": { "hex_id": 342, "luas_km2": 0.1039, "poi_total": 11, "poi_kuliner": 0, "poi_peribadatan": 3, "poi_kesehatan": 2, "poi_pendidikan": 5, "poi_perkantoran": 1, "poi_pariwisata": 0, "poi_perdagangan": 0, "poi_transportasi": 0, "penduduk": 1313, "volume_mean": 1436.7305818921925, "norm_volume": 62.4808, "norm_poi": 35.0312, "norm_penduduk": 57.6392, "skor_total_ahp": 53.5282, "ranking": 53, "klasifikasi_potensi": "Sangat Tinggi" }, "geometry": { "type": "Polygon", "coordinates": [ [ [ 110.355841780816149, -7.777125963285781 ], [ 110.354272359863302, -7.776219069618329 ], [ 110.352700173271131, -7.77712118457201 ], [ 110.352697399908024, -7.778930198325352 ], [ 110.354266826595037, -7.779837098251172 ], [ 110.35583902091102, -7.77893497816392 ], [ 110.355841780816149, -7.777125963285781 ] ] ] } },
{ "type": "Feature", "properties": { "hex_id": 343, "luas_km2": 0.1039, "poi_total": 7, "poi_kuliner": 1, "poi_peribadatan": 3, "poi_kesehatan": 0, "poi_pendidikan": 3, "poi_perkantoran": 0, "poi_pariwisata": 0, "poi_perdagangan": 0, "poi_transportasi": 0, "penduduk": 1313, "volume_mean": 1591.2592284224415, "norm_volume": 71.1754, "norm_poi": 22.6562, "norm_penduduk": 57.6392, "skor_total_ahp": 54.5357, "ranking": 51, "klasifikasi_potensi": "Sangat Tinggi" }, "geometry": { "type": "Polygon", "coordinates": [ [ [ 110.358983390345955, -7.777130718753948 ], [ 110.357413961674141, -7.776223836148279 ], [ 110.355841780816149, -7.777125963285781 ], [ 110.35583902091102, -7.77893497816392 ], [ 110.357408455321874, -7.779841867025248 ], [ 110.358980643898832, -7.778939734751416 ], [ 110.358983390345955, -7.777130718753948 ] ] ] } },
{ "type": "Feature", "properties": { "hex_id": 344, "luas_km2": 0.1039, "poi_total": 19, "poi_kuliner": 3, "poi_peribadatan": 7, "poi_kesehatan": 4, "poi_pendidikan": 2, "poi_perkantoran": 3, "poi_pariwisata": 0, "poi_perdagangan": 0, "poi_transportasi": 0, "penduduk": 1313, "volume_mean": 1856.0906553398058, "norm_volume": 86.0762, "norm_poi": 59.7812, "norm_penduduk": 57.6392, "skor_total_ahp": 73.6024, "ranking": 4, "klasifikasi_potensi": "Sangat Tinggi" }, "geometry": { "type": "Polygon", "coordinates": [ [ [ 110.362125001850856, -7.777135450976447 ], [ 110.360555565464892, -7.776228579435331 ], [ 110.358983390345955, -7.777130718753948 ], [ 110.358980643898832, -7.778939734751416 ], [ 110.360550086028709, -7.779846612545479 ], [ 110.362122268861796, -7.778944468087769 ], [ 110.362125001850856, -7.777135450976447 ] ] ] } },
{ "type": "Feature", "properties": { "hex_id": 345, "luas_km2": 0.1039, "poi_total": 13, "poi_kuliner": 5, "poi_peribadatan": 2, "poi_kesehatan": 4, "poi_pendidikan": 1, "poi_perkantoran": 0, "poi_pariwisata": 1, "poi_perdagangan": 0, "poi_transportasi": 0, "penduduk": 1326, "volume_mean": 1694.5212242952578, "norm_volume": 76.9855, "norm_poi": 41.2188, "norm_penduduk": 58.2, "skor_total_ahp": 63.2768, "ranking": 18, "klasifikasi_potensi": "Sangat Tinggi" }, "geometry": { "type": "Polygon", "coordinates": [ [ [ 110.365266615321175, -7.7771401599532 ], [ 110.36369717122588, -7.776233299479411 ], [ 110.362125001850856, -7.777135450976447 ], [ 110.362122268861796, -7.778944468087769 ], [ 110.363691718705851, -7.779851334811795 ], [ 110.365263895790221, -7.778949178172906 ], [ 110.365266615321175, -7.7771401599532 ] ] ] } },
{ "type": "Feature", "properties": { "hex_id": 346, "luas_km2": 0.1039, "poi_total": 10, "poi_kuliner": 2, "poi_peribadatan": 1, "poi_kesehatan": 1, "poi_pendidikan": 6, "poi_perkantoran": 0, "poi_pariwisata": 0, "poi_perdagangan": 0, "poi_transportasi": 0, "penduduk": 1580, "volume_mean": 1575.4959079222133, "norm_volume": 70.2885, "norm_poi": 31.9375, "norm_penduduk": 69.1569, "skor_total_ahp": 58.703, "ranking": 29, "klasifikasi_potensi": "Sangat Tinggi" }, "geometry": { "type": "Polygon", "coordinates": [ [ [ 110.368408230747249, -7.777144845684142 ], [ 110.366838778947425, -7.776237996280447 ], [ 110.365266615321175, -7.7771401599532 ], [ 110.365263895790221, -7.778949178172906 ], [ 110.366833353343651, -7.779856033824126 ], [ 110.368405524674429, -7.778953865006758 ], [ 110.368408230747249, -7.777144845684142 ] ] ] } },
{ "type": "Feature", "properties": { "hex_id": 347, "luas_km2": 0.1039, "poi_total": 12, "poi_kuliner": 3, "poi_peribadatan": 3, "poi_kesehatan": 2, "poi_pendidikan": 1, "poi_perkantoran": 0, "poi_pariwisata": 1, "poi_perdagangan": 2, "poi_transportasi": 0, "penduduk": 1481, "volume_mean": 1472.4865234059776, "norm_volume": 64.4926, "norm_poi": 38.125, "norm_penduduk": 64.8863, "skor_total_ahp": 56.7191, "ranking": 37, "klasifikasi_potensi": "Sangat Tinggi" }, "geometry": { "type": "Polygon", "coordinates": [ [ [ 110.371549848119386, -7.777149508169198 ], [ 110.369980388619865, -7.77624266983837 ], [ 110.368408230747249, -7.777144845684142 ], [ 110.368405524674429, -7.778953865006758 ], [ 110.369974989932416, -7.779860709582399 ], [ 110.371547155504757, -7.778958528589255 ], [ 110.371549848119386, -7.777149508169198 ] ] ] } },
{ "type": "Feature", "properties": { "hex_id": 348, "luas_km2": 0.1039, "poi_total": 11, "poi_kuliner": 7, "poi_peribadatan": 1, "poi_kesehatan": 0, "poi_pendidikan": 2, "poi_perkantoran": 1, "poi_pariwisata": 0, "poi_perdagangan": 0, "poi_transportasi": 0, "penduduk": 1108, "volume_mean": 1377.8245460106145, "norm_volume": 59.1664, "norm_poi": 35.0312, "norm_penduduk": 48.7961, "skor_total_ahp": 50.2936, "ranking": 66, "klasifikasi_potensi": "Sangat Tinggi" }, "geometry": { "type": "Polygon", "coordinates": [ [ [ 110.374691467427894, -7.777154147408305 ], [ 110.373122000233508, -7.776247320153112 ], [ 110.371549848119386, -7.777149508169198 ], [ 110.371547155504757, -7.778958528589255 ], [ 110.373116628462469, -7.77986536208655 ], [ 110.374688788271499, -7.778963168920328 ], [ 110.374691467427894, -7.777154147408305 ] ] ] } },
{ "type": "Feature", "properties": { "hex_id": 349, "luas_km2": 0.1039, "poi_total": 15, "poi_kuliner": 4, "poi_peribadatan": 2, "poi_kesehatan": 6, "poi_pendidikan": 2, "poi_perkantoran": 1, "poi_pariwisata": 0, "poi_perdagangan": 0, "poi_transportasi": 0, "penduduk": 1080, "volume_mean": 1323.5418920029329, "norm_volume": 56.1122, "norm_poi": 47.4062, "norm_penduduk": 47.5882, "skor_total_ahp": 52.1282, "ranking": 61, "klasifikasi_potensi": "Sangat Tinggi" }, "geometry": { "type": "Polygon", "coordinates": [ [ [ 110.377833088663124, -7.777158763401387 ], [ 110.37626361377869, -7.776251947224601 ], [ 110.374691467427894, -7.777154147408305 ], [ 110.374688788271499, -7.778963168920328 ], [ 110.376258268924133, -7.779869991336505 ], [ 110.37783042296499, -7.778967785999908 ], [ 110.377833088663124, -7.777158763401387 ] ] ] } },
{ "type": "Feature", "properties": { "hex_id": 350, "luas_km2": 0.1039, "poi_total": 5, "poi_kuliner": 3, "poi_peribadatan": 0, "poi_kesehatan": 1, "poi_pendidikan": 1, "poi_perkantoran": 0, "poi_pariwisata": 0, "poi_perdagangan": 0, "poi_transportasi": 0, "penduduk": 423, "volume_mean": 1246.9942644025896, "norm_volume": 51.8052, "norm_poi": 16.4688, "norm_penduduk": 19.2471, "skor_total_ahp": 35.9688, "ranking": 138, "klasifikasi_potensi": "Tinggi" }, "geometry": { "type": "Polygon", "coordinates": [ [ [ 110.380974711815384, -7.777163356148378 ], [ 110.379405229245691, -7.776256551052767 ], [ 110.377833088663124, -7.777158763401387 ], [ 110.37783042296499, -7.778967785999908 ], [ 110.379399911307729, -7.779874597332194 ], [ 110.380972059575541, -7.778972379827926 ], [ 110.380974711815384, -7.777163356148378 ] ] ] } },
{ "type": "Feature", "properties": { "hex_id": 351, "luas_km2": 0.1039, "poi_total": 0, "poi_kuliner": 0, "poi_peribadatan": 0, "poi_kesehatan": 0, "poi_pendidikan": 0, "poi_perkantoran": 0, "poi_pariwisata": 0, "poi_perdagangan": 0, "poi_transportasi": 0, "penduduk": 83, "volume_mean": 1301.6015219393996, "norm_volume": 54.8777, "norm_poi": 1.0, "norm_penduduk": 4.5804, "skor_total_ahp": 30.6244, "ranking": 187, "klasifikasi_potensi": "Sedang" }, "geometry": { "type": "Polygon", "coordinates": [ [ [ 110.351133539134494, -7.774405266424465 ], [ 110.349564139358534, -7.773498356902177 ], [ 110.347991954765604, -7.774400454541916 ], [ 110.347989162220102, -7.776209466830005 ], [ 110.34955856772055, -7.777116382612708 ], [ 110.351130760042054, -7.776214279845546 ], [ 110.351133539134494, -7.774405266424465 ] ] ] } },
{ "type": "Feature", "properties": { "hex_id": 352, "luas_km2": 0.1039, "poi_total": 7, "poi_kuliner": 2, "poi_peribadatan": 3, "poi_kesehatan": 0, "poi_pendidikan": 1, "poi_perkantoran": 0, "poi_pariwisata": 0, "poi_perdagangan": 1, "poi_transportasi": 0, "penduduk": 1313, "volume_mean": 1371.1272785406229, "norm_volume": 58.7896, "norm_poi": 22.6562, "norm_penduduk": 57.6392, "skor_total_ahp": 47.8603, "ranking": 77, "klasifikasi_potensi": "Tinggi" }, "geometry": { "type": "Polygon", "coordinates": [ [ [ 110.35427512550261, -7.774410055069727 ], [ 110.352705718002909, -7.773503156600968 ], [ 110.351133539134494, -7.774405266424465 ], [ 110.351130760042054, -7.776214279845546 ], [ 110.352700173271131, -7.77712118457201 ], [ 110.354272359863302, -7.776219069618329 ], [ 110.35427512550261, -7.774410055069727 ] ] ] } },
{ "type": "Feature", "properties": { "hex_id": 353, "luas_km2": 0.1039, "poi_total": 6, "poi_kuliner": 0, "poi_peribadatan": 2, "poi_kesehatan": 0, "poi_pendidikan": 3, "poi_perkantoran": 0, "poi_pariwisata": 1, "poi_perdagangan": 0, "poi_transportasi": 0, "penduduk": 1313, "volume_mean": 1465.7726322766814, "norm_volume": 64.1149, "norm_poi": 19.5625, "norm_penduduk": 57.6392, "skor_total_ahp": 49.8107, "ranking": 68, "klasifikasi_potensi": "Sangat Tinggi" }, "geometry": { "type": "Polygon", "coordinates": [ [ [ 110.357416713860303, -7.774414820477631 ], [ 110.355847298641649, -7.773507933065171 ], [ 110.354275125502625, -7.774410055069727 ], [ 110.354272359863302, -7.776219069618329 ], [ 110.355841780816149, -7.777125963285781 ], [ 110.357413961674141, -7.776223836148279 ], [ 110.357416713860303, -7.774414820477631 ] ] ] } },
{ "type": "Feature", "properties": { "hex_id": 354, "luas_km2": 0.1039, "poi_total": 13, "poi_kuliner": 3, "poi_peribadatan": 4, "poi_kesehatan": 0, "poi_pendidikan": 3, "poi_perkantoran": 3, "poi_pariwisata": 0, "poi_perdagangan": 0, "poi_transportasi": 0, "penduduk": 1313, "volume_mean": 1601.4125646832345, "norm_volume": 71.7467, "norm_poi": 41.2188, "norm_penduduk": 57.6392, "skor_total_ahp": 60.3615, "ranking": 26, "klasifikasi_potensi": "Sangat Tinggi" }, "geometry": { "type": "Polygon", "coordinates": [ [ [ 110.360558304197852, -7.774419562648107 ], [ 110.358988881265105, -7.773512686294717 ], [ 110.357416713860303, -7.774414820477631 ], [ 110.357413961674141, -7.776223836148279 ], [ 110.358983390345955, -7.777130718753948 ], [ 110.360555565464892, -7.776228579435331 ], [ 110.360558304197852, -7.774419562648107 ] ] ] } },
{ "type": "Feature", "properties": { "hex_id": 355, "luas_km2": 0.1039, "poi_total": 6, "poi_kuliner": 2, "poi_peribadatan": 0, "poi_kesehatan": 4, "poi_pendidikan": 0, "poi_perkantoran": 0, "poi_pariwisata": 0, "poi_perdagangan": 0, "poi_transportasi": 0, "penduduk": 1313, "volume_mean": 1638.6634763731213, "norm_volume": 73.8426, "norm_poi": 19.5625, "norm_penduduk": 57.6392, "skor_total_ahp": 55.0536, "ranking": 48, "klasifikasi_potensi": "Sangat Tinggi" }, "geometry": { "type": "Polygon", "coordinates": [ [ [ 110.363699896505594, -7.77442428158108 ], [ 110.362130465863558, -7.773517416289533 ], [ 110.360558304197852, -7.774419562648107 ], [ 110.360555565464892, -7.776228579435331 ], [ 110.362125001850856, -7.777135450976447 ], [ 110.36369717122588, -7.776233299479411 ], [ 110.363699896505594, -7.77442428158108 ] ] ] } },
{ "type": "Feature", "properties": { "hex_id": 356, "luas_km2": 0.1039, "poi_total": 7, "poi_kuliner": 1, "poi_peribadatan": 4, "poi_kesehatan": 1, "poi_pendidikan": 1, "poi_perkantoran": 0, "poi_pariwisata": 0, "poi_perdagangan": 0, "poi_transportasi": 0, "penduduk": 1394, "volume_mean": 1523.1750992569173, "norm_volume": 67.3446, "norm_poi": 22.6562, "norm_penduduk": 61.1333, "skor_total_ahp": 53.0433, "ranking": 56, "klasifikasi_potensi": "Sangat Tinggi" }, "geometry": { "type": "Polygon", "coordinates": [ [ [ 110.366841490773865, -7.774428977276481 ], [ 110.365272052427358, -7.773522123049547 ], [ 110.363699896505594, -7.77442428158108 ], [ 110.36369717122588, -7.776233299479411 ], [ 110.365266615321175, -7.7771401599532 ], [ 110.366838778947425, -7.776237996280447 ], [ 110.366841490773865, -7.774428977276481 ] ] ] } },
{ "type": "Feature", "properties": { "hex_id": 357, "luas_km2": 0.1039, "poi_total": 11, "poi_kuliner": 4, "poi_peribadatan": 2, "poi_kesehatan": 0, "poi_pendidikan": 2, "poi_perkantoran": 2, "poi_pariwisata": 0, "poi_perdagangan": 1, "poi_transportasi": 0, "penduduk": 1516, "volume_mean": 1443.7171119334166, "norm_volume": 62.8739, "norm_poi": 35.0312, "norm_penduduk": 66.3961, "skor_total_ahp": 55.1743, "ranking": 47, "klasifikasi_potensi": "Sangat Tinggi" }, "geometry": { "type": "Polygon", "coordinates": [ [ [ 110.369983086992974, -7.774433649734244 ], [ 110.368413640946812, -7.773526806574694 ], [ 110.366841490773865, -7.774428977276481 ], [ 110.366838778947425, -7.776237996280447 ], [ 110.368408230747249, -7.777144845684142 ], [ 110.369980388619865, -7.77624266983837 ], [ 110.369983086992974, -7.774433649734244 ] ] ] } },
{ "type": "Feature", "properties": { "hex_id": 358, "luas_km2": 0.1039, "poi_total": 4, "poi_kuliner": 0, "poi_peribadatan": 1, "poi_kesehatan": 2, "poi_pendidikan": 1, "poi_perkantoran": 0, "poi_pariwisata": 0, "poi_perdagangan": 0, "poi_transportasi": 0, "penduduk": 533, "volume_mean": 1372.2903635207256, "norm_volume": 58.8551, "norm_poi": 13.375, "norm_penduduk": 23.9922, "skor_total_ahp": 39.6259, "ranking": 112, "klasifikasi_potensi": "Tinggi" }, "geometry": { "type": "Polygon", "coordinates": [ [ [ 110.373124685153257, -7.774438298954297 ], [ 110.371555231412259, -7.7735314668649 ], [ 110.369983086992974, -7.774433649734244 ], [ 110.369980388619865, -7.77624266983837 ], [ 110.371549848119386, -7.777149508169198 ], [ 110.373122000233508, -7.776247320153112 ], [ 110.373124685153257, -7.774438298954297 ] ] ] } },
{ "type": "Feature", "properties": { "hex_id": 359, "luas_km2": 0.1039, "poi_total": 11, "poi_kuliner": 3, "poi_peribadatan": 3, "poi_kesehatan": 1, "poi_pendidikan": 2, "poi_perkantoran": 2, "poi_pariwisata": 0, "poi_perdagangan": 0, "poi_transportasi": 0, "penduduk": 524, "volume_mean": 1329.9701806987596, "norm_volume": 56.4739, "norm_poi": 35.0312, "norm_penduduk": 23.6039, "skor_total_ahp": 44.7164, "ranking": 90, "klasifikasi_potensi": "Tinggi" }, "geometry": { "type": "Polygon", "coordinates": [ [ [ 110.376266285245023, -7.774442924936563 ], [ 110.374696823814006, -7.773536103920095 ], [ 110.373124685153257, -7.774438298954297 ], [ 110.373122000233508, -7.776247320153112 ], [ 110.374691467427894, -7.777154147408305 ], [ 110.37626361377869, -7.776251947224601 ], [ 110.376266285245023, -7.774442924936563 ] ] ] } },
{ "type": "Feature", "properties": { "hex_id": 360, "luas_km2": 0.1039, "poi_total": 0, "poi_kuliner": 0, "poi_peribadatan": 0, "poi_kesehatan": 0, "poi_pendidikan": 0, "poi_perkantoran": 0, "poi_pariwisata": 0, "poi_perdagangan": 0, "poi_transportasi": 0, "penduduk": 8, "volume_mean": 1290.3570553528571, "norm_volume": 54.2451, "norm_poi": 1.0, "norm_penduduk": 1.3451, "skor_total_ahp": 29.7535, "ranking": 194, "klasifikasi_potensi": "Sedang" }, "geometry": { "type": "Polygon", "coordinates": [ [ [ 110.379407887258608, -7.774447527680986 ], [ 110.377838418142375, -7.773540717740207 ], [ 110.376266285245023, -7.774442924936563 ], [ 110.37626361377869, -7.776251947224601 ], [ 110.377833088663124, -7.777158763401387 ], [ 110.379405229245691, -7.776256551052767 ], [ 110.379407887258608, -7.774447527680986 ] ] ] } },
{ "type": "Feature", "properties": { "hex_id": 361, "luas_km2": 0.1039, "poi_total": 1, "poi_kuliner": 0, "poi_peribadatan": 0, "poi_kesehatan": 0, "poi_pendidikan": 1, "poi_perkantoran": 0, "poi_pariwisata": 0, "poi_perdagangan": 0, "poi_transportasi": 0, "penduduk": 646, "volume_mean": 1317.6396106501293, "norm_volume": 55.7801, "norm_poi": 4.0938, "norm_penduduk": 28.8667, "skor_total_ahp": 36.008, "ranking": 136, "klasifikasi_potensi": "Tinggi" }, "geometry": { "type": "Polygon", "coordinates": [ [ [ 110.352708489371608, -7.771694142383341 ], [ 110.351139095320178, -7.770787239118094 ], [ 110.349566924175491, -7.771689343814791 ], [ 110.349564139358534, -7.773498356902177 ], [ 110.351133539134494, -7.774405266424465 ], [ 110.352705718002909, -7.773503156600968 ], [ 110.352708489371608, -7.771694142383341 ] ] ] } },
{ "type": "Feature", "properties": { "hex_id": 362, "luas_km2": 0.1039, "poi_total": 4, "poi_kuliner": 0, "poi_peribadatan": 3, "poi_kesehatan": 0, "poi_pendidikan": 0, "poi_perkantoran": 0, "poi_pariwisata": 1, "poi_perdagangan": 0, "poi_transportasi": 0, "penduduk": 1246, "volume_mean": 1377.0076776383612, "norm_volume": 59.1205, "norm_poi": 13.375, "norm_penduduk": 54.749, "skor_total_ahp": 44.8063, "ranking": 88, "klasifikasi_potensi": "Tinggi" }, "geometry": { "type": "Polygon", "coordinates": [ [ [ 110.355850056562048, -7.771698917722778 ], [ 110.354280654791722, -7.770792025508343 ], [ 110.352708489371608, -7.771694142383341 ], [ 110.352705718002909, -7.773503156600968 ], [ 110.354275125502625, -7.774410055069727 ], [ 110.355847298641649, -7.773507933065171 ], [ 110.355850056562048, -7.771698917722778 ] ] ] } },
{ "type": "Feature", "properties": { "hex_id": 363, "luas_km2": 0.1039, "poi_total": 2, "poi_kuliner": 0, "poi_peribadatan": 2, "poi_kesehatan": 0, "poi_pendidikan": 0, "poi_perkantoran": 0, "poi_pariwisata": 0, "poi_perdagangan": 0, "poi_transportasi": 0, "penduduk": 1313, "volume_mean": 1442.5562600299811, "norm_volume": 62.8086, "norm_poi": 7.1875, "norm_penduduk": 57.6392, "skor_total_ahp": 45.4281, "ranking": 85, "klasifikasi_potensi": "Tinggi" }, "geometry": { "type": "Polygon", "coordinates": [ [ [ 110.358991625737161, -7.771703669833024 ], [ 110.357422216252772, -7.77079678867218 ], [ 110.355850056562048, -7.771698917722778 ], [ 110.355847298641649, -7.773507933065171 ], [ 110.357416713860303, -7.774414820477631 ], [ 110.358988881265105, -7.773512686294717 ], [ 110.358991625737161, -7.771703669833024 ] ] ] } },
{ "type": "Feature", "properties": { "hex_id": 364, "luas_km2": 0.1039, "poi_total": 14, "poi_kuliner": 2, "poi_peribadatan": 1, "poi_kesehatan": 6, "poi_pendidikan": 1, "poi_perkantoran": 2, "poi_pariwisata": 1, "poi_perdagangan": 1, "poi_transportasi": 0, "penduduk": 1271, "volume_mean": 1485.6043720109737, "norm_volume": 65.2307, "norm_poi": 44.3125, "norm_penduduk": 55.8275, "skor_total_ahp": 57.4725, "ranking": 33, "klasifikasi_potensi": "Sangat Tinggi" }, "geometry": { "type": "Polygon", "coordinates": [ [ [ 110.362133196887228, -7.771708398714011 ], [ 110.360563779693592, -7.770801528609531 ], [ 110.358991625737161, -7.771703669833024 ], [ 110.358988881265105, -7.773512686294717 ], [ 110.360558304197852, -7.774419562648107 ], [ 110.362130465863558, -7.773517416289533 ], [ 110.362133196887228, -7.771708398714011 ] ] ] } },
{ "type": "Feature", "properties": { "hex_id": 365, "luas_km2": 0.1039, "poi_total": 10, "poi_kuliner": 2, "poi_peribadatan": 3, "poi_kesehatan": 1, "poi_pendidikan": 2, "poi_perkantoran": 2, "poi_pariwisata": 0, "poi_perdagangan": 0, "poi_transportasi": 0, "penduduk": 1313, "volume_mean": 1465.4173859401142, "norm_volume": 64.0949, "norm_poi": 31.9375, "norm_penduduk": 57.6392, "skor_total_ahp": 53.4785, "ranking": 54, "klasifikasi_potensi": "Sangat Tinggi" }, "geometry": { "type": "Polygon", "coordinates": [ [ [ 110.3652747700026, -7.771713104365672 ], [ 110.363705345104535, -7.770806245320321 ], [ 110.362133196887228, -7.771708398714011 ], [ 110.362130465863558, -7.773517416289533 ], [ 110.363699896505594, -7.77442428158108 ], [ 110.365272052427358, -7.773522123049547 ], [ 110.3652747700026, -7.771713104365672 ] ] ] } },
{ "type": "Feature", "properties": { "hex_id": 366, "luas_km2": 0.1039, "poi_total": 18, "poi_kuliner": 6, "poi_peribadatan": 1, "poi_kesehatan": 4, "poi_pendidikan": 4, "poi_perkantoran": 3, "poi_pariwisata": 0, "poi_perdagangan": 0, "poi_transportasi": 0, "penduduk": 1192, "volume_mean": 1416.7203841798137, "norm_volume": 61.3549, "norm_poi": 56.6875, "norm_penduduk": 52.4196, "skor_total_ahp": 58.5041, "ranking": 30, "klasifikasi_potensi": "Sangat Tinggi" }, "geometry": { "type": "Polygon", "coordinates": [ [ [ 110.368416345073612, -7.771717786787931 ], [ 110.366846912475921, -7.770810938804485 ], [ 110.3652747700026, -7.771713104365672 ], [ 110.365272052427358, -7.773522123049547 ], [ 110.366841490773865, -7.774428977276481 ], [ 110.368413640946812, -7.773526806574694 ], [ 110.368416345073612, -7.771717786787931 ] ] ] } },
{ "type": "Feature", "properties": { "hex_id": 367, "luas_km2": 0.1039, "poi_total": 1, "poi_kuliner": 0, "poi_peribadatan": 0, "poi_kesehatan": 0, "poi_pendidikan": 0, "poi_perkantoran": 1, "poi_pariwisata": 0, "poi_perdagangan": 0, "poi_transportasi": 0, "penduduk": 262, "volume_mean": 1370.2402294083756, "norm_volume": 58.7397, "norm_poi": 4.0938, "norm_penduduk": 12.302, "skor_total_ahp": 34.8901, "ranking": 149, "klasifikasi_potensi": "Tinggi" }, "geometry": { "type": "Polygon", "coordinates": [ [ [ 110.371557922090545, -7.771722445980726 ], [ 110.36998848179806, -7.770815609061946 ], [ 110.368416345073612, -7.771717786787931 ], [ 110.368413640946812, -7.773526806574694 ], [ 110.369983086992974, -7.774433649734244 ], [ 110.371555231412259, -7.7735314668649 ], [ 110.371557922090545, -7.771722445980726 ] ] ] } },
{ "type": "Feature", "properties": { "hex_id": 368, "luas_km2": 0.1039, "poi_total": 0, "poi_kuliner": 0, "poi_peribadatan": 0, "poi_kesehatan": 0, "poi_pendidikan": 0, "poi_perkantoran": 0, "poi_pariwisata": 0, "poi_perdagangan": 0, "poi_transportasi": 0, "penduduk": 18, "volume_mean": 1276.7004220367237, "norm_volume": 53.4767, "norm_poi": 1.0, "norm_penduduk": 1.7765, "skor_total_ahp": 29.4101, "ranking": 201, "klasifikasi_potensi": "Sedang" }, "geometry": { "type": "Polygon", "coordinates": [ [ [ 110.351141872413422, -7.76897822523287 ], [ 110.349572491805404, -7.768071317175956 ], [ 110.348000328384401, -7.768973416749239 ], [ 110.347997537847746, -7.770782429501494 ], [ 110.349566924175491, -7.771689343814791 ], [ 110.351139095320178, -7.770787239118094 ], [ 110.351141872413422, -7.76897822523287 ] ] ] } },
{ "type": "Feature", "properties": { "hex_id": 369, "luas_km2": 0.1039, "poi_total": 0, "poi_kuliner": 0, "poi_peribadatan": 0, "poi_kesehatan": 0, "poi_pendidikan": 0, "poi_perkantoran": 0, "poi_pariwisata": 0, "poi_perdagangan": 0, "poi_transportasi": 0, "penduduk": 638, "volume_mean": 1317.6567418343961, "norm_volume": 55.7811, "norm_poi": 1.0, "norm_penduduk": 28.5216, "skor_total_ahp": 35.0324, "ranking": 146, "klasifikasi_potensi": "Tinggi" }, "geometry": { "type": "Polygon", "coordinates": [ [ [ 110.35428341844154, -7.768983010495632 ], [ 110.352714030114683, -7.768076113484049 ], [ 110.351141872413422, -7.76897822523287 ], [ 110.351139095320178, -7.770787239118094 ], [ 110.352708489371608, -7.771694142383341 ], [ 110.354280654791722, -7.770792025508343 ], [ 110.35428341844154, -7.768983010495632 ] ] ] } },
{ "type": "Feature", "properties": { "hex_id": 370, "luas_km2": 0.1039, "poi_total": 5, "poi_kuliner": 1, "poi_peribadatan": 0, "poi_kesehatan": 2, "poi_pendidikan": 1, "poi_perkantoran": 1, "poi_pariwisata": 0, "poi_perdagangan": 0, "poi_transportasi": 0, "penduduk": 1054, "volume_mean": 1358.9364043975772, "norm_volume": 58.1037, "norm_poi": 16.4688, "norm_penduduk": 46.4667, "skor_total_ahp": 43.8214, "ranking": 93, "klasifikasi_potensi": "Tinggi" }, "geometry": { "type": "Polygon", "coordinates": [ [ [ 110.357424966459092, -7.768987772537447 ], [ 110.355855570418214, -7.768080886573973 ], [ 110.35428341844154, -7.768983010495632 ], [ 110.354280654791722, -7.770792025508343 ], [ 110.355850056562048, -7.771698917722778 ], [ 110.357422216252772, -7.77079678867218 ], [ 110.357424966459092, -7.768987772537447 ] ] ] } },
{ "type": "Feature", "properties": { "hex_id": 371, "luas_km2": 0.1039, "poi_total": 1, "poi_kuliner": 0, "poi_peribadatan": 0, "poi_kesehatan": 0, "poi_pendidikan": 1, "poi_perkantoran": 0, "poi_pariwisata": 0, "poi_perdagangan": 0, "poi_transportasi": 0, "penduduk": 167, "volume_mean": 1390.6718907229722, "norm_volume": 59.8893, "norm_poi": 4.0938, "norm_penduduk": 8.2039, "skor_total_ahp": 34.8385, "ranking": 150, "klasifikasi_potensi": "Tinggi" }, "geometry": { "type": "Polygon", "coordinates": [ [ [ 110.360566516456402, -7.768992511358247 ], [ 110.358997112706305, -7.768085636445651 ], [ 110.357424966459092, -7.768987772537447 ], [ 110.357422216252772, -7.77079678867218 ], [ 110.358991625737161, -7.771703669833024 ], [ 110.360563779693592, -7.770801528609531 ], [ 110.360566516456402, -7.768992511358247 ] ] ] } },
{ "type": "Feature", "properties": { "hex_id": 372, "luas_km2": 0.1039, "poi_total": 6, "poi_kuliner": 1, "poi_peribadatan": 1, "poi_kesehatan": 2, "poi_pendidikan": 2, "poi_perkantoran": 0, "poi_pariwisata": 0, "poi_perdagangan": 0, "poi_transportasi": 0, "penduduk": 922, "volume_mean": 1398.0636825610275, "norm_volume": 60.3052, "norm_poi": 19.5625, "norm_penduduk": 40.7725, "skor_total_ahp": 44.995, "ranking": 87, "klasifikasi_potensi": "Tinggi" }, "geometry": { "type": "Polygon", "coordinates": [ [ [ 110.363708068423776, -7.768997226957962 ], [ 110.362138656969293, -7.768090363099013 ], [ 110.360566516456402, -7.768992511358247 ], [ 110.360563779693592, -7.770801528609531 ], [ 110.362133196887228, -7.771708398714011 ], [ 110.363705345104535, -7.770806245320321 ], [ 110.363708068423776, -7.768997226957962 ] ] ] } },
{ "type": "Feature", "properties": { "hex_id": 373, "luas_km2": 0.1039, "poi_total": 5, "poi_kuliner": 0, "poi_peribadatan": 1, "poi_kesehatan": 0, "poi_pendidikan": 4, "poi_perkantoran": 0, "poi_pariwisata": 0, "poi_perdagangan": 0, "poi_transportasi": 0, "penduduk": 812, "volume_mean": 1380.7951354390948, "norm_volume": 59.3336, "norm_poi": 16.4688, "norm_penduduk": 36.0275, "skor_total_ahp": 42.7746, "ranking": 98, "klasifikasi_potensi": "Tinggi" }, "geometry": { "type": "Polygon", "coordinates": [ [ [ 110.366849622351552, -7.769001919336519 ], [ 110.3652802031975, -7.76809506653399 ], [ 110.363708068423776, -7.768997226957962 ], [ 110.363705345104535, -7.770806245320321 ], [ 110.3652747700026, -7.771713104365672 ], [ 110.366846912475921, -7.770810938804485 ], [ 110.366849622351552, -7.769001919336519 ] ] ] } },
{ "type": "Feature", "properties": { "hex_id": 374, "luas_km2": 0.1039, "poi_total": 4, "poi_kuliner": 2, "poi_peribadatan": 1, "poi_kesehatan": 1, "poi_pendidikan": 0, "poi_perkantoran": 0, "poi_pariwisata": 0, "poi_perdagangan": 0, "poi_transportasi": 0, "penduduk": 136, "volume_mean": 1352.999478950846, "norm_volume": 57.7697, "norm_poi": 13.375, "norm_penduduk": 6.8667, "skor_total_ahp": 36.2361, "ranking": 133, "klasifikasi_potensi": "Tinggi" }, "geometry": { "type": "Polygon", "coordinates": [ [ [ 110.369991178230052, -7.769006588493849 ], [ 110.368421751381248, -7.768099746750511 ], [ 110.366849622351552, -7.769001919336519 ], [ 110.366846912475921, -7.770810938804485 ], [ 110.368416345073612, -7.771717786787931 ], [ 110.36998848179806, -7.770815609061946 ], [ 110.369991178230052, -7.769006588493849 ] ] ] } },
{ "type": "Feature", "properties": { "hex_id": 375, "luas_km2": 0.1039, "poi_total": 1, "poi_kuliner": 0, "poi_peribadatan": 0, "poi_kesehatan": 0, "poi_pendidikan": 1, "poi_perkantoran": 0, "poi_pariwisata": 0, "poi_perdagangan": 0, "poi_transportasi": 0, "penduduk": 40, "volume_mean": 1277.8445433006646, "norm_volume": 53.541, "norm_poi": 4.0938, "norm_penduduk": 2.7255, "skor_total_ahp": 30.5198, "ranking": 188, "klasifikasi_potensi": "Sedang" }, "geometry": { "type": "Polygon", "coordinates": [ [ [ 110.352716799489087, -7.766267098802458 ], [ 110.351147424600825, -7.765360196998539 ], [ 110.349575274618402, -7.766262303624571 ], [ 110.349572491805404, -7.768071317175956 ], [ 110.351141872413422, -7.76897822523287 ], [ 110.352714030114683, -7.768076113484049 ], [ 110.352716799489087, -7.766267098802458 ] ] ] } },
{ "type": "Feature", "properties": { "hex_id": 376, "luas_km2": 0.1039, "poi_total": 1, "poi_kuliner": 1, "poi_peribadatan": 0, "poi_kesehatan": 0, "poi_pendidikan": 0, "poi_perkantoran": 0, "poi_pariwisata": 0, "poi_perdagangan": 0, "poi_transportasi": 0, "penduduk": 416, "volume_mean": 1308.6043418351389, "norm_volume": 55.2718, "norm_poi": 4.0938, "norm_penduduk": 18.9451, "skor_total_ahp": 34.1091, "ranking": 156, "klasifikasi_potensi": "Sedang" }, "geometry": { "type": "Polygon", "coordinates": [ [ [ 110.355858326353996, -7.766271870767637 ], [ 110.354288943751754, -7.765364980006343 ], [ 110.352716799489087, -7.766267098802458 ], [ 110.352714030114683, -7.768076113484049 ], [ 110.35428341844154, -7.768983010495632 ], [ 110.355855570418214, -7.768080886573973 ], [ 110.355858326353996, -7.766271870767637 ] ] ] } },
{ "type": "Feature", "properties": { "hex_id": 377, "luas_km2": 0.1039, "poi_total": 0, "poi_kuliner": 0, "poi_peribadatan": 0, "poi_kesehatan": 0, "poi_pendidikan": 0, "poi_perkantoran": 0, "poi_pariwisata": 0, "poi_perdagangan": 0, "poi_transportasi": 0, "penduduk": 56, "volume_mean": 1346.0892628007553, "norm_volume": 57.3809, "norm_poi": 1.0, "norm_penduduk": 3.4157, "skor_total_ahp": 31.7827, "ranking": 179, "klasifikasi_potensi": "Sedang" }, "geometry": { "type": "Polygon", "coordinates": [ [ [ 110.365282918817172, -7.766286047386255 ], [ 110.363713513101885, -7.765379189769461 ], [ 110.362141386027716, -7.766281345059607 ], [ 110.362138656969293, -7.768090363099013 ], [ 110.363708068423776, -7.768997226957962 ], [ 110.3652802031975, -7.76809506653399 ], [ 110.365282918817172, -7.766286047386255 ] ] ] } }
]
}
