{
"type": "FeatureCollection",
"name": "Jumlah Penduduk Kota Yogyakarta",
"crs": { "type": "name", "properties": { "name": "urn:ogc:def:crs:OGC:1.3:CRS84" } },
"features": [
{ "type": "Feature", "properties": { "OBJECTID": 1, "WADMKC": "Tegalrejo", "WADMKK": "Kota Yogyakarta", "WADMPR": "Daerah Istimewa Yogyakarta", "Shape_Leng": 0.11467434612000001, "Shape_Area": 0.00024351725, "Penduduk": 37500 }, "geometry": { "type": "MultiPolygon", "coordinates": [ [ [ [ 110.369356707246311, -7.77368588959205, -0.000035249998973 ], [ 110.369324514215009, -7.773681898400866, -0.000035249998973 ], [ 110.369284999802971, -7.773677000693, -0.000035249998973 ], [ 110.368502999713712, -7.773491000209452, -0.000035249998973 ], [ 110.368157999991752, -7.773281000417789, -0.000035249998973 ], [ 110.36781899964717, -7.773234000049006, -0.000035249998973 ], [ 110.367508999740608, -7.773196000095246, -0.000035249998973 ], [ 110.367486999625385, -7.773334000163922, -0.000035249998973 ], [ 110.367314999787482, -7.773687000254818, -0.000035249998973 ], [ 110.367287999441658, -7.773748000369896, -0.000035249998973 ], [ 110.367098999719133, -7.774182000598782, -0.000035249998973 ], [ 110.367059999719288, -7.774418999836938, -0.000035249998973 ], [ 110.366409000275212, -7.774317001428408, -0.000035249998973 ], [ 110.366359999814222, -7.77492699988108, -0.000035249998973 ], [ 110.366362999952571, -7.775055000387914, -0.000035249998973 ], [ 110.36633499956065, -7.775270999556934, -0.000035249998973 ], [ 110.366298999699154, -7.775528000616701, -0.000035249998973 ], [ 110.366218999607213, -7.775529000662803, -0.000035249998973 ], [ 110.365902999423952, -7.775504000409231, -0.000035249998973 ], [ 110.365650998594788, -7.775488000570703, -0.000035249998973 ], [ 110.365312000048846, -7.77546200027103, -0.000035249998973 ], [ 110.365279998573158, -7.775462000271027, -0.000035249998973 ], [ 110.365121000234012, -7.776123000176262, -0.000035249998973 ], [ 110.365168999749585, -7.776872001441692, -0.000035249998973 ], [ 110.365149999772711, -7.777031000680104, -0.000035249998973 ], [ 110.365119000141817, -7.777210999987638, -0.000035249998973 ], [ 110.365064000303448, -7.777535001439095, -0.000035249998973 ], [ 110.365015999888556, -7.778735000120101, -0.000035249998973 ], [ 110.364989000442066, -7.779538000278421, -0.000035249998973 ], [ 110.364887000234944, -7.780241000321826, -0.000035249998973 ], [ 110.364450999913799, -7.780142000253083, -0.000035249998973 ], [ 110.364420000282848, -7.780132000691252, -0.000035249998973 ], [ 110.364033999569472, -7.780029999584769, -0.000035249998973 ], [ 110.363776000262263, -7.779944000115444, -0.000035249998973 ], [ 110.363660000308812, -7.779869000254104, -0.000035249998973 ], [ 110.363546999594405, -7.779799000623314, -0.000035249998973 ], [ 110.363273999595492, -7.780314000090984, -0.000035249998973 ], [ 110.360918999812043, -7.780084000276362, -0.000035249998973 ], [ 110.360244000160549, -7.779993000576502, -0.000035249998973 ], [ 110.360071999423269, -7.77995899990787, -0.000035249998973 ], [ 110.360039999746277, -7.779945000161607, -0.000035249998973 ], [ 110.359746999724337, -7.779872000392464, -0.000035249998973 ], [ 110.359512999725212, -7.779809000185148, -0.000035249998973 ], [ 110.359353999587483, -7.77974599997787, -0.000035249998973 ], [ 110.359290000233386, -7.779956999815628, -0.000035249998973 ], [ 110.359240999772396, -7.780104000299322, -0.000035249998973 ], [ 110.35913999961133, -7.780231999906836, -0.000035249998973 ], [ 110.359038000303542, -7.780332000021764, -0.000035249998973 ], [ 110.358975000096223, -7.780382001428162, -0.000035249998973 ], [ 110.358908999750611, -7.78047300022871, -0.000035249998973 ], [ 110.35877699995865, -7.780667000181895, -0.000035249998973 ], [ 110.358756999935679, -7.780686000158703, -0.000035249998973 ], [ 110.358722000120281, -7.780686000158703, -0.000035249998973 ], [ 110.358438999660166, -7.780657000620011, -0.000035249998973 ], [ 110.358225999730166, -7.780664000043551, -0.000035249998973 ], [ 110.358133999984148, -7.780725000158613, -0.000035249998973 ], [ 110.358037000007585, -7.780864000273374, -0.000035249998973 ], [ 110.357953999777351, -7.780986001402828, -0.000035249998973 ], [ 110.357858999892983, -7.781125000618267, -0.000035249998973 ], [ 110.357636000401158, -7.781246999949013, -0.000035249998973 ], [ 110.357605999917041, -7.781557999901732, -0.000035249998973 ], [ 110.357559000447566, -7.781745000431379, -0.000035249998973 ], [ 110.357482999640823, -7.781800000269759, -0.000035249998973 ], [ 110.357185000287586, -7.782024999853835, -0.000035249998973 ], [ 110.357164000218518, -7.782189000222159, -0.000035249998973 ], [ 110.357119999988072, -7.782517000059443, -0.000035249998973 ], [ 110.357068000288052, -7.782684000566118, -0.000035249998973 ], [ 110.356869000104325, -7.783317000079419, -0.000035249998973 ], [ 110.356693000081975, -7.783643999870668, -0.000035249998973 ], [ 110.356458000036753, -7.783881000008083, -0.000035249998973 ], [ 110.356318999921996, -7.78401300069936, -0.000035249998973 ], [ 110.356009000015376, -7.784311000052576, -0.000035249998973 ], [ 110.355703000293317, -7.784636000650843, -0.000035249998973 ], [ 110.355574999786484, -7.784748999566594, -0.000035249998973 ], [ 110.355564000178504, -7.784755999889452, -0.000035249998973 ], [ 110.355389000202251, -7.784922000349979, -0.000035249998973 ], [ 110.355218000410446, -7.785171000141474, -0.000035249998973 ], [ 110.355054000042117, -7.785531000555186, -0.000035249998973 ], [ 110.355021998566428, -7.785712999954915, -0.000035249998973 ], [ 110.355031999926894, -7.786120999884187, -0.000035249998973 ], [ 110.355095000134213, -7.786406000436497, -0.000035249998973 ], [ 110.355098999419354, -7.78641299986003, -0.000035249998973 ], [ 110.355115000157184, -7.786470999836745, -0.000035249998973 ], [ 110.355215000272096, -7.786698000412349, -0.000035249998973 ], [ 110.355238000433417, -7.78685000022727, -0.000035249998973 ], [ 110.355215000272096, -7.787043000134312, -0.000035249998973 ], [ 110.355128999903457, -7.787486999925081, -0.000035249998973 ], [ 110.355163999718854, -7.787710000316224, -0.000035249998973 ], [ 110.355278999626194, -7.788256000314116, -0.000035249998973 ], [ 110.355268000018285, -7.788511000382305, -0.000035249998973 ], [ 110.355265999926019, -7.788543000059357, -0.000035249998973 ], [ 110.355172000087805, -7.788863000427055, -0.000035249998973 ], [ 110.355118999442311, -7.789060001417901, -0.000035249998973 ], [ 110.355126999811262, -7.789275001440098, -0.000035249998973 ], [ 110.355177000318349, -7.789353001439784, -0.000035249998973 ], [ 110.355283999856795, -7.78940800037884, -0.000035249998973 ], [ 110.355628999578755, -7.789495999940419, -0.000035249998973 ], [ 110.355938998586012, -7.789534999940258, -0.000035249998973 ], [ 110.356315999783646, -7.789596000055319, -0.000035249998973 ], [ 110.356555000013316, -7.789684001415477, -0.000035249998973 ], [ 110.356631999966908, -7.789723001415335, -0.000035249998973 ], [ 110.356792000150733, -7.789804000654044, -0.000035249998973 ], [ 110.356915000426966, -7.78992900012322, -0.000035249998973 ], [ 110.357001999942383, -7.790072000422414, -0.000035249998973 ], [ 110.357014999642558, -7.79020999959175, -0.000035249998973 ], [ 110.356976999688868, -7.790387000559572, -0.000035249998973 ], [ 110.356860999735446, -7.790636000351069, -0.000035249998973 ], [ 110.356765999851063, -7.790777000558078, -0.000035249998973 ], [ 110.356590999874811, -7.790917999865761, -0.000035249998973 ], [ 110.356272999599298, -7.791123000326136, -0.000035249998973 ], [ 110.356035000315046, -7.791236000141233, -0.000035249998973 ], [ 110.355801998563436, -7.791382000578838, -0.000035249998973 ], [ 110.355584000201532, -7.791605000070654, -0.000035249998973 ], [ 110.355492999602291, -7.791772000577344, -0.000035249998973 ], [ 110.355424000017649, -7.79201500009214, -0.000035249998973 ], [ 110.355436999717824, -7.792150000022442, -0.000035249998973 ], [ 110.355497999832892, -7.792292000275546, -0.000035249998973 ], [ 110.355621000109124, -7.792574000689514, -0.000035249998973 ], [ 110.355712999855143, -7.792934000203892, -0.000035249998973 ], [ 110.355711999808989, -7.792955000273032, -0.000035249998973 ], [ 110.355702000247163, -7.793189000272091, -0.000035249998973 ], [ 110.355637999993746, -7.793348000409821, -0.000035249998973 ], [ 110.355537999878848, -7.793432000686213, -0.000035249998973 ], [ 110.355277999580096, -7.793636000201217, -0.000035249998973 ], [ 110.355272000202717, -7.793717000339252, -0.000035249998973 ], [ 110.355322999856639, -7.793818001399578, -0.000035249998973 ], [ 110.355469000294192, -7.794098999968806, -0.000035249998973 ], [ 110.355439999856173, -7.794187000429705, -0.000035249998973 ], [ 110.353978999930973, -7.7941390000148, -0.000035249998973 ], [ 110.353971999608177, -7.794122000130134, -0.000035249998973 ], [ 110.353211999634141, -7.794017000683986, -0.000035249998973 ], [ 110.353366000440644, -7.79318299999539, -0.000035249998973 ], [ 110.352396999821735, -7.793089000157179, -0.000035249998973 ], [ 110.351474000424844, -7.792936000296153, -0.000035249998973 ], [ 110.351463999963698, -7.792925000688167, -0.000035249998973 ], [ 110.350193999853275, -7.79285200001976, -0.000035249998973 ], [ 110.350015999738673, -7.793429001447246, -0.000035249998973 ], [ 110.34936100011015, -7.793403000248198, -0.000035249998973 ], [ 110.348697000066579, -7.793248000294899, -0.000035249998973 ], [ 110.348661922010137, -7.793232520264546, -0.000035249998973 ], [ 110.348716375960066, -7.793165081003623, -0.000035249998973 ], [ 110.34871723031597, -7.793164024300208, -0.000035249998973 ], [ 110.348717162866819, -7.793161713941918, -0.000035249998973 ], [ 110.348712785866439, -7.793010644925292, -0.000035249998973 ], [ 110.348738591912536, -7.792547966215631, -0.000035249998973 ], [ 110.348748649031009, -7.792340467438573, -0.000035249998973 ], [ 110.348788246180675, -7.792040863694866, -0.000035249998973 ], [ 110.348842969027885, -7.791916193377566, -0.000035249998973 ], [ 110.348928047591357, -7.791722361597636, -0.000035249998973 ], [ 110.348981711936517, -7.791528465066563, -0.000035249998973 ], [ 110.349104753581571, -7.791029076031014, -0.000035249998973 ], [ 110.349195824327865, -7.790619808057669, -0.000035249998973 ], [ 110.349452069957124, -7.789950487624878, -0.000035249998973 ], [ 110.349515818400334, -7.789774412059439, -0.000035249998973 ], [ 110.349583914166374, -7.789785360406021, -0.000035249998973 ], [ 110.350163558701354, -7.790010611800251, -0.000035249998973 ], [ 110.350275384901181, -7.789680140625938, -0.000035249998973 ], [ 110.34969583569432, -7.78948127174323, -0.000035249998973 ], [ 110.349764561885081, -7.789354972753753, -0.000035249998973 ], [ 110.34981462894207, -7.788821841155036, -0.000035249998973 ], [ 110.349833044359571, -7.788658293145658, -0.000035249998973 ], [ 110.349903629448988, -7.788297514818388, -0.000035249998973 ], [ 110.349951250349989, -7.788014895670863, -0.000035249998973 ], [ 110.349997683246556, -7.787773717283182, -0.000035249998973 ], [ 110.350045226805832, -7.787419253995322, -0.000035249998973 ], [ 110.350065302371888, -7.787272159982138, -0.000035249998973 ], [ 110.350113407108097, -7.787160927334861, -0.000035249998973 ], [ 110.350185258442991, -7.786707794029446, -0.000035249998973 ], [ 110.350226007624201, -7.786387264860365, -0.000035249998973 ], [ 110.350517905976631, -7.783962915655986, -0.000035249998973 ], [ 110.350711462563993, -7.782048510830073, -0.000035249998973 ], [ 110.350785483063646, -7.781522807631398, -0.000035249998973 ], [ 110.350798795727883, -7.781388823035676, -0.000035249998973 ], [ 110.351185003285309, -7.78145472265726, -0.000035249998973 ], [ 110.351197205286837, -7.781404256301355, -0.000035249998973 ], [ 110.351248097022108, -7.781193760083909, -0.000035249998973 ], [ 110.351313294273154, -7.780681683412926, -0.000035249998973 ], [ 110.351314143233196, -7.780494473341204, -0.000035249998973 ], [ 110.351308099789037, -7.780406375753611, -0.000035249998973 ], [ 110.351308262566306, -7.780300067793852, -0.000035249998973 ], [ 110.351311408394849, -7.780202926623708, -0.000035249998973 ], [ 110.351299378163844, -7.780111906239419, -0.000035249998973 ], [ 110.351266123932533, -7.780063230433718, -0.000035249998973 ], [ 110.351232724910403, -7.779987273693685, -0.000035249998973 ], [ 110.351235836564683, -7.779911372711644, -0.000035249998973 ], [ 110.351248120404478, -7.779838506941481, -0.000035249998973 ], [ 110.351257341153428, -7.779808221372265, -0.000035249998973 ], [ 110.351223933138044, -7.779738303579791, -0.000035249998973 ], [ 110.351221015737337, -7.779686654615372, -0.000035249998973 ], [ 110.35123354599142, -7.779452919916249, -0.000035249998973 ], [ 110.351206106776488, -7.778910609836704, -0.000035249998973 ], [ 110.35120033133029, -7.778648213744024, -0.000035249998973 ], [ 110.351191653771878, -7.77844609920805, -0.000035249998973 ], [ 110.351185678676188, -7.778313334093072, -0.000035249998973 ], [ 110.351146558167159, -7.778183641961443, -0.000035249998973 ], [ 110.351086521226023, -7.777896902120285, -0.000035249998973 ], [ 110.351065415936262, -7.777741102669717, -0.000035249998973 ], [ 110.351027496022212, -7.776830081343122, -0.000035249998973 ], [ 110.351012871247065, -7.77647791672245, -0.000035249998973 ], [ 110.350965156816585, -7.776091758627724, -0.000035249998973 ], [ 110.35090218718625, -7.775642167751817, -0.000035249998973 ], [ 110.350842963232253, -7.775352706562107, -0.000035249998973 ], [ 110.350819674388504, -7.775238881169396, -0.000035249998973 ], [ 110.350664026923369, -7.77514413669252, -0.000035249998973 ], [ 110.35077336379976, -7.7747923335993, -0.000035249998973 ], [ 110.350992549266778, -7.773984264861888, -0.000035249998973 ], [ 110.351056620566624, -7.773716143685025, -0.000035249998973 ], [ 110.351116024385078, -7.772952707401483, -0.000035249998973 ], [ 110.351130526852387, -7.772774783729237, -0.000035249998973 ], [ 110.351028859394432, -7.770945202059404, -0.000035249998973 ], [ 110.351007949257507, -7.770759339172115, -0.000035249998973 ], [ 110.350985451817223, -7.770559363223988, -0.000035249998973 ], [ 110.351075698784541, -7.770559188755506, -0.000035249998973 ], [ 110.351063465306765, -7.770478578923239, -0.000035249998973 ], [ 110.351040790699983, -7.770369008223093, -0.000035249998973 ], [ 110.351037687139637, -7.770317254937316, -0.000035249998973 ], [ 110.351035327318584, -7.770283705728383, -0.000035249998973 ], [ 110.351035567437521, -7.770280922326653, -0.000035249998973 ], [ 110.351059223204629, -7.77000707426702, -0.000035249998973 ], [ 110.351067764965421, -7.769913295662038, -0.000035249998973 ], [ 110.351090632027081, -7.769662263402656, -0.000035249998973 ], [ 110.351093662742429, -7.769628989386315, -0.000035249998973 ], [ 110.351106423222916, -7.769522159819751, -0.000035249998973 ], [ 110.351111749008055, -7.769477565137494, -0.000035249998973 ], [ 110.351145892668853, -7.769191695840043, -0.000035249998973 ], [ 110.351176818555416, -7.768846918250631, -0.000035249998973 ], [ 110.35117471773907, -7.76877955633142, -0.000035249998973 ], [ 110.351172419071929, -7.768705858688405, -0.000035249998973 ], [ 110.351135992032482, -7.768498126986916, -0.000035249998973 ], [ 110.351080771860211, -7.768221533297097, -0.000035249998973 ], [ 110.351089015046057, -7.768220295829953, -0.000035249998973 ], [ 110.351089167930809, -7.768220273346905, -0.000035249998973 ], [ 110.351191080004412, -7.768204260018544, -0.000035249998973 ], [ 110.351245213795664, -7.768188151362035, -0.000035249998973 ], [ 110.351331122433407, -7.768160888414222, -0.000035249998973 ], [ 110.351378171365582, -7.768145956970268, -0.000035249998973 ], [ 110.351404295771715, -7.768356219363956, -0.000035249998973 ], [ 110.351294500241067, -7.768384953602665, -0.000035249998973 ], [ 110.351392488572571, -7.769309594262324, -0.000035249998973 ], [ 110.351427792358777, -7.76981587929936, -0.000035249998973 ], [ 110.351689611986046, -7.770520624926865, -0.000035249998973 ], [ 110.35219276288575, -7.771968678211869, -0.000035249998973 ], [ 110.352268535264727, -7.771988563121626, -0.000035249998973 ], [ 110.352512434101641, -7.772052569670278, -0.000035249998973 ], [ 110.352531780317463, -7.772057647242605, -0.000035249998973 ], [ 110.35296484165417, -7.772105235767981, -0.000035249998973 ], [ 110.353236100565653, -7.772093338636631, -0.000035249998973 ], [ 110.35335507367779, -7.772012437423991, -0.000035249998973 ], [ 110.35344549331495, -7.771876807968288, -0.000035249998973 ], [ 110.353450251627862, -7.771379500863241, -0.000035249998973 ], [ 110.353353702211621, -7.771096183841787, -0.000035249998973 ], [ 110.353192439379654, -7.770494318857683, -0.000035249998973 ], [ 110.353090952685378, -7.770201666873395, -0.000035249998973 ], [ 110.352978682220453, -7.769786724177949, -0.000035249998973 ], [ 110.352953796180827, -7.769700057411671, -0.000035249998973 ], [ 110.352868110574889, -7.769401647967644, -0.000035249998973 ], [ 110.352834710653454, -7.769313673587132, -0.000035249998973 ], [ 110.352736413854473, -7.76905476686397, -0.000035249998973 ], [ 110.352652657294357, -7.768663584256961, -0.000035249998973 ], [ 110.352642881663712, -7.768558590206737, -0.000035249998973 ], [ 110.352637739340253, -7.768503343954135, -0.000035249998973 ], [ 110.352620043380341, -7.768360458768079, -0.000035249998973 ], [ 110.352635525209408, -7.768258124013188, -0.000035249998973 ], [ 110.352734509989716, -7.768105838213849, -0.000035249998973 ], [ 110.352774484854649, -7.767972588364215, -0.000035249998973 ], [ 110.352860146178841, -7.767605200019938, -0.000035249998973 ], [ 110.352905830839461, -7.76739580727064, -0.000035249998973 ], [ 110.352894410348824, -7.767192125216351, -0.000035249998973 ], [ 110.352888698754512, -7.767140728961416, -0.000035249998973 ], [ 110.35274212365016, -7.766982733366428, -0.000035249998973 ], [ 110.352582225089705, -7.766868517667882, -0.000035249998973 ], [ 110.352435649985296, -7.766769532887559, -0.000035249998973 ], [ 110.352348085695667, -7.766710522072918, -0.000035249998973 ], [ 110.352266232100988, -7.766571562427602, -0.000035249998973 ], [ 110.352230064066248, -7.766489707933598, -0.000035249998973 ], [ 110.352261098770725, -7.766468011789248, -0.000035249998973 ], [ 110.35266407778505, -7.766615344122785, -0.000035249998973 ], [ 110.353125475860111, -7.766842261061476, -0.000035249998973 ], [ 110.353128548843529, -7.766843771922487, -0.000035249998973 ], [ 110.353326520202813, -7.766978924737547, -0.000035249998973 ], [ 110.353384875411734, -7.767028965714138, -0.000035249998973 ], [ 110.353655429254729, -7.767260973714932, -0.000035249998973 ], [ 110.353901463082138, -7.767403289630059, -0.000035249998973 ], [ 110.35396421597585, -7.767439588965828, -0.000035249998973 ], [ 110.354101955241106, -7.767548067888987, -0.000035249998973 ], [ 110.354331604320123, -7.767728932344312, -0.000035249998973 ], [ 110.354623443317337, -7.767932176428753, -0.000035249998973 ], [ 110.354758004378482, -7.76802588758459, -0.000035249998973 ], [ 110.355308134962513, -7.768438963287457, -0.000035249998973 ], [ 110.355606994966877, -7.768665487222391, -0.000035249998973 ], [ 110.356396977438635, -7.769268918825495, -0.000035249998973 ], [ 110.356716387851066, -7.769521944881836, -0.000035249998973 ], [ 110.357604548411246, -7.770225514196065, -0.000035249998973 ], [ 110.358417631768361, -7.770807571612075, -0.000035249998973 ], [ 110.358602974847486, -7.77094025219083, -0.000035249998973 ], [ 110.358692925038497, -7.771018394283433, -0.000035249998973 ], [ 110.358962873637779, -7.771252904198144, -0.000035249998973 ], [ 110.359007044739371, -7.771254520279861, -0.000035249998973 ], [ 110.359295967235141, -7.771265092709815, -0.000035249998973 ], [ 110.359413216346923, -7.771269777278346, -0.000035249998973 ], [ 110.35978999181475, -7.771283110626992, -0.000035249998973 ], [ 110.360626942279623, -7.771318901845798, -0.000035249998973 ], [ 110.360638364568956, -7.771319390177668, -0.000035249998973 ], [ 110.360683849580028, -7.77112091699666, -0.000035249998973 ], [ 110.360723080705668, -7.770891684303764, -0.000035249998973 ], [ 110.360776992364379, -7.770576669777423, -0.000035249998973 ], [ 110.360895913315801, -7.770542889442758, -0.000035249998973 ], [ 110.36107531457418, -7.77048863784035, -0.000035249998973 ], [ 110.361294364243577, -7.77049921656556, -0.000035249998973 ], [ 110.361342250444579, -7.770500829049972, -0.000035249998973 ], [ 110.361356280767779, -7.770501301194025, -0.000035249998973 ], [ 110.361367795687272, -7.770396461827199, -0.000035249998973 ], [ 110.361420389839168, -7.769917594421362, -0.000035249998973 ], [ 110.361470559418819, -7.769445758814702, -0.000035249998973 ], [ 110.361515610057438, -7.769454948087341, -0.000035249998973 ], [ 110.361866212555768, -7.769491302281719, -0.000035249998973 ], [ 110.361876072722623, -7.769466237276956, -0.000035249998973 ], [ 110.361878975734214, -7.769458858339599, -0.000035249998973 ], [ 110.361892129218461, -7.76942542334456, -0.000035249998973 ], [ 110.361929451982704, -7.769285308070438, -0.000035249998973 ], [ 110.361938564812988, -7.76924621004452, -0.000035249998973 ], [ 110.361957535112197, -7.769164816902729, -0.000035249998973 ], [ 110.362004263885751, -7.769016540281085, -0.000035249998973 ], [ 110.362015153776383, -7.768968628899065, -0.000035249998973 ], [ 110.362046399821566, -7.768831169322941, -0.000035249998973 ], [ 110.362077781664368, -7.76870890109484, -0.000035249998973 ], [ 110.36211536613132, -7.768544303576675, -0.000035249998973 ], [ 110.362117412988269, -7.768535340033851, -0.000035249998973 ], [ 110.362234817682747, -7.76854830106321, -0.000035249998973 ], [ 110.362505987561349, -7.768578235896829, -0.000035249998973 ], [ 110.362569965331716, -7.76854004168951, -0.000035249998973 ], [ 110.362651723598219, -7.768499633351317, -0.000035249998973 ], [ 110.362652770409113, -7.768499116241168, -0.000035249998973 ], [ 110.362653275828052, -7.768501405015803, -0.000035249998973 ], [ 110.362653465585026, -7.768502262969035, -0.000035249998973 ], [ 110.362674660807002, -7.768598101021494, -0.000035249998973 ], [ 110.362682332024065, -7.768617407667185, -0.000035249998973 ], [ 110.362699468605626, -7.768660540051816, -0.000035249998973 ], [ 110.362803152343645, -7.768715171168193, -0.000035249998973 ], [ 110.362906896336256, -7.768753242168374, -0.000035249998973 ], [ 110.363027773313149, -7.768758001380601, -0.000035249998973 ], [ 110.363124855128035, -7.768760855828763, -0.000035249998973 ], [ 110.363299031325312, -7.768674243921163, -0.000035249998973 ], [ 110.363534122202054, -7.768541945554316, -0.000035249998973 ], [ 110.363761599418353, -7.76846389968915, -0.000035249998973 ], [ 110.36379770899714, -7.768438339157957, -0.000035249998973 ], [ 110.363797067780524, -7.768421076671307, -0.000035249998973 ], [ 110.363794911206242, -7.768363010144753, -0.000035249998973 ], [ 110.363858681233239, -7.76832493914458, -0.000035249998973 ], [ 110.363976701963281, -7.768267832194676, -0.000035249998973 ], [ 110.364010966133264, -7.768280205067355, -0.000035249998973 ], [ 110.364063313870872, -7.76835539558499, -0.000035249998973 ], [ 110.36407759060836, -7.768420117094712, -0.000035249998973 ], [ 110.36407384223412, -7.768432686918921, -0.000035249998973 ], [ 110.364061410905435, -7.768474368697123, -0.000035249998973 ], [ 110.364069024565879, -7.768521006639096, -0.000035249998973 ], [ 110.364215599670274, -7.768562885368793, -0.000035249998973 ], [ 110.364269852172015, -7.768627605979181, -0.000035249998973 ], [ 110.364287934840391, -7.768769421871298, -0.000035249998973 ], [ 110.364273659002208, -7.768853179330733, -0.000035249998973 ], [ 110.364268899789977, -7.768943598967892, -0.000035249998973 ], [ 110.364272228180837, -7.769066753028204, -0.000035249998973 ], [ 110.36427270662017, -7.769084463377223, -0.000035249998973 ], [ 110.364548723844564, -7.769073992570671, -0.000035249998973 ], [ 110.364678166863996, -7.769113968334922, -0.000035249998973 ], [ 110.364782863238588, -7.769164413107148, -0.000035249998973 ], [ 110.364957991817903, -7.769283386219224, -0.000035249998973 ], [ 110.365106672235186, -7.769381731581571, -0.000035249998973 ], [ 110.365140734057718, -7.769404262296802, -0.000035249998973 ], [ 110.365208149936223, -7.769438262965428, -0.000035249998973 ], [ 110.365228796571785, -7.769448676215401, -0.000035249998973 ], [ 110.365250189644598, -7.769459466281328, -0.000035249998973 ], [ 110.365439594961401, -7.769514669366453, -0.000035249998973 ], [ 110.365482425173866, -7.769509911053482, -0.000035249998973 ], [ 110.365530013699242, -7.76947850223104, -0.000035249998973 ], [ 110.365589025413271, -7.769368095161437, -0.000035249998973 ], [ 110.365805080340238, -7.7694128292386, -0.000035249998973 ], [ 110.36603565662034, -7.769483775855525, -0.000035249998973 ], [ 110.366213395032219, -7.769538463629138, -0.000035249998973 ], [ 110.366214347414257, -7.769559403443686, -0.000035249998973 ], [ 110.366172468684567, -7.769704074683263, -0.000035249998973 ], [ 110.36610869865757, -7.769868733355334, -0.000035249998973 ], [ 110.36606301309763, -7.769870637220095, -0.000035249998973 ], [ 110.365939280773262, -7.769843986710553, -0.000035249998973 ], [ 110.365941184638018, -7.76981067402334, -0.000035249998973 ], [ 110.36569943158355, -7.769747857277756, -0.000035249998973 ], [ 110.365664215930906, -7.769745953412945, -0.000035249998973 ], [ 110.365648986811379, -7.769770699158407, -0.000035249998973 ], [ 110.365455774664326, -7.769707882412777, -0.000035249998973 ], [ 110.365430125100261, -7.769698117574018, -0.000035249998973 ], [ 110.365288260644775, -7.769644112385828, -0.000035249998973 ], [ 110.365273032424568, -7.769643160003799, -0.000035249998973 ], [ 110.36524923816188, -7.769680280420565, -0.000035249998973 ], [ 110.365245997904537, -7.769689340190845, -0.000035249998973 ], [ 110.365193081795326, -7.76983732363351, -0.000035249998973 ], [ 110.365172142880169, -7.769853505135139, -0.000035249998973 ], [ 110.365141686439756, -7.769854456617858, -0.000035249998973 ], [ 110.365114084447498, -7.769855408100561, -0.000035249998973 ], [ 110.365084578590483, -7.769958200610404, -0.000035249998973 ], [ 110.365005581242656, -7.770141895232249, -0.000035249998973 ], [ 110.364980834597887, -7.770192340004421, -0.000035249998973 ], [ 110.36497497281681, -7.770214028054911, -0.000035249998973 ], [ 110.364971317072673, -7.770227555657137, -0.000035249998973 ], [ 110.364996062818079, -7.770254206166604, -0.000035249998973 ], [ 110.365043652242832, -7.770256110031427, -0.000035249998973 ], [ 110.365075061065284, -7.770218989614651, -0.000035249998973 ], [ 110.365137878710186, -7.77002292212011, -0.000035249998973 ], [ 110.365188324381748, -7.770017212324431, -0.000035249998973 ], [ 110.365293019857063, -7.770021970637401, -0.000035249998973 ], [ 110.365451016351372, -7.77000388706967, -0.000035249998973 ], [ 110.365584266200983, -7.769986754984703, -0.000035249998973 ], [ 110.365643276116373, -7.769998176374709, -0.000035249998973 ], [ 110.365816500830931, -7.77005813777283, -0.000035249998973 ], [ 110.366107747174851, -7.770153316622222, -0.000035249998973 ], [ 110.366300958422528, -7.770207187811416, -0.000035249998973 ], [ 110.366315891665124, -7.770211351672523, -0.000035249998973 ], [ 110.366492267604144, -7.770264676073899, -0.000035249998973 ], [ 110.366575418021185, -7.770307002666017, -0.000035249998973 ], [ 110.366575743575766, -7.770307169040557, -0.000035249998973 ], [ 110.366587625418617, -7.770313216981328, -0.000035249998973 ], [ 110.366639734835942, -7.770356047193794, -0.000035249998973 ], [ 110.366659723167743, -7.770382459382975, -0.000035249998973 ], [ 110.366659009106058, -7.77044599108955, -0.000035249998973 ], [ 110.366639734835942, -7.770520230124473, -0.000035249998973 ], [ 110.366599045909311, -7.770742947229169, -0.000035249998973 ], [ 110.366579059376136, -7.770813616854873, -0.000035249998973 ], [ 110.366521993795061, -7.771085779585006, -0.000035249998973 ], [ 110.366514379235298, -7.771129562179517, -0.000035249998973 ], [ 110.366515800164109, -7.771260575415164, -0.000035249998973 ], [ 110.36651588739835, -7.771268621649535, -0.000035249998973 ], [ 110.366522552274034, -7.771292191981049, -0.000035249998973 ], [ 110.366522605334012, -7.771292379040013, -0.000035249998973 ], [ 110.366525875268962, -7.771294578781752, -0.000035249998973 ], [ 110.366562841002363, -7.771319443237642, -0.000035249998973 ], [ 110.366575039406598, -7.771332380884641, -0.000035249998973 ], [ 110.366602101805597, -7.771361083647028, -0.000035249998973 ], [ 110.366616379442405, -7.771401534253363, -0.000035249998973 ], [ 110.366602101805597, -7.771462210612472, -0.000035249998973 ], [ 110.366556220193445, -7.771587071586053, -0.000035249998973 ], [ 110.366529529214461, -7.771659706230429, -0.000035249998973 ], [ 110.366529761239576, -7.771661388861964, -0.000035249998973 ], [ 110.366534286628124, -7.771694207821389, -0.000035249998973 ], [ 110.366655640245654, -7.771722762195674, -0.000035249998973 ], [ 110.367400411100164, -7.771904790373744, -0.000035249998973 ], [ 110.367606235339565, -7.771948811288551, -0.000035249998973 ], [ 110.367621700980749, -7.771888134030116, -0.000035249998973 ], [ 110.367662909715591, -7.771613683424686, -0.000035249998973 ], [ 110.367692272580371, -7.771445700858354, -0.000035249998973 ], [ 110.367720618311921, -7.771283547697516, -0.000035249998973 ], [ 110.367758201879553, -7.770972602603476, -0.000035249998973 ], [ 110.367759722633139, -7.770954562203263, -0.000035249998973 ], [ 110.367764018694572, -7.770919063264098, -0.000035249998973 ], [ 110.367809030662272, -7.770610308918545, -0.000035249998973 ], [ 110.367850128780503, -7.770328398436794, -0.000035249998973 ], [ 110.367870355432615, -7.770302222769316, -0.000035249998973 ], [ 110.368113059969801, -7.770315310603052, -0.000035249998973 ], [ 110.368519948336996, -7.770343864078028, -0.000035249998973 ], [ 110.368528643881859, -7.77034685342449, -0.000035249998973 ], [ 110.368558019337172, -7.770356951012443, -0.000035249998973 ], [ 110.368517567831532, -7.770654383792701, -0.000035249998973 ], [ 110.368446184144148, -7.771110051387723, -0.000035249998973 ], [ 110.368415251063041, -7.771333719975138, -0.000035249998973 ], [ 110.368404543734755, -7.771381309399893, -0.000035249998973 ], [ 110.368404543734755, -7.771386086598559, -0.000035249998973 ], [ 110.368404543734755, -7.771430087728329, -0.000035249998973 ], [ 110.368433097209731, -7.771451503284195, -0.000035249998973 ], [ 110.368629403024613, -7.771528835986938, -0.000035249998973 ], [ 110.368654726134764, -7.771539689005403, -0.000035249998973 ], [ 110.368671043433949, -7.771546682133644, -0.000035249998973 ], [ 110.368674612843165, -7.771576425411643, -0.000035249998973 ], [ 110.368672233237021, -7.771602599280473, -0.000035249998973 ], [ 110.368675340394702, -7.771605706438159, -0.000035249998973 ], [ 110.368692458989884, -7.771622824134002, -0.000035249998973 ], [ 110.36888518910024, -7.7717668046942, -0.000035249998973 ], [ 110.368894712920735, -7.771773920130278, -0.000035249998973 ], [ 110.368925646001799, -7.771813180933523, -0.000035249998973 ], [ 110.368932783920911, -7.771842924211505, -0.000035249998973 ], [ 110.368914937774207, -7.771889323833195, -0.000035249998973 ], [ 110.368900661036719, -7.77191787820748, -0.000035249998973 ], [ 110.368928024708623, -7.771929775338831, -0.000035249998973 ], [ 110.369026772967231, -7.771963087126725, -0.000035249998973 ], [ 110.369068859440347, -7.771985836377215, -0.000035249998973 ], [ 110.369106260445619, -7.772006053136806, -0.000035249998973 ], [ 110.369114812998319, -7.772010675652096, -0.000035249998973 ], [ 110.369148381992318, -7.772035389921251, -0.000035249998973 ], [ 110.369153697884883, -7.772236758019911, -0.000035249998973 ], [ 110.369154073801553, -7.772251002381839, -0.000035249998973 ], [ 110.369163592226073, -7.772377113413023, -0.000035249998973 ], [ 110.369168351438304, -7.772465154343361, -0.000035249998973 ], [ 110.369201663226249, -7.772636475193106, -0.000035249998973 ], [ 110.369208802044625, -7.772736412355466, -0.000035249998973 ], [ 110.369219509372897, -7.772883938942596, -0.000035249998973 ], [ 110.369220699175969, -7.772917250730477, -0.000035249998973 ], [ 110.369232671850412, -7.772946519166448, -0.000035249998973 ], [ 110.36924211383257, -7.772969599367456, -0.000035249998973 ], [ 110.369282565338153, -7.77309095208574, -0.000035249998973 ], [ 110.369309929010058, -7.773262272935487, -0.000035249998973 ], [ 110.369348000010234, -7.773502598765896, -0.000035249998973 ], [ 110.369358708237883, -7.773663212287381, -0.000035249998973 ], [ 110.369356707246311, -7.77368588959205, -0.000035249998973 ] ] ] ] } },
{ "type": "Feature", "properties": { "OBJECTID": 2, "WADMKC": "Jetis", "WADMKK": "Kota Yogyakarta", "WADMPR": "Daerah Istimewa Yogyakarta", "Shape_Leng": 0.06496169906, "Shape_Area": 0.00014582318, "Penduduk": 27020 }, "geometry": { "type": "MultiPolygon", "coordinates": [ [ [ [ 110.369356707246311, -7.77368588959205, -0.000035249998973 ], [ 110.36932658535369, -7.774027270442103, -0.000035249998973 ], [ 110.369323015944474, -7.774177175736044, -0.000035249998973 ], [ 110.369319833243765, -7.774224918944816, -0.000035249998973 ], [ 110.369315877126098, -7.774284250817467, -0.000035249998973 ], [ 110.369318850284799, -7.774302237258375, -0.000035249998973 ], [ 110.369339672288106, -7.774428208894674, -0.000035249998973 ], [ 110.369356327732419, -7.774472228910215, -0.000035249998973 ], [ 110.369468162925443, -7.77463165262862, -0.000035249998973 ], [ 110.369484058442595, -7.774653831708914, -0.000035249998973 ], [ 110.369519320860036, -7.774703037215367, -0.000035249998973 ], [ 110.369570479693948, -7.774736349003258, -0.000035249998973 ], [ 110.369813185130454, -7.774879117277417, -0.000035249998973 ], [ 110.369840603660975, -7.774895318564066, -0.000035249998973 ], [ 110.369891706736951, -7.774925515999711, -0.000035249998973 ], [ 110.3700059206368, -7.775063525061565, -0.000035249998973 ], [ 110.370047561945512, -7.775158703011698, -0.000035249998973 ], [ 110.370058269273798, -7.775237226416837, -0.000035249998973 ], [ 110.370057279120203, -7.775344080265032, -0.000035249998973 ], [ 110.370039664998615, -7.775346637037618, -0.000035249998973 ], [ 110.370012157435156, -7.775346596568117, -0.000035249998973 ], [ 110.370012000053805, -7.775375999902447, -0.000035249998973 ], [ 110.369998998555005, -7.775833000292662, -0.000035249998973 ], [ 110.370078000399474, -7.775886000038841, -0.000035249998973 ], [ 110.370343000029493, -7.775971000361332, -0.000035249998973 ], [ 110.370521000144095, -7.776030000384131, -0.000035249998973 ], [ 110.37060899970561, -7.776127000360761, -0.000035249998973 ], [ 110.370709999866691, -7.776330999875717, -0.000035249998973 ], [ 110.370917000419297, -7.776682999920471, -0.000035249998973 ], [ 110.371269999610831, -7.777237000287306, -0.000035249998973 ], [ 110.371265000279607, -7.77738900010224, -0.000035249998973 ], [ 110.371211999634113, -7.777611000447273, -0.000035249998973 ], [ 110.371104000049627, -7.777767999593443, -0.000035249998973 ], [ 110.370737000212443, -7.778207000052992, -0.000035249998973 ], [ 110.370545998599027, -7.778435999821512, -0.000035249998973 ], [ 110.370531999752075, -7.778461000075025, -0.000035249998973 ], [ 110.370332999568348, -7.778806999843136, -0.000035249998973 ], [ 110.370276999683824, -7.778993000326644, -0.000035249998973 ], [ 110.370270000260348, -7.779215999818512, -0.000035249998973 ], [ 110.370308000214095, -7.779614000185923, -0.000035249998973 ], [ 110.370203999914736, -7.779808000139046, -0.000035249998973 ], [ 110.370126999961144, -7.78, -0.000035249998973 ], [ 110.36998399966194, -7.780581999859349, -0.000035249998973 ], [ 110.370037000307377, -7.780724000112452, -0.000035249998973 ], [ 110.370155998600524, -7.780887000434695, -0.000035249998973 ], [ 110.370288000191124, -7.780980000226804, -0.000035249998973 ], [ 110.370436999867707, -7.781023999557869, -0.000035249998973 ], [ 110.371081999934404, -7.781195000248996, -0.000035249998973 ], [ 110.371322000210228, -7.781358000571237, -0.000035249998973 ], [ 110.371451999909937, -7.781513001423832, -0.000035249998973 ], [ 110.371486999725334, -7.781646000362563, -0.000035249998973 ], [ 110.371466999702363, -7.781803999554878, -0.000035249998973 ], [ 110.371389999748786, -7.781967999923213, -0.000035249998973 ], [ 110.371264000233509, -7.782255000567773, -0.000035249998973 ], [ 110.371118999842054, -7.782486999575315, -0.000035249998973 ], [ 110.370899999635355, -7.78283700042721, -0.000035249998973 ], [ 110.370884999842943, -7.782962999942473, -0.000035249998973 ], [ 110.370876998574659, -7.783030000334175, -0.000035249998973 ], [ 110.370914999427725, -7.783360000263776, -0.000035249998973 ], [ 110.370945999957996, -7.783853001414847, -0.000035249998973 ], [ 110.370826999866225, -7.784084000376258, -0.000035249998973 ], [ 110.370650999843804, -7.784313000144771, -0.000035249998973 ], [ 110.370401000006211, -7.784553999567383, -0.000035249998973 ], [ 110.369860000238873, -7.784996000165227, -0.000035249998973 ], [ 110.369148999826564, -7.785504000209412, -0.000035249998973 ], [ 110.368767000196954, -7.785758000231447, -0.000035249998973 ], [ 110.368752999551361, -7.785780000346679, -0.000035249998973 ], [ 110.368765000104759, -7.785816000208173, -0.000035249998973 ], [ 110.368733999574488, -7.786047000068941, -0.000035249998973 ], [ 110.368658999713148, -7.786207000252828, -0.000035249998973 ], [ 110.368379999437479, -7.786536000136267, -0.000035249998973 ], [ 110.368024000107596, -7.786974001448976, -0.000035249998973 ], [ 110.368009000315169, -7.787077999949708, -0.000035249998973 ], [ 110.368046000222819, -7.78725700011041, -0.000035249998973 ], [ 110.368185998585034, -7.787571000201464, -0.000035249998973 ], [ 110.368343000429221, -7.788057000130376, -0.000035249998973 ], [ 110.368527999967284, -7.788752999850992, -0.000035249998973 ], [ 110.368764000058604, -7.789246000102768, -0.000035249998973 ], [ 110.368912999735187, -7.789520000147829, -0.000035249998973 ], [ 110.368903000173361, -7.789634000009068, -0.000035249998973 ], [ 110.368819999943128, -7.789966000030805, -0.000035249998973 ], [ 110.368427999852372, -7.789894000307801, -0.000035249998973 ], [ 110.368338000198605, -7.789877999569962, -0.000035249998973 ], [ 110.368308999760586, -7.789877999569963, -0.000035249998973 ], [ 110.366767999743445, -7.789720000377664, -0.000035249998973 ], [ 110.366505000205677, -7.789710999962615, -0.000035249998973 ], [ 110.366199999630339, -7.789627000585548, -0.000035249998973 ], [ 110.366214000275932, -7.789448999571617, -0.000035249998973 ], [ 110.366214999422766, -7.789442000148138, -0.000035249998973 ], [ 110.36628299986063, -7.788891999965759, -0.000035249998973 ], [ 110.366297999653, -7.788773999920132, -0.000035249998973 ], [ 110.36633499956065, -7.78844800017503, -0.000035249998973 ], [ 110.366437999813911, -7.787695001423121, -0.000035249998973 ], [ 110.365834999885408, -7.787604999970704, -0.000035249998973 ], [ 110.365582999955564, -7.787581000662603, -0.000035249998973 ], [ 110.365068999634673, -7.787503000662921, -0.000035249998973 ], [ 110.364708000074188, -7.787459999579259, -0.000035249998973 ], [ 110.364576000282227, -7.787433000132812, -0.000035249998973 ], [ 110.363825999870073, -7.787351999994767, -0.000035249998973 ], [ 110.363762999662754, -7.787348000709643, -0.000035249998973 ], [ 110.363441000102114, -7.787303999579877, -0.000035249998973 ], [ 110.363229000218269, -7.787260000248746, -0.000035249998973 ], [ 110.362824000427338, -7.787205000410376, -0.000035249998973 ], [ 110.36263099962099, -7.787195999995337, -0.000035249998973 ], [ 110.362570999552077, -7.787556999555824, -0.000035249998973 ], [ 110.362518999852, -7.787763000062346, -0.000035249998973 ], [ 110.362451000313456, -7.78803399996905, -0.000035249998973 ], [ 110.362421999875437, -7.78816899989936, -0.000035249998973 ], [ 110.362430000244387, -7.788246999899057, -0.000035249998973 ], [ 110.36249299955233, -7.788402999898495, -0.000035249998973 ], [ 110.361619999763263, -7.789056000334086, -0.000035249998973 ], [ 110.360913999581499, -7.788995000219018, -0.000035249998973 ], [ 110.360446999629403, -7.788935000150109, -0.000035249998973 ], [ 110.359598000047697, -7.788869000703752, -0.000035249998973 ], [ 110.359386000163852, -7.788833999989037, -0.000035249998973 ], [ 110.358724000212476, -7.788725000358451, -0.000035249998973 ], [ 110.358692999682262, -7.788721000173951, -0.000035249998973 ], [ 110.358663000097465, -7.78872000012785, -0.000035249998973 ], [ 110.35840599993702, -7.788690001442371, -0.000035249998973 ], [ 110.357913999731366, -7.788645000266508, -0.000035249998973 ], [ 110.357594000262964, -7.788629999574769, -0.000035249998973 ], [ 110.357418000240557, -7.788629000427994, -0.000035249998973 ], [ 110.35738799975644, -7.788629000427997, -0.000035249998973 ], [ 110.356898999689122, -7.78859699985163, -0.000035249998973 ], [ 110.355489000317164, -7.788520999944118, -0.000035249998973 ], [ 110.355268000018285, -7.788511000382305, -0.000035249998973 ], [ 110.355278999626194, -7.788256000314116, -0.000035249998973 ], [ 110.355163999718854, -7.787710000316224, -0.000035249998973 ], [ 110.355128999903457, -7.787486999925081, -0.000035249998973 ], [ 110.355215000272096, -7.787043000134312, -0.000035249998973 ], [ 110.355238000433417, -7.78685000022727, -0.000035249998973 ], [ 110.355215000272096, -7.786698000412349, -0.000035249998973 ], [ 110.355115000157184, -7.786470999836745, -0.000035249998973 ], [ 110.355098999419354, -7.78641299986003, -0.000035249998973 ], [ 110.355095000134213, -7.786406000436497, -0.000035249998973 ], [ 110.355031999926894, -7.786120999884187, -0.000035249998973 ], [ 110.355021998566428, -7.785712999954915, -0.000035249998973 ], [ 110.355054000042117, -7.785531000555186, -0.000035249998973 ], [ 110.355218000410446, -7.785171000141474, -0.000035249998973 ], [ 110.355389000202251, -7.784922000349979, -0.000035249998973 ], [ 110.355564000178504, -7.784755999889452, -0.000035249998973 ], [ 110.355574999786484, -7.784748999566594, -0.000035249998973 ], [ 110.355703000293317, -7.784636000650843, -0.000035249998973 ], [ 110.356009000015376, -7.784311000052576, -0.000035249998973 ], [ 110.356318999921996, -7.78401300069936, -0.000035249998973 ], [ 110.356458000036753, -7.783881000008083, -0.000035249998973 ], [ 110.356693000081975, -7.783643999870668, -0.000035249998973 ], [ 110.356869000104325, -7.783317000079419, -0.000035249998973 ], [ 110.357068000288052, -7.782684000566118, -0.000035249998973 ], [ 110.357119999988072, -7.782517000059443, -0.000035249998973 ], [ 110.357164000218518, -7.782189000222159, -0.000035249998973 ], [ 110.357185000287586, -7.782024999853835, -0.000035249998973 ], [ 110.357482999640823, -7.781800000269759, -0.000035249998973 ], [ 110.357559000447566, -7.781745000431379, -0.000035249998973 ], [ 110.357605999917041, -7.781557999901732, -0.000035249998973 ], [ 110.357636000401158, -7.781246999949013, -0.000035249998973 ], [ 110.357858999892983, -7.781125000618267, -0.000035249998973 ], [ 110.357953999777351, -7.780986001402828, -0.000035249998973 ], [ 110.358037000007585, -7.780864000273374, -0.000035249998973 ], [ 110.358133999984148, -7.780725000158613, -0.000035249998973 ], [ 110.358225999730166, -7.780664000043551, -0.000035249998973 ], [ 110.358438999660166, -7.780657000620011, -0.000035249998973 ], [ 110.358722000120281, -7.780686000158703, -0.000035249998973 ], [ 110.358756999935679, -7.780686000158703, -0.000035249998973 ], [ 110.35877699995865, -7.780667000181895, -0.000035249998973 ], [ 110.358908999750611, -7.78047300022871, -0.000035249998973 ], [ 110.358975000096223, -7.780382001428162, -0.000035249998973 ], [ 110.359038000303542, -7.780332000021764, -0.000035249998973 ], [ 110.35913999961133, -7.780231999906836, -0.000035249998973 ], [ 110.359240999772396, -7.780104000299322, -0.000035249998973 ], [ 110.359290000233386, -7.779956999815628, -0.000035249998973 ], [ 110.359353999587483, -7.77974599997787, -0.000035249998973 ], [ 110.359512999725212, -7.779809000185148, -0.000035249998973 ], [ 110.359746999724337, -7.779872000392464, -0.000035249998973 ], [ 110.360039999746277, -7.779945000161607, -0.000035249998973 ], [ 110.360071999423269, -7.77995899990787, -0.000035249998973 ], [ 110.360244000160549, -7.779993000576502, -0.000035249998973 ], [ 110.360918999812043, -7.780084000276362, -0.000035249998973 ], [ 110.363273999595492, -7.780314000090984, -0.000035249998973 ], [ 110.363546999594405, -7.779799000623314, -0.000035249998973 ], [ 110.363660000308812, -7.779869000254104, -0.000035249998973 ], [ 110.363776000262263, -7.779944000115444, -0.000035249998973 ], [ 110.364033999569472, -7.780029999584769, -0.000035249998973 ], [ 110.364420000282848, -7.780132000691252, -0.000035249998973 ], [ 110.364450999913799, -7.780142000253083, -0.000035249998973 ], [ 110.364887000234944, -7.780241000321826, -0.000035249998973 ], [ 110.364989000442066, -7.779538000278421, -0.000035249998973 ], [ 110.365015999888556, -7.778735000120101, -0.000035249998973 ], [ 110.365064000303448, -7.777535001439095, -0.000035249998973 ], [ 110.365119000141817, -7.777210999987638, -0.000035249998973 ], [ 110.365149999772711, -7.777031000680104, -0.000035249998973 ], [ 110.365168999749585, -7.776872001441692, -0.000035249998973 ], [ 110.365121000234012, -7.776123000176262, -0.000035249998973 ], [ 110.365279998573158, -7.775462000271027, -0.000035249998973 ], [ 110.365312000048846, -7.77546200027103, -0.000035249998973 ], [ 110.365650998594788, -7.775488000570703, -0.000035249998973 ], [ 110.365902999423952, -7.775504000409231, -0.000035249998973 ], [ 110.366218999607213, -7.775529000662803, -0.000035249998973 ], [ 110.366298999699154, -7.775528000616701, -0.000035249998973 ], [ 110.36633499956065, -7.775270999556934, -0.000035249998973 ], [ 110.366362999952571, -7.775055000387914, -0.000035249998973 ], [ 110.366359999814222, -7.77492699988108, -0.000035249998973 ], [ 110.366409000275212, -7.774317001428408, -0.000035249998973 ], [ 110.367059999719288, -7.774418999836938, -0.000035249998973 ], [ 110.367098999719133, -7.774182000598782, -0.000035249998973 ], [ 110.367287999441658, -7.773748000369896, -0.000035249998973 ], [ 110.367314999787482, -7.773687000254818, -0.000035249998973 ], [ 110.367486999625385, -7.773334000163922, -0.000035249998973 ], [ 110.367508999740608, -7.773196000095246, -0.000035249998973 ], [ 110.36781899964717, -7.773234000049006, -0.000035249998973 ], [ 110.368157999991752, -7.773281000417789, -0.000035249998973 ], [ 110.368502999713712, -7.773491000209452, -0.000035249998973 ], [ 110.369284999802971, -7.773677000693, -0.000035249998973 ], [ 110.369324514215009, -7.773681898400866, -0.000035249998973 ], [ 110.369356707246311, -7.77368588959205, -0.000035249998973 ] ] ] ] } },
{ "type": "Feature", "properties": { "OBJECTID": 3, "WADMKC": "Gondokusuman", "WADMKK": "Kota Yogyakarta", "WADMPR": "Daerah Istimewa Yogyakarta", "Shape_Leng": 0.10248206227, "Shape_Area": 0.00033245619, "Penduduk": 43210 }, "geometry": { "type": "MultiPolygon", "coordinates": [ [ [ [ 110.39600165265422, -7.788578201322877, -0.000035249998973 ], [ 110.396002999838629, -7.788636999897558, -0.000035249998973 ], [ 110.395972000207678, -7.788749000565875, -0.000035249998973 ], [ 110.395927534128475, -7.788784844844665, -0.000035249998973 ], [ 110.395874000185017, -7.788828000611723, -0.000035249998973 ], [ 110.395724999609115, -7.788896000150261, -0.000035249998973 ], [ 110.395603000278314, -7.788973000103848, -0.000035249998973 ], [ 110.395528000416959, -7.789076000357062, -0.000035249998973 ], [ 110.39539299958733, -7.789346000217684, -0.000035249998973 ], [ 110.395377999794903, -7.789434000678574, -0.000035249998973 ], [ 110.395361999956378, -7.789532000701228, -0.000035249998973 ], [ 110.395283999956689, -7.789797000331249, -0.000035249998973 ], [ 110.39513100009566, -7.789999000653327, -0.000035249998973 ], [ 110.39496199859741, -7.790169000398969, -0.000035249998973 ], [ 110.394683000120438, -7.790362000306007, -0.000035249998973 ], [ 110.394775999912554, -7.790770000235288, -0.000035249998973 ], [ 110.394766998598186, -7.791070000580015, -0.000035249998973 ], [ 110.394844998597875, -7.791576001431283, -0.000035249998973 ], [ 110.39084300020437, -7.793937000592046, -0.000035249998973 ], [ 110.390027998593325, -7.793716000293157, -0.000035249998973 ], [ 110.38953200000185, -7.79359500010912, -0.000035249998973 ], [ 110.389528999863501, -7.793594000063029, -0.000035249998973 ], [ 110.388898000442452, -7.793412000663236, -0.000035249998973 ], [ 110.388592999867114, -7.793341000087027, -0.000035249998973 ], [ 110.388373999660416, -7.793276999833605, -0.000035249998973 ], [ 110.388153000260786, -7.793189000272087, -0.000035249998973 ], [ 110.388121999730572, -7.793178000664171, -0.000035249998973 ], [ 110.3881079999843, -7.793274000594573, -0.000035249998973 ], [ 110.387878000169621, -7.793986000153725, -0.000035249998973 ], [ 110.387855000008301, -7.794070000430101, -0.000035249998973 ], [ 110.387813999916204, -7.794221000198949, -0.000035249998973 ], [ 110.38778300028531, -7.794358000221502, -0.000035249998973 ], [ 110.387751999755039, -7.794355000083162, -0.000035249998973 ], [ 110.387337000402283, -7.794284000406262, -0.000035249998973 ], [ 110.386672000312629, -7.794163000222232, -0.000035249998973 ], [ 110.385646999809239, -7.794051999600067, -0.000035249998973 ], [ 110.38564399967089, -7.794051999600077, -0.000035249998973 ], [ 110.385107000088055, -7.793951000338331, -0.000035249998973 ], [ 110.384729999789727, -7.793903999969587, -0.000035249998973 ], [ 110.384444000090582, -7.793860000638453, -0.000035249998973 ], [ 110.384159999584369, -7.793777000408161, -0.000035249998973 ], [ 110.383850999723904, -7.793687999901228, -0.000035249998973 ], [ 110.383615999678696, -7.793587000639542, -0.000035249998973 ], [ 110.383596999701808, -7.793638000293418, -0.000035249998973 ], [ 110.383524999978818, -7.793859000592357, -0.000035249998973 ], [ 110.383321999610644, -7.794597999597953, -0.000035249998973 ], [ 110.382293999868239, -7.794342000382992, -0.000035249998973 ], [ 110.382185000237655, -7.794304999576018, -0.000035249998973 ], [ 110.381781999639657, -7.794217000014504, -0.000035249998973 ], [ 110.38147099968694, -7.794140000060912, -0.000035249998973 ], [ 110.381183999941697, -7.79410800038386, -0.000035249998973 ], [ 110.381153000310803, -7.794107000337763, -0.000035249998973 ], [ 110.381158999688125, -7.794055000637734, -0.000035249998973 ], [ 110.380868999804548, -7.794006000176692, -0.000035249998973 ], [ 110.380586000243795, -7.793997000661028, -0.000035249998973 ], [ 110.380378999691118, -7.793977000637996, -0.000035249998973 ], [ 110.380344999921874, -7.793972000407453, -0.000035249998973 ], [ 110.380154000107098, -7.793953999577351, -0.000035249998973 ], [ 110.380205999807117, -7.794005000130589, -0.000035249998973 ], [ 110.380503000013505, -7.795061000264919, -0.000035249998973 ], [ 110.380581000013194, -7.795341000586685, -0.000035249998973 ], [ 110.380533999644456, -7.795685000262496, -0.000035249998973 ], [ 110.38036299985265, -7.796202999868512, -0.000035249998973 ], [ 110.380378999691118, -7.796340999937164, -0.000035249998973 ], [ 110.380595999805621, -7.797327000440641, -0.000035249998973 ], [ 110.380583000105446, -7.797398000117541, -0.000035249998973 ], [ 110.380486000128883, -7.797925000138601, -0.000035249998973 ], [ 110.380446000082884, -7.79800600027664, -0.000035249998973 ], [ 110.380410000221389, -7.798199000183678, -0.000035249998973 ], [ 110.380271000106632, -7.798188000575688, -0.000035249998973 ], [ 110.380233000152899, -7.798177000068457, -0.000035249998973 ], [ 110.379715999693701, -7.798098000022669, -0.000035249998973 ], [ 110.379618999717152, -7.798093000691376, -0.000035249998973 ], [ 110.379434000179003, -7.79808200018413, -0.000035249998973 ], [ 110.379183000295313, -7.798041000092041, -0.000035249998973 ], [ 110.37896099995028, -7.798032000576321, -0.000035249998973 ], [ 110.378555000113238, -7.798, -0.000035249998973 ], [ 110.378184000091608, -7.797967000276802, -0.000035249998973 ], [ 110.377933000207861, -7.797996999861589, -0.000035249998973 ], [ 110.377915000277085, -7.797937999838776, -0.000035249998973 ], [ 110.377773000023979, -7.797727000000975, -0.000035249998973 ], [ 110.377672999909066, -7.797558000301418, -0.000035249998973 ], [ 110.377631999817041, -7.797350000602027, -0.000035249998973 ], [ 110.377627999632523, -7.797280000071903, -0.000035249998973 ], [ 110.377628999678677, -7.79727400069453, -0.000035249998973 ], [ 110.377681000278017, -7.796780000396664, -0.000035249998973 ], [ 110.377732999978036, -7.795939000284593, -0.000035249998973 ], [ 110.377797000231453, -7.794976999988531, -0.000035249998973 ], [ 110.377804999701027, -7.794844000150419, -0.000035249998973 ], [ 110.377838998571008, -7.794279000175655, -0.000035249998973 ], [ 110.377862999677745, -7.793893000361609, -0.000035249998973 ], [ 110.377863999723843, -7.793870000200291, -0.000035249998973 ], [ 110.377874000185045, -7.793627999832262, -0.000035249998973 ], [ 110.377890000023569, -7.79254900043599, -0.000035249998973 ], [ 110.377877998570867, -7.792290000183302, -0.000035249998973 ], [ 110.377870000000541, -7.791819000046766, -0.000035249998973 ], [ 110.377896999447046, -7.791217000164346, -0.000035249998973 ], [ 110.377933000207861, -7.79090300007335, -0.000035249998973 ], [ 110.377978999631182, -7.790565000674187, -0.000035249998973 ], [ 110.378052000299647, -7.790293999868142, -0.000035249998973 ], [ 110.378103999999666, -7.790056000583887, -0.000035249998973 ], [ 110.378111998569935, -7.790017000584037, -0.000035249998973 ], [ 110.378127000160987, -7.789986000053829, -0.000035249998973 ], [ 110.37817499967656, -7.78980200056185, -0.000035249998973 ], [ 110.378394999929355, -7.788287999991154, -0.000035249998973 ], [ 110.37841900013683, -7.788140000360666, -0.000035249998973 ], [ 110.37808600006889, -7.788195000199042, -0.000035249998973 ], [ 110.377277999680018, -7.788439000659315, -0.000035249998973 ], [ 110.377208000049237, -7.788477000613063, -0.000035249998973 ], [ 110.377186999980154, -7.788487000174874, -0.000035249998973 ], [ 110.377175998573549, -7.788507000197856, -0.000035249998973 ], [ 110.376333000167904, -7.788667000381733, -0.000035249998973 ], [ 110.376088999707648, -7.788719000081752, -0.000035249998973 ], [ 110.375441000401906, -7.788821000288857, -0.000035249998973 ], [ 110.374999999850161, -7.788866000565401, -0.000035249998973 ], [ 110.374581000312958, -7.789272000402428, -0.000035249998973 ], [ 110.374581000312958, -7.789649000700768, -0.000035249998973 ], [ 110.37394999999259, -7.789698000262433, -0.000035249998973 ], [ 110.373924999739017, -7.789472000632261, -0.000035249998973 ], [ 110.373761000270008, -7.78948400028633, -0.000035249998973 ], [ 110.373674999901368, -7.789597000101415, -0.000035249998973 ], [ 110.373522000040339, -7.789704001438459, -0.000035249998973 ], [ 110.373238999580238, -7.789875000330931, -0.000035249998973 ], [ 110.372969999765758, -7.790100999961115, -0.000035249998973 ], [ 110.372930999765913, -7.790226000329592, -0.000035249998973 ], [ 110.372012999700246, -7.790291000629107, -0.000035249998973 ], [ 110.371694999424733, -7.790330000628955, -0.000035249998973 ], [ 110.371322000210228, -7.79034200028304, -0.000035249998973 ], [ 110.370775000166191, -7.790308001413107, -0.000035249998973 ], [ 110.370187000030114, -7.790208000398875, -0.000035249998973 ], [ 110.369109999826719, -7.790019000676292, -0.000035249998973 ], [ 110.368999000103827, -7.789999000653317, -0.000035249998973 ], [ 110.368819999943128, -7.789966000030805, -0.000035249998973 ], [ 110.368903000173361, -7.789634000009068, -0.000035249998973 ], [ 110.368912999735187, -7.789520000147829, -0.000035249998973 ], [ 110.368764000058604, -7.789246000102768, -0.000035249998973 ], [ 110.368527999967284, -7.788752999850992, -0.000035249998973 ], [ 110.368343000429221, -7.788057000130376, -0.000035249998973 ], [ 110.368185998585034, -7.787571000201464, -0.000035249998973 ], [ 110.368046000222819, -7.78725700011041, -0.000035249998973 ], [ 110.368009000315169, -7.787077999949708, -0.000035249998973 ], [ 110.368024000107596, -7.786974001448976, -0.000035249998973 ], [ 110.368379999437479, -7.786536000136267, -0.000035249998973 ], [ 110.368658999713148, -7.786207000252828, -0.000035249998973 ], [ 110.368733999574488, -7.786047000068941, -0.000035249998973 ], [ 110.368765000104759, -7.785816000208173, -0.000035249998973 ], [ 110.368752999551361, -7.785780000346679, -0.000035249998973 ], [ 110.368767000196954, -7.785758000231447, -0.000035249998973 ], [ 110.369148999826564, -7.785504000209412, -0.000035249998973 ], [ 110.369860000238873, -7.784996000165227, -0.000035249998973 ], [ 110.370401000006211, -7.784553999567383, -0.000035249998973 ], [ 110.370650999843804, -7.784313000144771, -0.000035249998973 ], [ 110.370826999866225, -7.784084000376258, -0.000035249998973 ], [ 110.370945999957996, -7.783853001414847, -0.000035249998973 ], [ 110.370914999427725, -7.783360000263776, -0.000035249998973 ], [ 110.370876998574659, -7.783030000334175, -0.000035249998973 ], [ 110.370884999842943, -7.782962999942473, -0.000035249998973 ], [ 110.370899999635355, -7.78283700042721, -0.000035249998973 ], [ 110.371118999842054, -7.782486999575315, -0.000035249998973 ], [ 110.371264000233509, -7.782255000567773, -0.000035249998973 ], [ 110.371389999748786, -7.781967999923213, -0.000035249998973 ], [ 110.371466999702363, -7.781803999554878, -0.000035249998973 ], [ 110.371486999725334, -7.781646000362563, -0.000035249998973 ], [ 110.371451999909937, -7.781513001423832, -0.000035249998973 ], [ 110.371322000210228, -7.781358000571237, -0.000035249998973 ], [ 110.371081999934404, -7.781195000248996, -0.000035249998973 ], [ 110.370436999867707, -7.781023999557869, -0.000035249998973 ], [ 110.370288000191124, -7.780980000226804, -0.000035249998973 ], [ 110.370155998600524, -7.780887000434695, -0.000035249998973 ], [ 110.370037000307377, -7.780724000112452, -0.000035249998973 ], [ 110.36998399966194, -7.780581999859349, -0.000035249998973 ], [ 110.370126999961144, -7.78, -0.000035249998973 ], [ 110.370203999914736, -7.779808000139046, -0.000035249998973 ], [ 110.370308000214095, -7.779614000185923, -0.000035249998973 ], [ 110.370270000260348, -7.779215999818512, -0.000035249998973 ], [ 110.370276999683824, -7.778993000326644, -0.000035249998973 ], [ 110.370332999568348, -7.778806999843136, -0.000035249998973 ], [ 110.370531999752075, -7.778461000075025, -0.000035249998973 ], [ 110.370545998599027, -7.778435999821512, -0.000035249998973 ], [ 110.370737000212443, -7.778207000052992, -0.000035249998973 ], [ 110.371104000049627, -7.777767999593443, -0.000035249998973 ], [ 110.371211999634113, -7.777611000447273, -0.000035249998973 ], [ 110.371265000279607, -7.77738900010224, -0.000035249998973 ], [ 110.371269999610831, -7.777237000287306, -0.000035249998973 ], [ 110.370917000419297, -7.776682999920471, -0.000035249998973 ], [ 110.370709999866691, -7.776330999875717, -0.000035249998973 ], [ 110.37060899970561, -7.776127000360761, -0.000035249998973 ], [ 110.370521000144095, -7.776030000384131, -0.000035249998973 ], [ 110.370343000029493, -7.775971000361332, -0.000035249998973 ], [ 110.370078000399474, -7.775886000038841, -0.000035249998973 ], [ 110.369998998555005, -7.775833000292662, -0.000035249998973 ], [ 110.370012000053805, -7.775375999902447, -0.000035249998973 ], [ 110.370012157435156, -7.775346596568117, -0.000035249998973 ], [ 110.370039664998615, -7.775346637037618, -0.000035249998973 ], [ 110.370057279120203, -7.775344080265032, -0.000035249998973 ], [ 110.370057078571392, -7.775365717054177, -0.000035249998973 ], [ 110.370065408092159, -7.775372854973227, -0.000035249998973 ], [ 110.370136790880281, -7.775376424382448, -0.000035249998973 ], [ 110.370387824938234, -7.775359768038812, -0.000035249998973 ], [ 110.370737604556894, -7.775357388432674, -0.000035249998973 ], [ 110.370956515730654, -7.775369285564013, -0.000035249998973 ], [ 110.371231343152033, -7.775412115776472, -0.000035249998973 ], [ 110.371750065812932, -7.775469222726427, -0.000035249998973 ], [ 110.372259270948632, -7.775540607313125, -0.000035249998973 ], [ 110.372448437945138, -7.775566781181958, -0.000035249998973 ], [ 110.372575307104796, -7.775603581440069, -0.000035249998973 ], [ 110.372660210300523, -7.775603663278395, -0.000035249998973 ], [ 110.372900535231565, -7.775528710181796, -0.000035249998973 ], [ 110.373396653432849, -7.775378803988581, -0.000035249998973 ], [ 110.373993897700302, -7.775201534123476, -0.000035249998973 ], [ 110.374650629423058, -7.775001658899384, -0.000035249998973 ], [ 110.374920697632149, -7.774912429065301, -0.000035249998973 ], [ 110.374993271122605, -7.774894582918656, -0.000035249998973 ], [ 110.37519525525687, -7.774792696925372, -0.000035249998973 ], [ 110.375396590080641, -7.774691139184655, -0.000035249998973 ], [ 110.375420385242649, -7.774689950280964, -0.000035249998973 ], [ 110.375445369308409, -7.775059955652413, -0.000035249998973 ], [ 110.375460834949649, -7.775284814942204, -0.000035249998973 ], [ 110.37550128555597, -7.775663148935113, -0.000035249998973 ], [ 110.375543175077553, -7.776177633091273, -0.000035249998973 ], [ 110.375578867370905, -7.776281735014032, -0.000035249998973 ], [ 110.375614812373726, -7.776364196550392, -0.000035249998973 ], [ 110.375679994336338, -7.776513732222896, -0.000035249998973 ], [ 110.376331370596347, -7.776608911072334, -0.000035249998973 ], [ 110.377226642995268, -7.77670111496445, -0.000035249998973 ], [ 110.377413383620819, -7.776816032134152, -0.000035249998973 ], [ 110.377458641103502, -7.776843882339283, -0.000035249998973 ], [ 110.377933148596028, -7.777220777416916, -0.000035249998973 ], [ 110.377979148019335, -7.777257314173647, -0.000035249998973 ], [ 110.378130475141347, -7.777369749214532, -0.000035249998973 ], [ 110.3786156539893, -7.77773023166481, -0.000035249998973 ], [ 110.378841702182854, -7.777908691332985, -0.000035249998973 ], [ 110.378946492986302, -7.77799310709616, -0.000035249998973 ], [ 110.378948778163647, -7.777994947109061, -0.000035249998973 ], [ 110.379311645615985, -7.778081201985847, -0.000035249998973 ], [ 110.379446364957857, -7.778109563905225, -0.000035249998973 ], [ 110.379537694708915, -7.778128791410556, -0.000035249998973 ], [ 110.37961205335364, -7.778334020298762, -0.000035249998973 ], [ 110.379748871713105, -7.779047858072152, -0.000035249998973 ], [ 110.379930306338636, -7.779428571671196, -0.000035249998973 ], [ 110.380102816991496, -7.779871745884298, -0.000035249998973 ], [ 110.38013478519224, -7.779922363326366, -0.000035249998973 ], [ 110.380138509284848, -7.779928259281694, -0.000035249998973 ], [ 110.380167103229269, -7.779943493797143, -0.000035249998973 ], [ 110.380501376737186, -7.780121590139235, -0.000035249998973 ], [ 110.380668307996075, -7.780216037839812, -0.000035249998973 ], [ 110.380727424930797, -7.780249486324683, -0.000035249998973 ], [ 110.380874739277829, -7.780273434371453, -0.000035249998973 ], [ 110.381331213564692, -7.780347639232103, -0.000035249998973 ], [ 110.381836849291233, -7.780413073904182, -0.000035249998973 ], [ 110.381934549839684, -7.780170301917856, -0.000035249998973 ], [ 110.381935002198645, -7.780169178664612, -0.000035249998973 ], [ 110.382348433133771, -7.780198921942653, -0.000035249998973 ], [ 110.38256401861463, -7.780231031336996, -0.000035249998973 ], [ 110.382628019767367, -7.780240563251377, -0.000035249998973 ], [ 110.383123122634061, -7.780259884286173, -0.000035249998973 ], [ 110.383237757416623, -7.780264356614743, -0.000035249998973 ], [ 110.383337672995253, -7.780270845223303, -0.000035249998973 ], [ 110.383695802819091, -7.780294100792041, -0.000035249998973 ], [ 110.384359078009084, -7.780317895054786, -0.000035249998973 ], [ 110.384852815704974, -7.78028815177674, -0.000035249998973 ], [ 110.385376296678828, -7.780264356614745, -0.000035249998973 ], [ 110.385870035273967, -7.780243537309332, -0.000035249998973 ], [ 110.386988381808408, -7.780252460382711, -0.000035249998973 ], [ 110.387395864627536, -7.780249486324695, -0.000035249998973 ], [ 110.388094831211561, -7.780249486324691, -0.000035249998973 ], [ 110.388206834577844, -7.780260217035327, -0.000035249998973 ], [ 110.388591543864734, -7.780297074850067, -0.000035249998973 ], [ 110.389049590166508, -7.780314920996767, -0.000035249998973 ], [ 110.389091173019267, -7.780316548769687, -0.000035249998973 ], [ 110.389885376009374, -7.780347639232101, -0.000035249998973 ], [ 110.390504035832635, -7.780377381610839, -0.000035249998973 ], [ 110.390684345406271, -7.780386070860464, -0.000035249998973 ], [ 110.390750905130233, -7.780389278742182, -0.000035249998973 ], [ 110.39086392922701, -7.780761070167219, -0.000035249998973 ], [ 110.391122695655952, -7.781590906994727, -0.000035249998973 ], [ 110.391219890785408, -7.781872909207324, -0.000035249998973 ], [ 110.391965420667702, -7.784036000860675, -0.000035249998973 ], [ 110.392312656104252, -7.784907782068441, -0.000035249998973 ], [ 110.392568618447058, -7.785663955427143, -0.000035249998973 ], [ 110.392694131429096, -7.786034748604723, -0.000035249998973 ], [ 110.392820801838582, -7.786394080822113, -0.000035249998973 ], [ 110.392839872861884, -7.786448180439146, -0.000035249998973 ], [ 110.392879804559414, -7.786467136349194, -0.000035249998973 ], [ 110.393604275017367, -7.78681104789149, -0.000035249998973 ], [ 110.394966516791399, -7.787441604846159, -0.000035249998973 ], [ 110.395102094985759, -7.787500551808983, -0.000035249998973 ], [ 110.39510333605017, -7.787501092301509, -0.000035249998973 ], [ 110.395085489903522, -7.787649807792378, -0.000035249998973 ], [ 110.394984362938033, -7.788036470406723, -0.000035249998973 ], [ 110.394858295074314, -7.788461641091827, -0.000035249998973 ], [ 110.394855336304772, -7.788471619969239, -0.000035249998973 ], [ 110.394832671590578, -7.788548054249242, -0.000035249998973 ], [ 110.394835645648584, -7.788675950434715, -0.000035249998973 ], [ 110.395585944635684, -7.788613050951488, -0.000035249998973 ], [ 110.39600165265422, -7.788578201322877, -0.000035249998973 ] ] ] ] } },
{ "type": "Feature", "properties": { "OBJECTID": 4, "WADMKC": "Danurejan", "WADMKK": "Kota Yogyakarta", "WADMPR": "Daerah Istimewa Yogyakarta", "Shape_Leng": 0.04173261546, "Shape_Area": 8.759791e-05, "Penduduk": 21090 }, "geometry": { "type": "MultiPolygon", "coordinates": [ [ [ [ 110.377628999678677, -7.79727400069453, -0.000035249998973 ], [ 110.377623000301298, -7.79727300064843, -0.000035249998973 ], [ 110.377593999863279, -7.797273000648435, -0.000035249998973 ], [ 110.377311999449262, -7.797242000118165, -0.000035249998973 ], [ 110.37676599855206, -7.797192001409711, -0.000035249998973 ], [ 110.376723000166407, -7.797188000325892, -0.000035249998973 ], [ 110.375585999894042, -7.797100999911156, -0.000035249998973 ], [ 110.375094999734543, -7.797032000326513, -0.000035249998973 ], [ 110.374999999850161, -7.797025000003718, -0.000035249998973 ], [ 110.373855000108222, -7.796937999588978, -0.000035249998973 ], [ 110.373076000157369, -7.796862000580794, -0.000035249998973 ], [ 110.37261000025137, -7.796837000327234, -0.000035249998973 ], [ 110.371700999701432, -7.796799000373547, -0.000035249998973 ], [ 110.371400000209917, -7.79678199958953, -0.000035249998973 ], [ 110.37095399942757, -7.796760000373701, -0.000035249998973 ], [ 110.370620000212909, -7.796756000189192, -0.000035249998973 ], [ 110.370391000444386, -7.796735000120131, -0.000035249998973 ], [ 110.370348000260037, -7.796728000696638, -0.000035249998973 ], [ 110.3702949996146, -7.796726000604393, -0.000035249998973 ], [ 110.370066999892188, -7.796715000097149, -0.000035249998973 ], [ 110.369840000215902, -7.796714000051002, -0.000035249998973 ], [ 110.369572999594311, -7.796714000050994, -0.000035249998973 ], [ 110.369255000218175, -7.796716000143249, -0.000035249998973 ], [ 110.369190999964758, -7.796734000074019, -0.000035249998973 ], [ 110.369184999688059, -7.796715000097157, -0.000035249998973 ], [ 110.369071999872972, -7.796653999982085, -0.000035249998973 ], [ 110.368379999437479, -7.796621000258887, -0.000035249998973 ], [ 110.368194999899401, -7.796602000282063, -0.000035249998973 ], [ 110.367873998586219, -7.796580000166841, -0.000035249998973 ], [ 110.367637000247441, -7.796574999936239, -0.000035249998973 ], [ 110.367489999763734, -7.796552000674241, -0.000035249998973 ], [ 110.367221999995365, -7.796520000097874, -0.000035249998973 ], [ 110.366810999927793, -7.796492000605266, -0.000035249998973 ], [ 110.365387999956283, -7.796354001435994, -0.000035249998973 ], [ 110.365367999933326, -7.79634800025997, -0.000035249998973 ], [ 110.36542900004838, -7.795860000238754, -0.000035249998973 ], [ 110.365541999863467, -7.795037000057443, -0.000035249998973 ], [ 110.365567000117039, -7.794819999943009, -0.000035249998973 ], [ 110.365629000278204, -7.794240000175821, -0.000035249998973 ], [ 110.365652999586302, -7.793996000614858, -0.000035249998973 ], [ 110.365686000208825, -7.793763000661903, -0.000035249998973 ], [ 110.365686000208825, -7.793756000339097, -0.000035249998973 ], [ 110.365827999562626, -7.792655999974397, -0.000035249998973 ], [ 110.365879000115797, -7.792309000160166, -0.000035249998973 ], [ 110.365921000254048, -7.791970999861692, -0.000035249998973 ], [ 110.365945999608243, -7.791764000208382, -0.000035249998973 ], [ 110.365951999884942, -7.791697999862782, -0.000035249998973 ], [ 110.366007999769408, -7.791249999887556, -0.000035249998973 ], [ 110.366028999838534, -7.791147001432937, -0.000035249998973 ], [ 110.366082999630805, -7.790651000143508, -0.000035249998973 ], [ 110.3660960002303, -7.790529999959458, -0.000035249998973 ], [ 110.366126999861194, -7.790252000629268, -0.000035249998973 ], [ 110.366150000022586, -7.790114000560604, -0.000035249998973 ], [ 110.366162999722746, -7.789980000676446, -0.000035249998973 ], [ 110.366183999791815, -7.789818000400365, -0.000035249998973 ], [ 110.366199999630339, -7.789627000585548, -0.000035249998973 ], [ 110.366505000205677, -7.789710999962615, -0.000035249998973 ], [ 110.366767999743445, -7.789720000377664, -0.000035249998973 ], [ 110.368308999760586, -7.789877999569963, -0.000035249998973 ], [ 110.368338000198605, -7.789877999569962, -0.000035249998973 ], [ 110.368427999852372, -7.789894000307801, -0.000035249998973 ], [ 110.368819999943128, -7.789966000030805, -0.000035249998973 ], [ 110.368999000103827, -7.789999000653317, -0.000035249998973 ], [ 110.369109999826719, -7.790019000676292, -0.000035249998973 ], [ 110.370187000030114, -7.790208000398875, -0.000035249998973 ], [ 110.370775000166191, -7.790308001413107, -0.000035249998973 ], [ 110.371322000210228, -7.79034200028304, -0.000035249998973 ], [ 110.371694999424733, -7.790330000628955, -0.000035249998973 ], [ 110.372012999700246, -7.790291000629107, -0.000035249998973 ], [ 110.372930999765913, -7.790226000329592, -0.000035249998973 ], [ 110.372969999765758, -7.790100999961115, -0.000035249998973 ], [ 110.373238999580238, -7.789875000330931, -0.000035249998973 ], [ 110.373522000040339, -7.789704001438459, -0.000035249998973 ], [ 110.373674999901368, -7.789597000101415, -0.000035249998973 ], [ 110.373761000270008, -7.78948400028633, -0.000035249998973 ], [ 110.373924999739017, -7.789472000632261, -0.000035249998973 ], [ 110.37394999999259, -7.789698000262433, -0.000035249998973 ], [ 110.374581000312958, -7.789649000700768, -0.000035249998973 ], [ 110.374581000312958, -7.789272000402428, -0.000035249998973 ], [ 110.374999999850161, -7.788866000565401, -0.000035249998973 ], [ 110.375441000401906, -7.788821000288857, -0.000035249998973 ], [ 110.376088999707648, -7.788719000081752, -0.000035249998973 ], [ 110.376333000167904, -7.788667000381733, -0.000035249998973 ], [ 110.377175998573549, -7.788507000197856, -0.000035249998973 ], [ 110.377186999980154, -7.788487000174874, -0.000035249998973 ], [ 110.377208000049237, -7.788477000613063, -0.000035249998973 ], [ 110.377277999680018, -7.788439000659315, -0.000035249998973 ], [ 110.37808600006889, -7.788195000199042, -0.000035249998973 ], [ 110.37841900013683, -7.788140000360666, -0.000035249998973 ], [ 110.378394999929355, -7.788287999991154, -0.000035249998973 ], [ 110.37817499967656, -7.78980200056185, -0.000035249998973 ], [ 110.378127000160987, -7.789986000053829, -0.000035249998973 ], [ 110.378111998569935, -7.790017000584037, -0.000035249998973 ], [ 110.378103999999666, -7.790056000583887, -0.000035249998973 ], [ 110.378052000299647, -7.790293999868142, -0.000035249998973 ], [ 110.377978999631182, -7.790565000674187, -0.000035249998973 ], [ 110.377933000207861, -7.79090300007335, -0.000035249998973 ], [ 110.377896999447046, -7.791217000164346, -0.000035249998973 ], [ 110.377870000000541, -7.791819000046766, -0.000035249998973 ], [ 110.377877998570867, -7.792290000183302, -0.000035249998973 ], [ 110.377890000023569, -7.79254900043599, -0.000035249998973 ], [ 110.377874000185045, -7.793627999832262, -0.000035249998973 ], [ 110.377863999723843, -7.793870000200291, -0.000035249998973 ], [ 110.377862999677745, -7.793893000361609, -0.000035249998973 ], [ 110.377838998571008, -7.794279000175655, -0.000035249998973 ], [ 110.377804999701027, -7.794844000150419, -0.000035249998973 ], [ 110.377797000231453, -7.794976999988531, -0.000035249998973 ], [ 110.377732999978036, -7.795939000284593, -0.000035249998973 ], [ 110.377681000278017, -7.796780000396664, -0.000035249998973 ], [ 110.377628999678677, -7.79727400069453, -0.000035249998973 ] ] ] ] } },
{ "type": "Feature", "properties": { "OBJECTID": 5, "WADMKC": "Gedongtengen", "WADMKK": "Kota Yogyakarta", "WADMPR": "Daerah Istimewa Yogyakarta", "Shape_Leng": 0.04099051457, "Shape_Area": 7.726781e-05, "Penduduk": 19140 }, "geometry": { "type": "MultiPolygon", "coordinates": [ [ [ [ 110.366199999630339, -7.789627000585548, -0.000035249998973 ], [ 110.366183999791815, -7.789818000400365, -0.000035249998973 ], [ 110.366162999722746, -7.789980000676446, -0.000035249998973 ], [ 110.366150000022586, -7.790114000560604, -0.000035249998973 ], [ 110.366126999861194, -7.790252000629268, -0.000035249998973 ], [ 110.3660960002303, -7.790529999959458, -0.000035249998973 ], [ 110.366082999630805, -7.790651000143508, -0.000035249998973 ], [ 110.366028999838534, -7.791147001432937, -0.000035249998973 ], [ 110.366007999769408, -7.791249999887556, -0.000035249998973 ], [ 110.365951999884942, -7.791697999862782, -0.000035249998973 ], [ 110.365945999608243, -7.791764000208382, -0.000035249998973 ], [ 110.365921000254048, -7.791970999861692, -0.000035249998973 ], [ 110.365879000115797, -7.792309000160166, -0.000035249998973 ], [ 110.365827999562626, -7.792655999974397, -0.000035249998973 ], [ 110.365686000208825, -7.793756000339097, -0.000035249998973 ], [ 110.365686000208825, -7.793763000661903, -0.000035249998973 ], [ 110.365652999586302, -7.793996000614858, -0.000035249998973 ], [ 110.365629000278204, -7.794240000175821, -0.000035249998973 ], [ 110.365567000117039, -7.794819999943009, -0.000035249998973 ], [ 110.365541999863467, -7.795037000057443, -0.000035249998973 ], [ 110.36542900004838, -7.795860000238754, -0.000035249998973 ], [ 110.365367999933326, -7.79634800025997, -0.000035249998973 ], [ 110.365168999749585, -7.796319999868047, -0.000035249998973 ], [ 110.364560000443703, -7.79624900019116, -0.000035249998973 ], [ 110.36401400044582, -7.796183999891635, -0.000035249998973 ], [ 110.363903999869763, -7.796172000237554, -0.000035249998973 ], [ 110.363740000400753, -7.796157999591974, -0.000035249998973 ], [ 110.363568999709628, -7.796130000099363, -0.000035249998973 ], [ 110.363407998580342, -7.796117000399185, -0.000035249998973 ], [ 110.363367999433706, -7.796110000076403, -0.000035249998973 ], [ 110.363328000287026, -7.796103000652924, -0.000035249998973 ], [ 110.363113000264832, -7.796098999569145, -0.000035249998973 ], [ 110.36286699971231, -7.79606899998429, -0.000035249998973 ], [ 110.362780000196892, -7.796064000653067, -0.000035249998973 ], [ 110.362574999736523, -7.796042001437167, -0.000035249998973 ], [ 110.362086999715302, -7.796005000630202, -0.000035249998973 ], [ 110.36199800010769, -7.796072000122654, -0.000035249998973 ], [ 110.361408999925459, -7.796109000030294, -0.000035249998973 ], [ 110.359665999586298, -7.795741000147017, -0.000035249998973 ], [ 110.359634999955347, -7.795739000054759, -0.000035249998973 ], [ 110.358969999865678, -7.795628000331932, -0.000035249998973 ], [ 110.358550000282335, -7.79557000035522, -0.000035249998973 ], [ 110.357953999777351, -7.795551000378337, -0.000035249998973 ], [ 110.357290999779877, -7.795518000655129, -0.000035249998973 ], [ 110.356622000405082, -7.795510000286247, -0.000035249998973 ], [ 110.356344000175511, -7.795507000147894, -0.000035249998973 ], [ 110.355353998588228, -7.795616999824637, -0.000035249998973 ], [ 110.355366000040931, -7.795420000632481, -0.000035249998973 ], [ 110.35531999971829, -7.795248999941354, -0.000035249998973 ], [ 110.355180999603533, -7.794987999596464, -0.000035249998973 ], [ 110.355129999949625, -7.794809000335079, -0.000035249998973 ], [ 110.355141999603632, -7.794693000381647, -0.000035249998973 ], [ 110.355297999603067, -7.794479999552262, -0.000035249998973 ], [ 110.355378999741106, -7.794368000682652, -0.000035249998973 ], [ 110.355439999856173, -7.794187000429705, -0.000035249998973 ], [ 110.355469000294192, -7.794098999968806, -0.000035249998973 ], [ 110.355322999856639, -7.793818001399578, -0.000035249998973 ], [ 110.355272000202717, -7.793717000339252, -0.000035249998973 ], [ 110.355277999580096, -7.793636000201217, -0.000035249998973 ], [ 110.355537999878848, -7.793432000686213, -0.000035249998973 ], [ 110.355637999993746, -7.793348000409821, -0.000035249998973 ], [ 110.355702000247163, -7.793189000272091, -0.000035249998973 ], [ 110.355711999808989, -7.792955000273032, -0.000035249998973 ], [ 110.355712999855143, -7.792934000203892, -0.000035249998973 ], [ 110.355621000109124, -7.792574000689514, -0.000035249998973 ], [ 110.355497999832892, -7.792292000275546, -0.000035249998973 ], [ 110.355436999717824, -7.792150000022442, -0.000035249998973 ], [ 110.355424000017649, -7.79201500009214, -0.000035249998973 ], [ 110.355492999602291, -7.791772000577344, -0.000035249998973 ], [ 110.355584000201532, -7.791605000070654, -0.000035249998973 ], [ 110.355801998563436, -7.791382000578838, -0.000035249998973 ], [ 110.356035000315046, -7.791236000141233, -0.000035249998973 ], [ 110.356272999599298, -7.791123000326136, -0.000035249998973 ], [ 110.356590999874811, -7.790917999865761, -0.000035249998973 ], [ 110.356765999851063, -7.790777000558078, -0.000035249998973 ], [ 110.356860999735446, -7.790636000351069, -0.000035249998973 ], [ 110.356976999688868, -7.790387000559572, -0.000035249998973 ], [ 110.357014999642558, -7.79020999959175, -0.000035249998973 ], [ 110.357001999942383, -7.790072000422414, -0.000035249998973 ], [ 110.356915000426966, -7.78992900012322, -0.000035249998973 ], [ 110.356792000150733, -7.789804000654044, -0.000035249998973 ], [ 110.356631999966908, -7.789723001415335, -0.000035249998973 ], [ 110.356555000013316, -7.789684001415477, -0.000035249998973 ], [ 110.356315999783646, -7.789596000055319, -0.000035249998973 ], [ 110.355938998586012, -7.789534999940258, -0.000035249998973 ], [ 110.355628999578755, -7.789495999940419, -0.000035249998973 ], [ 110.355283999856795, -7.78940800037884, -0.000035249998973 ], [ 110.355177000318349, -7.789353001439784, -0.000035249998973 ], [ 110.355126999811262, -7.789275001440098, -0.000035249998973 ], [ 110.355118999442311, -7.789060001417901, -0.000035249998973 ], [ 110.355172000087805, -7.788863000427055, -0.000035249998973 ], [ 110.355265999926019, -7.788543000059357, -0.000035249998973 ], [ 110.355268000018285, -7.788511000382305, -0.000035249998973 ], [ 110.355489000317164, -7.788520999944118, -0.000035249998973 ], [ 110.356898999689122, -7.78859699985163, -0.000035249998973 ], [ 110.35738799975644, -7.788629000427997, -0.000035249998973 ], [ 110.357418000240557, -7.788629000427994, -0.000035249998973 ], [ 110.357594000262964, -7.788629999574769, -0.000035249998973 ], [ 110.357913999731366, -7.788645000266508, -0.000035249998973 ], [ 110.35840599993702, -7.788690001442371, -0.000035249998973 ], [ 110.358663000097465, -7.78872000012785, -0.000035249998973 ], [ 110.358692999682262, -7.788721000173951, -0.000035249998973 ], [ 110.358724000212476, -7.788725000358451, -0.000035249998973 ], [ 110.359386000163852, -7.788833999989037, -0.000035249998973 ], [ 110.359598000047697, -7.788869000703752, -0.000035249998973 ], [ 110.360446999629403, -7.788935000150109, -0.000035249998973 ], [ 110.360913999581499, -7.788995000219018, -0.000035249998973 ], [ 110.361619999763263, -7.789056000334086, -0.000035249998973 ], [ 110.36249299955233, -7.788402999898495, -0.000035249998973 ], [ 110.362430000244387, -7.788246999899057, -0.000035249998973 ], [ 110.362421999875437, -7.78816899989936, -0.000035249998973 ], [ 110.362451000313456, -7.78803399996905, -0.000035249998973 ], [ 110.362518999852, -7.787763000062346, -0.000035249998973 ], [ 110.362570999552077, -7.787556999555824, -0.000035249998973 ], [ 110.36263099962099, -7.787195999995337, -0.000035249998973 ], [ 110.362824000427338, -7.787205000410376, -0.000035249998973 ], [ 110.363229000218269, -7.787260000248746, -0.000035249998973 ], [ 110.363441000102114, -7.787303999579877, -0.000035249998973 ], [ 110.363762999662754, -7.787348000709643, -0.000035249998973 ], [ 110.363825999870073, -7.787351999994767, -0.000035249998973 ], [ 110.364576000282227, -7.787433000132812, -0.000035249998973 ], [ 110.364708000074188, -7.787459999579259, -0.000035249998973 ], [ 110.365068999634673, -7.787503000662921, -0.000035249998973 ], [ 110.365582999955564, -7.787581000662603, -0.000035249998973 ], [ 110.365834999885408, -7.787604999970704, -0.000035249998973 ], [ 110.366437999813911, -7.787695001423121, -0.000035249998973 ], [ 110.36633499956065, -7.78844800017503, -0.000035249998973 ], [ 110.366297999653, -7.788773999920132, -0.000035249998973 ], [ 110.36628299986063, -7.788891999965759, -0.000035249998973 ], [ 110.366214999422766, -7.789442000148138, -0.000035249998973 ], [ 110.366214000275932, -7.789448999571617, -0.000035249998973 ], [ 110.366199999630339, -7.789627000585548, -0.000035249998973 ] ] ] ] } },
{ "type": "Feature", "properties": { "OBJECTID": 6, "WADMKC": "Ngampilan", "WADMKK": "Kota Yogyakarta", "WADMPR": "Daerah Istimewa Yogyakarta", "Shape_Leng": 0.04271280747, "Shape_Area": 6.658157e-05, "Penduduk": 17920 }, "geometry": { "type": "MultiPolygon", "coordinates": [ [ [ [ 110.36199800010769, -7.796072000122654, -0.000035249998973 ], [ 110.362126999761301, -7.79621400037576, -0.000035249998973 ], [ 110.362152000014873, -7.796326000144741, -0.000035249998973 ], [ 110.362158999438364, -7.79676899988937, -0.000035249998973 ], [ 110.362154000107068, -7.796846999889106, -0.000035249998973 ], [ 110.362113000014972, -7.797580999563417, -0.000035249998973 ], [ 110.362117000199476, -7.797814000415707, -0.000035249998973 ], [ 110.362119999438505, -7.797990999584902, -0.000035249998973 ], [ 110.362085999669205, -7.79916999999546, -0.000035249998973 ], [ 110.362083999576953, -7.799185999833981, -0.000035249998973 ], [ 110.362068999784583, -7.799516000662833, -0.000035249998973 ], [ 110.362051999899961, -7.800064999899802, -0.000035249998973 ], [ 110.362044999577108, -7.800513999921127, -0.000035249998973 ], [ 110.362021000269024, -7.801252000679258, -0.000035249998973 ], [ 110.361658999763108, -7.801265000379426, -0.000035249998973 ], [ 110.361504999855924, -7.801264000333277, -0.000035249998973 ], [ 110.361232999903109, -7.801255999964375, -0.000035249998973 ], [ 110.360972999604314, -7.801252000679255, -0.000035249998973 ], [ 110.360943000019518, -7.801506999848129, -0.000035249998973 ], [ 110.360841999858451, -7.802247999845292, -0.000035249998973 ], [ 110.360824999973829, -7.802342000582827, -0.000035249998973 ], [ 110.360810000181402, -7.802419001435736, -0.000035249998973 ], [ 110.360703999789791, -7.803186999980028, -0.000035249998973 ], [ 110.360702999743694, -7.803200000579518, -0.000035249998973 ], [ 110.360553000021014, -7.804152999561202, -0.000035249998973 ], [ 110.360509999836665, -7.804478000159524, -0.000035249998973 ], [ 110.359530999655988, -7.804391000644102, -0.000035249998973 ], [ 110.359319999818183, -7.804373999860157, -0.000035249998973 ], [ 110.358769999635854, -7.804326000344592, -0.000035249998973 ], [ 110.358332000121777, -7.804308999560654, -0.000035249998973 ], [ 110.357404999641062, -7.804243000114299, -0.000035249998973 ], [ 110.356703999689898, -7.804186000183731, -0.000035249998973 ], [ 110.356343000129428, -7.804124000022504, -0.000035249998973 ], [ 110.356318999921996, -7.804144000045533, -0.000035249998973 ], [ 110.356230000314326, -7.804259999998979, -0.000035249998973 ], [ 110.356182999945531, -7.804428000551758, -0.000035249998973 ], [ 110.356131000245512, -7.805080000041927, -0.000035249998973 ], [ 110.356119999738269, -7.805398000317433, -0.000035249998973 ], [ 110.356116999599919, -7.805634000408767, -0.000035249998973 ], [ 110.356119999738269, -7.80581699985459, -0.000035249998973 ], [ 110.356080999738424, -7.806631001419539, -0.000035249998973 ], [ 110.356065999945997, -7.807025000703166, -0.000035249998973 ], [ 110.356059999669299, -7.807280999918187, -0.000035249998973 ], [ 110.35602799999225, -7.8078140002159, -0.000035249998973 ], [ 110.355998000407453, -7.808582000558828, -0.000035249998973 ], [ 110.355996000315201, -7.808621000558667, -0.000035249998973 ], [ 110.355874000085123, -7.808609000005283, -0.000035249998973 ], [ 110.355505000155688, -7.808558000351412, -0.000035249998973 ], [ 110.355254000271941, -7.808527999867239, -0.000035249998973 ], [ 110.353904000069633, -7.808314999937232, -0.000035249998973 ], [ 110.353795000438993, -7.808298000052615, -0.000035249998973 ], [ 110.353680999678431, -7.808276999983492, -0.000035249998973 ], [ 110.353703999839809, -7.808209000444957, -0.000035249998973 ], [ 110.353763999908722, -7.807746000677354, -0.000035249998973 ], [ 110.353932999608332, -7.806991000034604, -0.000035249998973 ], [ 110.354099000068857, -7.806523000036354, -0.000035249998973 ], [ 110.354215000022293, -7.806331000175481, -0.000035249998973 ], [ 110.354332000021827, -7.806223000590937, -0.000035249998973 ], [ 110.354461999721593, -7.806174000129938, -0.000035249998973 ], [ 110.354806000296719, -7.806177000268296, -0.000035249998973 ], [ 110.354959000157805, -7.80618500063724, -0.000035249998973 ], [ 110.35513300008796, -7.806127000660533, -0.000035249998973 ], [ 110.355216000318194, -7.806063999553886, -0.000035249998973 ], [ 110.355242999764698, -7.805981000222905, -0.000035249998973 ], [ 110.355201999672616, -7.805871001445498, -0.000035249998973 ], [ 110.355023999558, -7.805660999855203, -0.000035249998973 ], [ 110.354890999719942, -7.805573000293689, -0.000035249998973 ], [ 110.354303999629963, -7.805463000616958, -0.000035249998973 ], [ 110.354120000137982, -7.805418000340402, -0.000035249998973 ], [ 110.353982000069323, -7.805328999833414, -0.000035249998973 ], [ 110.353855999654741, -7.805133999834195, -0.000035249998973 ], [ 110.353799999770217, -7.804969000319097, -0.000035249998973 ], [ 110.353789000162294, -7.804794000342776, -0.000035249998973 ], [ 110.353825000023789, -7.8046400004356, -0.000035249998973 ], [ 110.35389999988513, -7.804523000436054, -0.000035249998973 ], [ 110.354326999791283, -7.804268000367869, -0.000035249998973 ], [ 110.354456998591672, -7.804175000575749, -0.000035249998973 ], [ 110.354530000159471, -7.804068000138042, -0.000035249998973 ], [ 110.354384999768001, -7.803592999817051, -0.000035249998973 ], [ 110.354185999584288, -7.80277399982021, -0.000035249998973 ], [ 110.354126000414624, -7.802442000697738, -0.000035249998973 ], [ 110.354129999699808, -7.802331000075527, -0.000035249998973 ], [ 110.354130999745905, -7.802307999914202, -0.000035249998973 ], [ 110.354449000021418, -7.801714000400755, -0.000035249998973 ], [ 110.354602999928559, -7.80140000030974, -0.000035249998973 ], [ 110.354754999743477, -7.801041999988292, -0.000035249998973 ], [ 110.354796999881728, -7.800942999919477, -0.000035249998973 ], [ 110.355099998566118, -7.800255000567794, -0.000035249998973 ], [ 110.355352000294658, -7.799359000617357, -0.000035249998973 ], [ 110.35539499957963, -7.7991780003644, -0.000035249998973 ], [ 110.355376999648868, -7.799006001425768, -0.000035249998973 ], [ 110.355227999972271, -7.798678000689107, -0.000035249998973 ], [ 110.354960000203903, -7.798346999814155, -0.000035249998973 ], [ 110.354855999904544, -7.798197000091416, -0.000035249998973 ], [ 110.354823000181398, -7.798089001406256, -0.000035249998973 ], [ 110.354860000088991, -7.797988000345862, -0.000035249998973 ], [ 110.355020999419651, -7.797770000185316, -0.000035249998973 ], [ 110.355069999880641, -7.797167000256822, -0.000035249998973 ], [ 110.355091999995864, -7.796856000304095, -0.000035249998973 ], [ 110.355121999580675, -7.796632999912953, -0.000035249998973 ], [ 110.355157000295378, -7.796374000559635, -0.000035249998973 ], [ 110.355261999741572, -7.79601300009984, -0.000035249998973 ], [ 110.355353998588228, -7.795616999824637, -0.000035249998973 ], [ 110.356344000175511, -7.795507000147894, -0.000035249998973 ], [ 110.356622000405082, -7.795510000286247, -0.000035249998973 ], [ 110.357290999779877, -7.795518000655129, -0.000035249998973 ], [ 110.357953999777351, -7.795551000378337, -0.000035249998973 ], [ 110.358550000282335, -7.79557000035522, -0.000035249998973 ], [ 110.358969999865678, -7.795628000331932, -0.000035249998973 ], [ 110.359634999955347, -7.795739000054759, -0.000035249998973 ], [ 110.359665999586298, -7.795741000147017, -0.000035249998973 ], [ 110.361408999925459, -7.796109000030294, -0.000035249998973 ], [ 110.36199800010769, -7.796072000122654, -0.000035249998973 ] ] ] ] } },
{ "type": "Feature", "properties": { "OBJECTID": 7, "WADMKC": "Wirobrajan", "WADMKK": "Kota Yogyakarta", "WADMPR": "Daerah Istimewa Yogyakarta", "Shape_Leng": 0.06451688317, "Shape_Area": 0.00014274444, "Penduduk": 28270 }, "geometry": { "type": "MultiPolygon", "coordinates": [ [ [ [ 110.355439999856173, -7.794187000429705, -0.000035249998973 ], [ 110.355378999741106, -7.794368000682652, -0.000035249998973 ], [ 110.355297999603067, -7.794479999552262, -0.000035249998973 ], [ 110.355141999603632, -7.794693000381647, -0.000035249998973 ], [ 110.355129999949625, -7.794809000335079, -0.000035249998973 ], [ 110.355180999603533, -7.794987999596464, -0.000035249998973 ], [ 110.35531999971829, -7.795248999941354, -0.000035249998973 ], [ 110.355366000040931, -7.795420000632481, -0.000035249998973 ], [ 110.355353998588228, -7.795616999824637, -0.000035249998973 ], [ 110.355261999741572, -7.79601300009984, -0.000035249998973 ], [ 110.355157000295378, -7.796374000559635, -0.000035249998973 ], [ 110.355121999580675, -7.796632999912953, -0.000035249998973 ], [ 110.355091999995864, -7.796856000304095, -0.000035249998973 ], [ 110.355069999880641, -7.797167000256822, -0.000035249998973 ], [ 110.355020999419651, -7.797770000185316, -0.000035249998973 ], [ 110.354860000088991, -7.797988000345862, -0.000035249998973 ], [ 110.354823000181398, -7.798089001406256, -0.000035249998973 ], [ 110.354855999904544, -7.798197000091416, -0.000035249998973 ], [ 110.354960000203903, -7.798346999814155, -0.000035249998973 ], [ 110.355227999972271, -7.798678000689107, -0.000035249998973 ], [ 110.355376999648868, -7.799006001425768, -0.000035249998973 ], [ 110.35539499957963, -7.7991780003644, -0.000035249998973 ], [ 110.355352000294658, -7.799359000617357, -0.000035249998973 ], [ 110.355099998566118, -7.800255000567794, -0.000035249998973 ], [ 110.354796999881728, -7.800942999919477, -0.000035249998973 ], [ 110.354754999743477, -7.801041999988292, -0.000035249998973 ], [ 110.354602999928559, -7.80140000030974, -0.000035249998973 ], [ 110.354449000021418, -7.801714000400755, -0.000035249998973 ], [ 110.354130999745905, -7.802307999914202, -0.000035249998973 ], [ 110.354129999699808, -7.802331000075527, -0.000035249998973 ], [ 110.354126000414624, -7.802442000697738, -0.000035249998973 ], [ 110.354185999584288, -7.80277399982021, -0.000035249998973 ], [ 110.354384999768001, -7.803592999817051, -0.000035249998973 ], [ 110.354530000159471, -7.804068000138042, -0.000035249998973 ], [ 110.354456998591672, -7.804175000575749, -0.000035249998973 ], [ 110.354326999791283, -7.804268000367869, -0.000035249998973 ], [ 110.35389999988513, -7.804523000436054, -0.000035249998973 ], [ 110.353825000023789, -7.8046400004356, -0.000035249998973 ], [ 110.353789000162294, -7.804794000342776, -0.000035249998973 ], [ 110.353799999770217, -7.804969000319097, -0.000035249998973 ], [ 110.353855999654741, -7.805133999834195, -0.000035249998973 ], [ 110.353982000069323, -7.805328999833414, -0.000035249998973 ], [ 110.354120000137982, -7.805418000340402, -0.000035249998973 ], [ 110.354303999629963, -7.805463000616958, -0.000035249998973 ], [ 110.354890999719942, -7.805573000293689, -0.000035249998973 ], [ 110.355023999558, -7.805660999855203, -0.000035249998973 ], [ 110.355201999672616, -7.805871001445498, -0.000035249998973 ], [ 110.355242999764698, -7.805981000222905, -0.000035249998973 ], [ 110.355216000318194, -7.806063999553886, -0.000035249998973 ], [ 110.35513300008796, -7.806127000660533, -0.000035249998973 ], [ 110.354959000157805, -7.80618500063724, -0.000035249998973 ], [ 110.354806000296719, -7.806177000268296, -0.000035249998973 ], [ 110.354461999721593, -7.806174000129938, -0.000035249998973 ], [ 110.354332000021827, -7.806223000590937, -0.000035249998973 ], [ 110.354215000022293, -7.806331000175481, -0.000035249998973 ], [ 110.354099000068857, -7.806523000036354, -0.000035249998973 ], [ 110.353932999608332, -7.806991000034604, -0.000035249998973 ], [ 110.353763999908722, -7.807746000677354, -0.000035249998973 ], [ 110.353703999839809, -7.808209000444957, -0.000035249998973 ], [ 110.353680999678431, -7.808276999983492, -0.000035249998973 ], [ 110.353593000116916, -7.808532000051746, -0.000035249998973 ], [ 110.353485999679208, -7.808695000373909, -0.000035249998973 ], [ 110.353346999564451, -7.808813000419601, -0.000035249998973 ], [ 110.352779998598123, -7.809285000602251, -0.000035249998973 ], [ 110.352376999798764, -7.809676000646842, -0.000035249998973 ], [ 110.352241999868454, -7.809769999585741, -0.000035249998973 ], [ 110.352125999915017, -7.809879000115702, -0.000035249998973 ], [ 110.351966999777289, -7.810087999861244, -0.000035249998973 ], [ 110.351875000031271, -7.810329000183178, -0.000035249998973 ], [ 110.351860000238901, -7.810523000136306, -0.000035249998973 ], [ 110.35192200040008, -7.810826000619383, -0.000035249998973 ], [ 110.352062999707755, -7.811386000363604, -0.000035249998973 ], [ 110.352165999961016, -7.811932000361486, -0.000035249998973 ], [ 110.35217399943059, -7.812235999991341, -0.000035249998973 ], [ 110.352167000007114, -7.812274999991182, -0.000035249998973 ], [ 110.352134999430746, -7.812455000198046, -0.000035249998973 ], [ 110.352070000030551, -7.812593000266705, -0.000035249998973 ], [ 110.351747000423828, -7.813141000356833, -0.000035249998973 ], [ 110.351542078204432, -7.813497064437905, -0.000035249998973 ], [ 110.351487754656205, -7.813477264064432, -0.000035249998973 ], [ 110.351119851899682, -7.813390913859557, -0.000035249998973 ], [ 110.349961131201326, -7.813145071587715, -0.000035249998973 ], [ 110.349295284849575, -7.813005460833327, -0.000035249998973 ], [ 110.34899778372079, -7.812976577307158, -0.000035249998973 ], [ 110.347464125768852, -7.812768154926347, -0.000035249998973 ], [ 110.346421348366633, -7.812623895576273, -0.000035249998973 ], [ 110.346041113206866, -7.812574370810517, -0.000035249998973 ], [ 110.345884044812863, -7.812550387690184, -0.000035249998973 ], [ 110.345779393404371, -7.812536065986587, -0.000035249998973 ], [ 110.345795199888641, -7.812245486040303, -0.000035249998973 ], [ 110.34582442875444, -7.812234181562189, -0.000035249998973 ], [ 110.345836396932214, -7.811883622231343, -0.000035249998973 ], [ 110.345920121116762, -7.81139620497084, -0.000035249998973 ], [ 110.345920863956792, -7.81139188103043, -0.000035249998973 ], [ 110.34604351439674, -7.810790246272794, -0.000035249998973 ], [ 110.346138839835646, -7.810419720193865, -0.000035249998973 ], [ 110.345758301604405, -7.810414816190752, -0.000035249998973 ], [ 110.345615480270283, -7.810412975278556, -0.000035249998973 ], [ 110.345638984951279, -7.810350121660741, -0.000035249998973 ], [ 110.345675588257848, -7.810100791818054, -0.000035249998973 ], [ 110.345682325079281, -7.810054899414011, -0.000035249998973 ], [ 110.345678101862973, -7.809880592815039, -0.000035249998973 ], [ 110.345624352981588, -7.809765142347373, -0.000035249998973 ], [ 110.345578154808038, -7.809731022968268, -0.000035249998973 ], [ 110.345535885772563, -7.80969888839291, -0.000035249998973 ], [ 110.345391854850277, -7.809360165039545, -0.000035249998973 ], [ 110.345366502062461, -7.809287135592802, -0.000035249998973 ], [ 110.345364626076673, -7.808928745864884, -0.000035249998973 ], [ 110.345366984998407, -7.808856696679182, -0.000035249998973 ], [ 110.345309938303046, -7.808574230416359, -0.000035249998973 ], [ 110.345276969156885, -7.808462665019924, -0.000035249998973 ], [ 110.345183327248847, -7.808359716028002, -0.000035249998973 ], [ 110.34509676660258, -7.808264554265752, -0.000035249998973 ], [ 110.344957398665088, -7.80805755191443, -0.000035249998973 ], [ 110.344801293445016, -7.807783725438526, -0.000035249998973 ], [ 110.344800910333788, -7.807783052745656, -0.000035249998973 ], [ 110.344866645379454, -7.807776906778776, -0.000035249998973 ], [ 110.345216967289275, -7.807793067595922, -0.000035249998973 ], [ 110.345262320100062, -7.807166948795617, -0.000035249998973 ], [ 110.345264525237724, -7.807106541333775, -0.000035249998973 ], [ 110.34526564489363, -7.807075848371657, -0.000035249998973 ], [ 110.344799642289743, -7.807034309585672, -0.000035249998973 ], [ 110.344800083856853, -7.806871359625513, -0.000035249998973 ], [ 110.344800105440584, -7.806857719608047, -0.000035249998973 ], [ 110.344860841154969, -7.806814812053855, -0.000035249998973 ], [ 110.344915830201444, -7.806734931571784, -0.000035249998973 ], [ 110.344939317795365, -7.806682281661948, -0.000035249998973 ], [ 110.344952767156542, -7.806583283391769, -0.000035249998973 ], [ 110.344947829878492, -7.80650705775446, -0.000035249998973 ], [ 110.344925274881575, -7.806413325914211, -0.000035249998973 ], [ 110.344903364698609, -7.806322276751641, -0.000035249998973 ], [ 110.344886075232239, -7.806242181331577, -0.000035249998973 ], [ 110.344917470564894, -7.806162263977222, -0.000035249998973 ], [ 110.345028157323668, -7.806148587087594, -0.000035249998973 ], [ 110.345066759823169, -7.806129488185257, -0.000035249998973 ], [ 110.345137711836003, -7.806019540669235, -0.000035249998973 ], [ 110.345240576291644, -7.805738363134871, -0.000035249998973 ], [ 110.34530823858438, -7.805575620918151, -0.000035249998973 ], [ 110.34538453706682, -7.805399253073007, -0.000035249998973 ], [ 110.345414045621808, -7.805328390992419, -0.000035249998973 ], [ 110.345539891352985, -7.804958536707027, -0.000035249998973 ], [ 110.345590542069942, -7.804898640959483, -0.000035249998973 ], [ 110.345599844657158, -7.804887939926455, -0.000035249998973 ], [ 110.345695215062165, -7.804778229831409, -0.000035249998973 ], [ 110.3457100601712, -7.804744309202474, -0.000035249998973 ], [ 110.345713827431283, -7.804627655441887, -0.000035249998973 ], [ 110.345714584660413, -7.804604167848021, -0.000035249998973 ], [ 110.345795652247602, -7.804371267719766, -0.000035249998973 ], [ 110.34592231905981, -7.804074612853072, -0.000035249998973 ], [ 110.345962844309895, -7.803903498847322, -0.000035249998973 ], [ 110.346016748773991, -7.803676804940557, -0.000035249998973 ], [ 110.346108170255889, -7.803528781028376, -0.000035249998973 ], [ 110.346213248842446, -7.80338744087765, -0.000035249998973 ], [ 110.346233435025056, -7.803324159182582, -0.000035249998973 ], [ 110.346254080761298, -7.803259434075589, -0.000035249998973 ], [ 110.346287578708825, -7.803151616154132, -0.000035249998973 ], [ 110.346319325676404, -7.802965287418037, -0.000035249998973 ], [ 110.346448411664937, -7.802645124273007, -0.000035249998973 ], [ 110.346496584749673, -7.802525644842602, -0.000035249998973 ], [ 110.346547329895429, -7.802404212984019, -0.000035249998973 ], [ 110.346677653351094, -7.802285090584405, -0.000035249998973 ], [ 110.346773119084219, -7.802321038285244, -0.000035249998973 ], [ 110.346839528621388, -7.802346043934739, -0.000035249998973 ], [ 110.347312715909197, -7.802460890957316, -0.000035249998973 ], [ 110.347477563438886, -7.801933872050481, -0.000035249998973 ], [ 110.347601554768005, -7.801429071794187, -0.000035249998973 ], [ 110.347717402736009, -7.800983712228519, -0.000035249998973 ], [ 110.347746146867223, -7.800907539651178, -0.000035249998973 ], [ 110.347916140317693, -7.800457056647807, -0.000035249998973 ], [ 110.348145829866212, -7.799893173631001, -0.000035249998973 ], [ 110.348319454779073, -7.799500381237586, -0.000035249998973 ], [ 110.34795312583617, -7.799305942415282, -0.000035249998973 ], [ 110.348234128901993, -7.798858025177653, -0.000035249998973 ], [ 110.348404002742598, -7.798589755612674, -0.000035249998973 ], [ 110.347844378914999, -7.798310367729247, -0.000035249998973 ], [ 110.347771782941493, -7.798274021628738, -0.000035249998973 ], [ 110.348025213692722, -7.797734851981766, -0.000035249998973 ], [ 110.348279079715837, -7.797156533047542, -0.000035249998973 ], [ 110.348401587163551, -7.797004494561741, -0.000035249998973 ], [ 110.348472281070997, -7.796817392408688, -0.000035249998973 ], [ 110.348096901350971, -7.796664692021868, -0.000035249998973 ], [ 110.347761069317983, -7.796607740654673, -0.000035249998973 ], [ 110.347936754577631, -7.795971617795883, -0.000035249998973 ], [ 110.348309047824387, -7.796061736160139, -0.000035249998973 ], [ 110.348253595627, -7.795473986035571, -0.000035249998973 ], [ 110.34820342155075, -7.795105524800082, -0.000035249998973 ], [ 110.348710415253564, -7.795028734388544, -0.000035249998973 ], [ 110.348804863853445, -7.795463796716776, -0.000035249998973 ], [ 110.34936019072029, -7.795492346594473, -0.000035249998973 ], [ 110.349514948755939, -7.794947089436554, -0.000035249998973 ], [ 110.349639834910533, -7.794708841939434, -0.000035249998973 ], [ 110.349830750189028, -7.794272654559343, -0.000035249998973 ], [ 110.349897273040767, -7.794118344386043, -0.000035249998973 ], [ 110.349804426133403, -7.794100605258682, -0.000035249998973 ], [ 110.349708089856506, -7.793917410659901, -0.000035249998973 ], [ 110.349406411376833, -7.793692876924704, -0.000035249998973 ], [ 110.349150630697125, -7.793573577358641, -0.000035249998973 ], [ 110.349008796818566, -7.793510469232734, -0.000035249998973 ], [ 110.348860426667443, -7.793435898347985, -0.000035249998973 ], [ 110.348680555962972, -7.793347226992856, -0.000035249998973 ], [ 110.348610671445385, -7.793295990817283, -0.000035249998973 ], [ 110.34862858594056, -7.793273805441742, -0.000035249998973 ], [ 110.348661922010137, -7.793232520264546, -0.000035249998973 ], [ 110.348697000066579, -7.793248000294899, -0.000035249998973 ], [ 110.34936100011015, -7.793403000248198, -0.000035249998973 ], [ 110.350015999738673, -7.793429001447246, -0.000035249998973 ], [ 110.350193999853275, -7.79285200001976, -0.000035249998973 ], [ 110.351463999963698, -7.792925000688167, -0.000035249998973 ], [ 110.351474000424844, -7.792936000296153, -0.000035249998973 ], [ 110.352396999821735, -7.793089000157179, -0.000035249998973 ], [ 110.353366000440644, -7.79318299999539, -0.000035249998973 ], [ 110.353211999634141, -7.794017000683986, -0.000035249998973 ], [ 110.353971999608177, -7.794122000130134, -0.000035249998973 ], [ 110.353978999930973, -7.7941390000148, -0.000035249998973 ], [ 110.355439999856173, -7.794187000429705, -0.000035249998973 ] ] ] ] } },
{ "type": "Feature", "properties": { "OBJECTID": 8, "WADMKC": "Mantrijeron", "WADMKK": "Kota Yogyakarta", "WADMPR": "Daerah Istimewa Yogyakarta", "Shape_Leng": 0.07429353617, "Shape_Area": 0.00021312107, "Penduduk": 35400 }, "geometry": { "type": "MultiPolygon", "coordinates": [ [ [ [ 110.355996000315201, -7.808621000558667, -0.000035249998973 ], [ 110.355954000177007, -7.809862000231075, -0.000035249998973 ], [ 110.355923999692891, -7.810743000389101, -0.000035249998973 ], [ 110.355918000315512, -7.810834000088959, -0.000035249998973 ], [ 110.355905999762115, -7.811201999972289, -0.000035249998973 ], [ 110.355901999577668, -7.811368000432819, -0.000035249998973 ], [ 110.355855000108249, -7.812622999851497, -0.000035249998973 ], [ 110.355850999923746, -7.81293799998867, -0.000035249998973 ], [ 110.355879998563125, -7.81297100061113, -0.000035249998973 ], [ 110.356007999969279, -7.813134000034041, -0.000035249998973 ], [ 110.356035998562561, -7.813131999941797, -0.000035249998973 ], [ 110.356181999899448, -7.813117000149417, -0.000035249998973 ], [ 110.356257999806928, -7.813119000241613, -0.000035249998973 ], [ 110.357247999595586, -7.813253000125816, -0.000035249998973 ], [ 110.357417000194474, -7.81327500024104, -0.000035249998973 ], [ 110.357584999847916, -7.813301001440039, -0.000035249998973 ], [ 110.357916999869701, -7.813352000194585, -0.000035249998973 ], [ 110.358198000237564, -7.813383999871635, -0.000035249998973 ], [ 110.358230999960767, -7.813388000056139, -0.000035249998973 ], [ 110.358486000028961, -7.813429000148181, -0.000035249998973 ], [ 110.359329000233231, -7.813544000055522, -0.000035249998973 ], [ 110.359446000232765, -7.813552000424401, -0.000035249998973 ], [ 110.36100899856649, -7.813771000631101, -0.000035249998973 ], [ 110.361228999718605, -7.81380200026206, -0.000035249998973 ], [ 110.361641999878429, -7.813872999938959, -0.000035249998973 ], [ 110.362322999806679, -7.813966000630387, -0.000035249998973 ], [ 110.362830999850814, -7.814035000215028, -0.000035249998973 ], [ 110.364120999984209, -7.814210000191287, -0.000035249998973 ], [ 110.364197999937801, -7.814218000560232, -0.000035249998973 ], [ 110.364774999566635, -7.814285000052671, -0.000035249998973 ], [ 110.365264999680065, -7.814357999821775, -0.000035249998973 ], [ 110.366568000412954, -7.814521000144003, -0.000035249998973 ], [ 110.368175999922528, -7.814783001434301, -0.000035249998973 ], [ 110.368479000405614, -7.814891000119532, -0.000035249998973 ], [ 110.36837700019845, -7.81529200062528, -0.000035249998973 ], [ 110.36832799973746, -7.815697000416207, -0.000035249998973 ], [ 110.36826500042946, -7.816865000319465, -0.000035249998973 ], [ 110.368229999714799, -7.817445000086655, -0.000035249998973 ], [ 110.368094999784489, -7.8188740003348, -0.000035249998973 ], [ 110.368093999738349, -7.818885999988888, -0.000035249998973 ], [ 110.368019999923092, -7.819676000447034, -0.000035249998973 ], [ 110.367998999854038, -7.819922000100171, -0.000035249998973 ], [ 110.367986000153849, -7.820257000260311, -0.000035249998973 ], [ 110.367933999554509, -7.820670999566908, -0.000035249998973 ], [ 110.367933000407731, -7.820683000120304, -0.000035249998973 ], [ 110.367922999946529, -7.821098000372388, -0.000035249998973 ], [ 110.367890000223383, -7.821520000047935, -0.000035249998973 ], [ 110.367836000431112, -7.82205700142942, -0.000035249998973 ], [ 110.367819999693268, -7.822217999860747, -0.000035249998973 ], [ 110.367816000408141, -7.822399000113698, -0.000035249998973 ], [ 110.367755999439908, -7.823093000641396, -0.000035249998973 ], [ 110.367693000131908, -7.824323999852644, -0.000035249998973 ], [ 110.367693000131908, -7.824334000313794, -0.000035249998973 ], [ 110.367693000131908, -7.8245100003362, -0.000035249998973 ], [ 110.367586999740297, -7.82547499987129, -0.000035249998973 ], [ 110.36758299955585, -7.825529000562883, -0.000035249998973 ], [ 110.367475615107594, -7.826771085716986, -0.000035249998973 ], [ 110.367168421085807, -7.826722804713595, -0.000035249998973 ], [ 110.367270343951247, -7.825569908924145, -0.000035249998973 ], [ 110.366717984847185, -7.825531179620216, -0.000035249998973 ], [ 110.366253758404298, -7.825537667329463, -0.000035249998973 ], [ 110.365819679035042, -7.82554471981291, -0.000035249998973 ], [ 110.364962788801748, -7.825537392136887, -0.000035249998973 ], [ 110.364686525163066, -7.825574044006889, -0.000035249998973 ], [ 110.364302586595159, -7.825610533099571, -0.000035249998973 ], [ 110.363163216609223, -7.82566431165862, -0.000035249998973 ], [ 110.362389189009946, -7.825718744024748, -0.000035249998973 ], [ 110.361546365072741, -7.825820446556286, -0.000035249998973 ], [ 110.360913931233029, -7.82585832690023, -0.000035249998973 ], [ 110.360994836942226, -7.825360536859257, -0.000035249998973 ], [ 110.361176467619941, -7.824260345838235, -0.000035249998973 ], [ 110.361116993654377, -7.824250491067287, -0.000035249998973 ], [ 110.360430053704093, -7.824136662976571, -0.000035249998973 ], [ 110.360333293846509, -7.824716163619995, -0.000035249998973 ], [ 110.359702247660664, -7.824581930811409, -0.000035249998973 ], [ 110.3593443570565, -7.824484449697531, -0.000035249998973 ], [ 110.359139368287288, -7.826039305569458, -0.000035249998973 ], [ 110.357887253893693, -7.825978574351669, -0.000035249998973 ], [ 110.35743636529611, -7.825957687597173, -0.000035249998973 ], [ 110.356649573619009, -7.825909113414801, -0.000035249998973 ], [ 110.356127185321384, -7.825866562891527, -0.000035249998973 ], [ 110.355906597811327, -7.825863310943017, -0.000035249998973 ], [ 110.355597395603411, -7.825856688335473, -0.000035249998973 ], [ 110.354687016392745, -7.825837187436199, -0.000035249998973 ], [ 110.354581775928295, -7.825837025558265, -0.000035249998973 ], [ 110.354239868075524, -7.825819011238307, -0.000035249998973 ], [ 110.353862964903954, -7.825786364049399, -0.000035249998973 ], [ 110.35347072919086, -7.825738908623689, -0.000035249998973 ], [ 110.352879704634745, -7.825639086574534, -0.000035249998973 ], [ 110.352717198939629, -7.825615722187768, -0.000035249998973 ], [ 110.352528465416412, -7.825600959816372, -0.000035249998973 ], [ 110.352325236620459, -7.825635127758916, -0.000035249998973 ], [ 110.352000068748225, -7.825689798445413, -0.000035249998973 ], [ 110.351813674361679, -7.825735949854169, -0.000035249998973 ], [ 110.351779070247972, -7.825741173116629, -0.000035249998973 ], [ 110.351752579817742, -7.825745172401754, -0.000035249998973 ], [ 110.351667342074222, -7.825631859622611, -0.000035249998973 ], [ 110.351650699220443, -7.825609735400914, -0.000035249998973 ], [ 110.351631704639544, -7.825584485135828, -0.000035249998973 ], [ 110.351397472615304, -7.825162763350821, -0.000035249998973 ], [ 110.35132638480485, -7.825034772736491, -0.000035249998973 ], [ 110.351329361560829, -7.824926177800815, -0.000035249998973 ], [ 110.351369910193284, -7.824815693389494, -0.000035249998973 ], [ 110.351398565291618, -7.824737616048077, -0.000035249998973 ], [ 110.351444681626859, -7.824583377820605, -0.000035249998973 ], [ 110.351496765863089, -7.824351087432721, -0.000035249998973 ], [ 110.351525384988577, -7.824223447553997, -0.000035249998973 ], [ 110.351599604238402, -7.824059986778943, -0.000035249998973 ], [ 110.351646917571259, -7.823858479285312, -0.000035249998973 ], [ 110.351795267038028, -7.823711062415557, -0.000035249998973 ], [ 110.351925341381445, -7.823635668651153, -0.000035249998973 ], [ 110.352062595012796, -7.823639524044784, -0.000035249998973 ], [ 110.352192628886769, -7.823711672155924, -0.000035249998973 ], [ 110.35234433642205, -7.823693891659725, -0.000035249998973 ], [ 110.352467199102023, -7.823679712048995, -0.000035249998973 ], [ 110.352521016331877, -7.823642248990556, -0.000035249998973 ], [ 110.352575551220752, -7.823604285009703, -0.000035249998973 ], [ 110.352608306328364, -7.823492716915321, -0.000035249998973 ], [ 110.35256899516304, -7.823240993976647, -0.000035249998973 ], [ 110.352324283339044, -7.822975836065956, -0.000035249998973 ], [ 110.352058973442922, -7.822710646678955, -0.000035249998973 ], [ 110.351824200926217, -7.822557436376534, -0.000035249998973 ], [ 110.351676284033317, -7.82242486911235, -0.000035249998973 ], [ 110.351032379340893, -7.821770515197048, -0.000035249998973 ], [ 110.350883498374799, -7.82153590725625, -0.000035249998973 ], [ 110.350797916190913, -7.821296816195064, -0.000035249998973 ], [ 110.350794144434303, -7.821072322929294, -0.000035249998973 ], [ 110.35085149959707, -7.820794094271998, -0.000035249998973 ], [ 110.350925825866227, -7.820561391095275, -0.000035249998973 ], [ 110.351004175702201, -7.82039127173976, -0.000035249998973 ], [ 110.350925495815034, -7.820169267797439, -0.000035249998973 ], [ 110.35089716177464, -7.820061922919363, -0.000035249998973 ], [ 110.350861268932476, -7.81992594003009, -0.000035249998973 ], [ 110.350897509812285, -7.819739929653958, -0.000035249998973 ], [ 110.350967325082024, -7.819662167075311, -0.000035249998973 ], [ 110.351077211444192, -7.819539771143475, -0.000035249998973 ], [ 110.351249740982837, -7.819375524360906, -0.000035249998973 ], [ 110.351307581779508, -7.81914654437747, -0.000035249998973 ], [ 110.35132714742997, -7.818966964154013, -0.000035249998973 ], [ 110.351283977273795, -7.81881593740554, -0.000035249998973 ], [ 110.351237171158573, -7.818663727149215, -0.000035249998973 ], [ 110.35122434772552, -7.818479203352523, -0.000035249998973 ], [ 110.351193670951204, -7.818336405400708, -0.000035249998973 ], [ 110.351193291437326, -7.818097236098532, -0.000035249998973 ], [ 110.351243708330514, -7.817826076112456, -0.000035249998973 ], [ 110.351274333843492, -7.817516568135094, -0.000035249998973 ], [ 110.351274559573312, -7.8173697484151, -0.000035249998973 ], [ 110.351274575761124, -7.817359657122437, -0.000035249998973 ], [ 110.351296640627538, -7.817270435382219, -0.000035249998973 ], [ 110.351313393198609, -7.817202700244363, -0.000035249998973 ], [ 110.351512959955187, -7.817112420901476, -0.000035249998973 ], [ 110.351831477340866, -7.816994314735783, -0.000035249998973 ], [ 110.351936505565334, -7.816886396989561, -0.000035249998973 ], [ 110.352146752670535, -7.816670458075124, -0.000035249998973 ], [ 110.3522029297215, -7.816548513602979, -0.000035249998973 ], [ 110.352375826183504, -7.816267336967988, -0.000035249998973 ], [ 110.352490487945715, -7.816105290826433, -0.000035249998973 ], [ 110.352492416991538, -7.816091540192363, -0.000035249998973 ], [ 110.352506202699146, -7.815993279366298, -0.000035249998973 ], [ 110.352512366652434, -7.815881877646459, -0.000035249998973 ], [ 110.352462138616886, -7.815789028940508, -0.000035249998973 ], [ 110.352320880304447, -7.815711554144862, -0.000035249998973 ], [ 110.352214235098927, -7.815653498410203, -0.000035249998973 ], [ 110.35217819386861, -7.815608431583828, -0.000035249998973 ], [ 110.352152371634702, -7.815576145023045, -0.000035249998973 ], [ 110.352139050876531, -7.815471793988085, -0.000035249998973 ], [ 110.352155378068289, -7.815337764426257, -0.000035249998973 ], [ 110.352164464818259, -7.815263172857096, -0.000035249998973 ], [ 110.35219161085422, -7.814902535723381, -0.000035249998973 ], [ 110.352129579216751, -7.814692427113757, -0.000035249998973 ], [ 110.352055593790681, -7.814583505724158, -0.000035249998973 ], [ 110.351958312326303, -7.814525047992509, -0.000035249998973 ], [ 110.351794440561036, -7.814540311286298, -0.000035249998973 ], [ 110.351599285878422, -7.81456333482998, -0.000035249998973 ], [ 110.351439389116607, -7.814551427806127, -0.000035249998973 ], [ 110.351306938764253, -7.814469593097218, -0.000035249998973 ], [ 110.351186147222961, -7.814356642744834, -0.000035249998973 ], [ 110.351139538059272, -7.814224440605408, -0.000035249998973 ], [ 110.35118170637071, -7.814051098979015, -0.000035249998973 ], [ 110.351190607860303, -7.814014504665632, -0.000035249998973 ], [ 110.351348991962482, -7.813672186721985, -0.000035249998973 ], [ 110.351487754656205, -7.813477264064432, -0.000035249998973 ], [ 110.351542078204432, -7.813497064437905, -0.000035249998973 ], [ 110.351747000423828, -7.813141000356833, -0.000035249998973 ], [ 110.352070000030551, -7.812593000266705, -0.000035249998973 ], [ 110.352134999430746, -7.812455000198046, -0.000035249998973 ], [ 110.352167000007114, -7.812274999991182, -0.000035249998973 ], [ 110.35217399943059, -7.812235999991341, -0.000035249998973 ], [ 110.352165999961016, -7.811932000361486, -0.000035249998973 ], [ 110.352062999707755, -7.811386000363604, -0.000035249998973 ], [ 110.35192200040008, -7.810826000619383, -0.000035249998973 ], [ 110.351860000238901, -7.810523000136306, -0.000035249998973 ], [ 110.351875000031271, -7.810329000183178, -0.000035249998973 ], [ 110.351966999777289, -7.810087999861244, -0.000035249998973 ], [ 110.352125999915017, -7.809879000115702, -0.000035249998973 ], [ 110.352241999868454, -7.809769999585741, -0.000035249998973 ], [ 110.352376999798764, -7.809676000646842, -0.000035249998973 ], [ 110.352779998598123, -7.809285000602251, -0.000035249998973 ], [ 110.353346999564451, -7.808813000419601, -0.000035249998973 ], [ 110.353485999679208, -7.808695000373909, -0.000035249998973 ], [ 110.353593000116916, -7.808532000051746, -0.000035249998973 ], [ 110.353680999678431, -7.808276999983492, -0.000035249998973 ], [ 110.353795000438993, -7.808298000052615, -0.000035249998973 ], [ 110.353904000069633, -7.808314999937232, -0.000035249998973 ], [ 110.355254000271941, -7.808527999867239, -0.000035249998973 ], [ 110.355505000155688, -7.808558000351412, -0.000035249998973 ], [ 110.355874000085123, -7.808609000005283, -0.000035249998973 ], [ 110.355996000315201, -7.808621000558667, -0.000035249998973 ] ] ] ] } },
{ "type": "Feature", "properties": { "OBJECTID": 9, "WADMKC": "Kraton", "WADMKK": "Kota Yogyakarta", "WADMPR": "Daerah Istimewa Yogyakarta", "Shape_Leng": 0.04855010772, "Shape_Area": 0.00012866429, "Penduduk": 21320 }, "geometry": { "type": "MultiPolygon", "coordinates": [ [ [ [ 110.369123999572992, -7.808194000652573, -0.000035249998973 ], [ 110.369123000426214, -7.808261000144973, -0.000035249998973 ], [ 110.369089999803691, -7.808724999958709, -0.000035249998973 ], [ 110.369034999965322, -7.809157000095412, -0.000035249998973 ], [ 110.368950999688934, -7.809818000000628, -0.000035249998973 ], [ 110.368926998582197, -7.810201000575653, -0.000035249998973 ], [ 110.368836999827749, -7.811617000224315, -0.000035249998973 ], [ 110.368823000081477, -7.811888000131039, -0.000035249998973 ], [ 110.368745000081731, -7.813416000448004, -0.000035249998973 ], [ 110.368670000220391, -7.814473000628417, -0.000035249998973 ], [ 110.368660999805343, -7.814601000235934, -0.000035249998973 ], [ 110.368609000105323, -7.81467900023563, -0.000035249998973 ], [ 110.368479000405614, -7.814891000119532, -0.000035249998973 ], [ 110.368175999922528, -7.814783001434301, -0.000035249998973 ], [ 110.366568000412954, -7.814521000144003, -0.000035249998973 ], [ 110.365264999680065, -7.814357999821775, -0.000035249998973 ], [ 110.364774999566635, -7.814285000052671, -0.000035249998973 ], [ 110.364197999937801, -7.814218000560232, -0.000035249998973 ], [ 110.364120999984209, -7.814210000191287, -0.000035249998973 ], [ 110.362830999850814, -7.814035000215028, -0.000035249998973 ], [ 110.362322999806679, -7.813966000630387, -0.000035249998973 ], [ 110.361641999878429, -7.813872999938959, -0.000035249998973 ], [ 110.361228999718605, -7.81380200026206, -0.000035249998973 ], [ 110.36100899856649, -7.813771000631101, -0.000035249998973 ], [ 110.359446000232765, -7.813552000424401, -0.000035249998973 ], [ 110.359329000233231, -7.813544000055522, -0.000035249998973 ], [ 110.358486000028961, -7.813429000148181, -0.000035249998973 ], [ 110.358230999960767, -7.813388000056139, -0.000035249998973 ], [ 110.358198000237564, -7.813383999871635, -0.000035249998973 ], [ 110.357916999869701, -7.813352000194585, -0.000035249998973 ], [ 110.357584999847916, -7.813301001440039, -0.000035249998973 ], [ 110.357417000194474, -7.81327500024104, -0.000035249998973 ], [ 110.357247999595586, -7.813253000125816, -0.000035249998973 ], [ 110.356257999806928, -7.813119000241613, -0.000035249998973 ], [ 110.356181999899448, -7.813117000149417, -0.000035249998973 ], [ 110.356035998562561, -7.813131999941797, -0.000035249998973 ], [ 110.356007999969279, -7.813134000034041, -0.000035249998973 ], [ 110.355879998563125, -7.81297100061113, -0.000035249998973 ], [ 110.355850999923746, -7.81293799998867, -0.000035249998973 ], [ 110.355855000108249, -7.812622999851497, -0.000035249998973 ], [ 110.355901999577668, -7.811368000432819, -0.000035249998973 ], [ 110.355905999762115, -7.811201999972289, -0.000035249998973 ], [ 110.355918000315512, -7.810834000088959, -0.000035249998973 ], [ 110.355923999692891, -7.810743000389101, -0.000035249998973 ], [ 110.355954000177007, -7.809862000231075, -0.000035249998973 ], [ 110.355996000315201, -7.808621000558667, -0.000035249998973 ], [ 110.355998000407453, -7.808582000558828, -0.000035249998973 ], [ 110.35602799999225, -7.8078140002159, -0.000035249998973 ], [ 110.356059999669299, -7.807280999918187, -0.000035249998973 ], [ 110.356065999945997, -7.807025000703166, -0.000035249998973 ], [ 110.356080999738424, -7.806631001419539, -0.000035249998973 ], [ 110.356119999738269, -7.80581699985459, -0.000035249998973 ], [ 110.356116999599919, -7.805634000408767, -0.000035249998973 ], [ 110.356119999738269, -7.805398000317433, -0.000035249998973 ], [ 110.356131000245512, -7.805080000041927, -0.000035249998973 ], [ 110.356182999945531, -7.804428000551758, -0.000035249998973 ], [ 110.356230000314326, -7.804259999998979, -0.000035249998973 ], [ 110.356318999921996, -7.804144000045533, -0.000035249998973 ], [ 110.356343000129428, -7.804124000022504, -0.000035249998973 ], [ 110.356703999689898, -7.804186000183731, -0.000035249998973 ], [ 110.357404999641062, -7.804243000114299, -0.000035249998973 ], [ 110.358332000121777, -7.804308999560654, -0.000035249998973 ], [ 110.358769999635854, -7.804326000344592, -0.000035249998973 ], [ 110.359319999818183, -7.804373999860157, -0.000035249998973 ], [ 110.359530999655988, -7.804391000644102, -0.000035249998973 ], [ 110.360509999836665, -7.804478000159524, -0.000035249998973 ], [ 110.361000999996236, -7.804506000551441, -0.000035249998973 ], [ 110.361322999556819, -7.804532999997885, -0.000035249998973 ], [ 110.361784000131536, -7.804564001427479, -0.000035249998973 ], [ 110.36253999992114, -7.804619000366522, -0.000035249998973 ], [ 110.363140999757377, -7.804695000274024, -0.000035249998973 ], [ 110.363203999964696, -7.804704999835851, -0.000035249998973 ], [ 110.363151000218522, -7.805060000018963, -0.000035249998973 ], [ 110.363944999961859, -7.805096999926541, -0.000035249998973 ], [ 110.364251999730072, -7.805117999995665, -0.000035249998973 ], [ 110.364276999983645, -7.804963000042394, -0.000035249998973 ], [ 110.364303999430092, -7.804679000435495, -0.000035249998973 ], [ 110.364557998552868, -7.802874999981211, -0.000035249998973 ], [ 110.364641999728576, -7.80288599958914, -0.000035249998973 ], [ 110.365040000095973, -7.802929999819583, -0.000035249998973 ], [ 110.365418000440457, -7.803007000672496, -0.000035249998973 ], [ 110.365580999863312, -7.803123000625924, -0.000035249998973 ], [ 110.365624000047617, -7.803202000671776, -0.000035249998973 ], [ 110.36563099857176, -7.803294000417739, -0.000035249998973 ], [ 110.366400999906261, -7.803397999817771, -0.000035249998973 ], [ 110.366628999628688, -7.803456000693815, -0.000035249998973 ], [ 110.367368999579753, -7.803504000209379, -0.000035249998973 ], [ 110.367734000224004, -7.803552000624276, -0.000035249998973 ], [ 110.367974999646549, -7.803573000693404, -0.000035249998973 ], [ 110.368035999761616, -7.803583000255232, -0.000035249998973 ], [ 110.368774999666584, -7.803670999816748, -0.000035249998973 ], [ 110.369185999734157, -7.803638000093593, -0.000035249998973 ], [ 110.369228999918448, -7.803736000116269, -0.000035249998973 ], [ 110.369369000079359, -7.804041000691596, -0.000035249998973 ], [ 110.36937300026382, -7.804311000552167, -0.000035249998973 ], [ 110.369276999434021, -7.805696000569924, -0.000035249998973 ], [ 110.369261999641651, -7.80606399955388, -0.000035249998973 ], [ 110.369198999434332, -7.806897000196328, -0.000035249998973 ], [ 110.369123999572992, -7.808194000652573, -0.000035249998973 ] ] ] ] } },
{ "type": "Feature", "properties": { "OBJECTID": 10, "WADMKC": "Gondomanan", "WADMKK": "Kota Yogyakarta", "WADMPR": "Daerah Istimewa Yogyakarta", "Shape_Leng": 0.05187390263, "Shape_Area": 8.795023e-05, "Penduduk": 14590 }, "geometry": { "type": "MultiPolygon", "coordinates": [ [ [ [ 110.365367999933326, -7.79634800025997, -0.000035249998973 ], [ 110.365387999956283, -7.796354001435994, -0.000035249998973 ], [ 110.366810999927793, -7.796492000605266, -0.000035249998973 ], [ 110.367221999995365, -7.796520000097874, -0.000035249998973 ], [ 110.367489999763734, -7.796552000674241, -0.000035249998973 ], [ 110.367637000247441, -7.796574999936239, -0.000035249998973 ], [ 110.367873998586219, -7.796580000166841, -0.000035249998973 ], [ 110.368194999899401, -7.796602000282063, -0.000035249998973 ], [ 110.368379999437479, -7.796621000258887, -0.000035249998973 ], [ 110.369071999872972, -7.796653999982085, -0.000035249998973 ], [ 110.369184999688059, -7.796715000097157, -0.000035249998973 ], [ 110.369190999964758, -7.796734000074019, -0.000035249998973 ], [ 110.369255000218175, -7.796716000143249, -0.000035249998973 ], [ 110.369572999594311, -7.796714000050994, -0.000035249998973 ], [ 110.369840000215902, -7.796714000051002, -0.000035249998973 ], [ 110.370066999892188, -7.796715000097149, -0.000035249998973 ], [ 110.36998399966194, -7.796885999888962, -0.000035249998973 ], [ 110.369790999754912, -7.797306000371581, -0.000035249998973 ], [ 110.369748999616718, -7.797615000232043, -0.000035249998973 ], [ 110.369786999570408, -7.797821999885333, -0.000035249998973 ], [ 110.369899000238718, -7.798080000091892, -0.000035249998973 ], [ 110.370304000029648, -7.798875999927417, -0.000035249998973 ], [ 110.370783999681919, -7.799714999947241, -0.000035249998973 ], [ 110.37091300023485, -7.800026999946061, -0.000035249998973 ], [ 110.370939999681298, -7.800291999576075, -0.000035249998973 ], [ 110.370950000142443, -7.800670999966651, -0.000035249998973 ], [ 110.371029000188287, -7.800947000103919, -0.000035249998973 ], [ 110.371256999910656, -7.801539000424506, -0.000035249998973 ], [ 110.371316999979626, -7.801693000331674, -0.000035249998973 ], [ 110.371444999587141, -7.802300999591415, -0.000035249998973 ], [ 110.371457000140481, -7.802357000375193, -0.000035249998973 ], [ 110.37151199997885, -7.802600999936143, -0.000035249998973 ], [ 110.371593000116945, -7.803141000556709, -0.000035249998973 ], [ 110.37165500027811, -7.803476999863619, -0.000035249998973 ], [ 110.371779999747275, -7.803730999885719, -0.000035249998973 ], [ 110.372088999607683, -7.80413999986104, -0.000035249998973 ], [ 110.372352000044827, -7.804352000644251, -0.000035249998973 ], [ 110.372541999813507, -7.804437000067477, -0.000035249998973 ], [ 110.372939000134821, -7.804562999582732, -0.000035249998973 ], [ 110.373988999992434, -7.804773000273708, -0.000035249998973 ], [ 110.374156999645891, -7.804887000134898, -0.000035249998973 ], [ 110.374259999899152, -7.805017999880754, -0.000035249998973 ], [ 110.374299999945094, -7.805168001402087, -0.000035249998973 ], [ 110.37429499971455, -7.805482000593826, -0.000035249998973 ], [ 110.374247000198977, -7.806122999576704, -0.000035249998973 ], [ 110.374246000152823, -7.806137000222341, -0.000035249998973 ], [ 110.374252000429522, -7.806251000083533, -0.000035249998973 ], [ 110.374252999576356, -7.806395000428896, -0.000035249998973 ], [ 110.374194999599638, -7.806560999990099, -0.000035249998973 ], [ 110.374103999899717, -7.806916000173211, -0.000035249998973 ], [ 110.374073000268822, -7.807123999872653, -0.000035249998973 ], [ 110.37397300015391, -7.808000999846231, -0.000035249998973 ], [ 110.373798000177601, -7.807986000053793, -0.000035249998973 ], [ 110.373434999625601, -7.80788900007724, -0.000035249998973 ], [ 110.37304699971935, -7.807855000307995, -0.000035249998973 ], [ 110.372470000090516, -7.80787799957, -0.000035249998973 ], [ 110.372161000230051, -7.80792800007709, -0.000035249998973 ], [ 110.372089999653838, -7.807955000422912, -0.000035249998973 ], [ 110.371320000117976, -7.808002999938423, -0.000035249998973 ], [ 110.371138999865025, -7.808014999592497, -0.000035249998973 ], [ 110.370602000282133, -7.808063000007396, -0.000035249998973 ], [ 110.369709999616873, -7.808137999868737, -0.000035249998973 ], [ 110.369123999572992, -7.808194000652573, -0.000035249998973 ], [ 110.369198999434332, -7.806897000196328, -0.000035249998973 ], [ 110.369261999641651, -7.80606399955388, -0.000035249998973 ], [ 110.369276999434021, -7.805696000569924, -0.000035249998973 ], [ 110.36937300026382, -7.804311000552167, -0.000035249998973 ], [ 110.369369000079359, -7.804041000691596, -0.000035249998973 ], [ 110.369228999918448, -7.803736000116269, -0.000035249998973 ], [ 110.369185999734157, -7.803638000093593, -0.000035249998973 ], [ 110.368774999666584, -7.803670999816748, -0.000035249998973 ], [ 110.368035999761616, -7.803583000255232, -0.000035249998973 ], [ 110.367974999646549, -7.803573000693404, -0.000035249998973 ], [ 110.367734000224004, -7.803552000624276, -0.000035249998973 ], [ 110.367368999579753, -7.803504000209379, -0.000035249998973 ], [ 110.366628999628688, -7.803456000693815, -0.000035249998973 ], [ 110.366400999906261, -7.803397999817771, -0.000035249998973 ], [ 110.36563099857176, -7.803294000417739, -0.000035249998973 ], [ 110.365624000047617, -7.803202000671776, -0.000035249998973 ], [ 110.365580999863312, -7.803123000625924, -0.000035249998973 ], [ 110.365418000440457, -7.803007000672496, -0.000035249998973 ], [ 110.365040000095973, -7.802929999819583, -0.000035249998973 ], [ 110.364641999728576, -7.80288599958914, -0.000035249998973 ], [ 110.364557998552868, -7.802874999981211, -0.000035249998973 ], [ 110.364303999430092, -7.804679000435495, -0.000035249998973 ], [ 110.364276999983645, -7.804963000042394, -0.000035249998973 ], [ 110.364251999730072, -7.805117999995665, -0.000035249998973 ], [ 110.363944999961859, -7.805096999926541, -0.000035249998973 ], [ 110.363151000218522, -7.805060000018963, -0.000035249998973 ], [ 110.363203999964696, -7.804704999835851, -0.000035249998973 ], [ 110.363140999757377, -7.804695000274024, -0.000035249998973 ], [ 110.36253999992114, -7.804619000366522, -0.000035249998973 ], [ 110.361784000131536, -7.804564001427479, -0.000035249998973 ], [ 110.361322999556819, -7.804532999997885, -0.000035249998973 ], [ 110.361000999996236, -7.804506000551441, -0.000035249998973 ], [ 110.360509999836665, -7.804478000159524, -0.000035249998973 ], [ 110.360553000021014, -7.804152999561202, -0.000035249998973 ], [ 110.360702999743694, -7.803200000579518, -0.000035249998973 ], [ 110.360703999789791, -7.803186999980028, -0.000035249998973 ], [ 110.360810000181402, -7.802419001435736, -0.000035249998973 ], [ 110.360824999973829, -7.802342000582827, -0.000035249998973 ], [ 110.360841999858451, -7.802247999845292, -0.000035249998973 ], [ 110.360943000019518, -7.801506999848129, -0.000035249998973 ], [ 110.360972999604314, -7.801252000679255, -0.000035249998973 ], [ 110.361232999903109, -7.801255999964375, -0.000035249998973 ], [ 110.361504999855924, -7.801264000333277, -0.000035249998973 ], [ 110.361658999763108, -7.801265000379426, -0.000035249998973 ], [ 110.362021000269024, -7.801252000679258, -0.000035249998973 ], [ 110.362044999577108, -7.800513999921127, -0.000035249998973 ], [ 110.362051999899961, -7.800064999899802, -0.000035249998973 ], [ 110.362068999784583, -7.799516000662833, -0.000035249998973 ], [ 110.362083999576953, -7.799185999833981, -0.000035249998973 ], [ 110.362085999669205, -7.79916999999546, -0.000035249998973 ], [ 110.362119999438505, -7.797990999584902, -0.000035249998973 ], [ 110.362117000199476, -7.797814000415707, -0.000035249998973 ], [ 110.362113000014972, -7.797580999563417, -0.000035249998973 ], [ 110.362154000107068, -7.796846999889106, -0.000035249998973 ], [ 110.362158999438364, -7.79676899988937, -0.000035249998973 ], [ 110.362152000014873, -7.796326000144741, -0.000035249998973 ], [ 110.362126999761301, -7.79621400037576, -0.000035249998973 ], [ 110.36199800010769, -7.796072000122654, -0.000035249998973 ], [ 110.362086999715302, -7.796005000630202, -0.000035249998973 ], [ 110.362574999736523, -7.796042001437167, -0.000035249998973 ], [ 110.362780000196892, -7.796064000653067, -0.000035249998973 ], [ 110.36286699971231, -7.79606899998429, -0.000035249998973 ], [ 110.363113000264832, -7.796098999569145, -0.000035249998973 ], [ 110.363328000287026, -7.796103000652924, -0.000035249998973 ], [ 110.363367999433706, -7.796110000076403, -0.000035249998973 ], [ 110.363407998580342, -7.796117000399185, -0.000035249998973 ], [ 110.363568999709628, -7.796130000099363, -0.000035249998973 ], [ 110.363740000400753, -7.796157999591974, -0.000035249998973 ], [ 110.363903999869763, -7.796172000237554, -0.000035249998973 ], [ 110.36401400044582, -7.796183999891635, -0.000035249998973 ], [ 110.364560000443703, -7.79624900019116, -0.000035249998973 ], [ 110.365168999749585, -7.796319999868047, -0.000035249998973 ], [ 110.365367999933326, -7.79634800025997, -0.000035249998973 ] ] ] ] } },
{ "type": "Feature", "properties": { "OBJECTID": 11, "WADMKC": "Pakualaman", "WADMKK": "Kota Yogyakarta", "WADMPR": "Daerah Istimewa Yogyakarta", "Shape_Leng": 0.03377351832, "Shape_Area": 5.271162e-05, "Penduduk": 10590 }, "geometry": { "type": "MultiPolygon", "coordinates": [ [ [ [ 110.377628999678677, -7.79727400069453, -0.000035249998973 ], [ 110.377627999632523, -7.797280000071903, -0.000035249998973 ], [ 110.377631999817041, -7.797350000602027, -0.000035249998973 ], [ 110.377672999909066, -7.797558000301418, -0.000035249998973 ], [ 110.377773000023979, -7.797727000000975, -0.000035249998973 ], [ 110.377915000277085, -7.797937999838776, -0.000035249998973 ], [ 110.377933000207861, -7.797996999861589, -0.000035249998973 ], [ 110.378184000091608, -7.797967000276802, -0.000035249998973 ], [ 110.378555000113238, -7.798, -0.000035249998973 ], [ 110.37896099995028, -7.798032000576321, -0.000035249998973 ], [ 110.379183000295313, -7.798041000092041, -0.000035249998973 ], [ 110.379434000179003, -7.79808200018413, -0.000035249998973 ], [ 110.379618999717152, -7.798093000691376, -0.000035249998973 ], [ 110.379715999693701, -7.798098000022669, -0.000035249998973 ], [ 110.380233000152899, -7.798177000068457, -0.000035249998973 ], [ 110.380271000106632, -7.798188000575688, -0.000035249998973 ], [ 110.380410000221389, -7.798199000183678, -0.000035249998973 ], [ 110.380404999990844, -7.798227000575594, -0.000035249998973 ], [ 110.380467000152009, -7.7991390003645, -0.000035249998973 ], [ 110.38049000031333, -7.79961000140043, -0.000035249998973 ], [ 110.380451000313485, -7.800723000566003, -0.000035249998973 ], [ 110.380457999736961, -7.801202000172118, -0.000035249998973 ], [ 110.380510998583759, -7.801796000584885, -0.000035249998973 ], [ 110.380428000152165, -7.801788000215993, -0.000035249998973 ], [ 110.380024000407332, -7.801768000193015, -0.000035249998973 ], [ 110.379954999923385, -7.801764000008567, -0.000035249998973 ], [ 110.379841000062186, -7.801754000446685, -0.000035249998973 ], [ 110.379613998587217, -7.8017470001239, -0.000035249998973 ], [ 110.379320000317833, -7.801740000700419, -0.000035249998973 ], [ 110.378778999651161, -7.801739000654327, -0.000035249998973 ], [ 110.378635000205179, -7.801750000262245, -0.000035249998973 ], [ 110.378661999651641, -7.801787000169893, -0.000035249998973 ], [ 110.378629999974578, -7.802003000238244, -0.000035249998973 ], [ 110.378556000159335, -7.802367999983168, -0.000035249998973 ], [ 110.378467999698501, -7.80279800002762, -0.000035249998973 ], [ 110.378274999791472, -7.803776000162255, -0.000035249998973 ], [ 110.378262000091297, -7.803881001407033, -0.000035249998973 ], [ 110.378203000068481, -7.804058000576219, -0.000035249998973 ], [ 110.378186000183803, -7.804110000276237, -0.000035249998973 ], [ 110.378153999607434, -7.804266000275617, -0.000035249998973 ], [ 110.378085000022807, -7.804580000366684, -0.000035249998973 ], [ 110.378057999677026, -7.804590999974601, -0.000035249998973 ], [ 110.377825999770153, -7.804579000320584, -0.000035249998973 ], [ 110.376951999934946, -7.804475000021177, -0.000035249998973 ], [ 110.376690000443205, -7.804456000044289, -0.000035249998973 ], [ 110.376516999659884, -7.804443000344119, -0.000035249998973 ], [ 110.375910999593032, -7.804372999814066, -0.000035249998973 ], [ 110.375786000123867, -7.804391000644106, -0.000035249998973 ], [ 110.375422000425033, -7.804350000552057, -0.000035249998973 ], [ 110.375344000425343, -7.80433000142835, -0.000035249998973 ], [ 110.375341999433772, -7.804245000206549, -0.000035249998973 ], [ 110.375282000264178, -7.80372999983956, -0.000035249998973 ], [ 110.375227999572587, -7.8031649998648, -0.000035249998973 ], [ 110.375185999434393, -7.802716999889585, -0.000035249998973 ], [ 110.375155999849596, -7.802363000651888, -0.000035249998973 ], [ 110.375142000103267, -7.802202999568754, -0.000035249998973 ], [ 110.375107000287869, -7.80187699982366, -0.000035249998973 ], [ 110.375082000034354, -7.801655000377941, -0.000035249998973 ], [ 110.375000999896329, -7.80165400033178, -0.000035249998973 ], [ 110.374999999850161, -7.801653976050093, -0.000035249998973 ], [ 110.374015000292104, -7.801630000124356, -0.000035249998973 ], [ 110.373473999625446, -7.801593000216712, -0.000035249998973 ], [ 110.373095000134185, -7.801561001439038, -0.000035249998973 ], [ 110.373079999442496, -7.801536000286156, -0.000035249998973 ], [ 110.372672000412535, -7.801554000216867, -0.000035249998973 ], [ 110.371575000186169, -7.80154300060895, -0.000035249998973 ], [ 110.371533000047975, -7.801545999847972, -0.000035249998973 ], [ 110.371479000255704, -7.801545000701195, -0.000035249998973 ], [ 110.371256999910656, -7.801539000424506, -0.000035249998973 ], [ 110.371029000188287, -7.800947000103919, -0.000035249998973 ], [ 110.370950000142443, -7.800670999966651, -0.000035249998973 ], [ 110.370939999681298, -7.800291999576075, -0.000035249998973 ], [ 110.37091300023485, -7.800026999946061, -0.000035249998973 ], [ 110.370783999681919, -7.799714999947241, -0.000035249998973 ], [ 110.370304000029648, -7.798875999927417, -0.000035249998973 ], [ 110.369899000238718, -7.798080000091892, -0.000035249998973 ], [ 110.369786999570408, -7.797821999885333, -0.000035249998973 ], [ 110.369748999616718, -7.797615000232043, -0.000035249998973 ], [ 110.369790999754912, -7.797306000371581, -0.000035249998973 ], [ 110.36998399966194, -7.796885999888962, -0.000035249998973 ], [ 110.370066999892188, -7.796715000097149, -0.000035249998973 ], [ 110.3702949996146, -7.796726000604393, -0.000035249998973 ], [ 110.370348000260037, -7.796728000696638, -0.000035249998973 ], [ 110.370391000444386, -7.796735000120131, -0.000035249998973 ], [ 110.370620000212909, -7.796756000189192, -0.000035249998973 ], [ 110.37095399942757, -7.796760000373701, -0.000035249998973 ], [ 110.371400000209917, -7.79678199958953, -0.000035249998973 ], [ 110.371700999701432, -7.796799000373547, -0.000035249998973 ], [ 110.37261000025137, -7.796837000327234, -0.000035249998973 ], [ 110.373076000157369, -7.796862000580794, -0.000035249998973 ], [ 110.373855000108222, -7.796937999588978, -0.000035249998973 ], [ 110.374999999850161, -7.797025000003718, -0.000035249998973 ], [ 110.375094999734543, -7.797032000326513, -0.000035249998973 ], [ 110.375585999894042, -7.797100999911156, -0.000035249998973 ], [ 110.376723000166407, -7.797188000325892, -0.000035249998973 ], [ 110.37676599855206, -7.797192001409711, -0.000035249998973 ], [ 110.377311999449262, -7.797242000118165, -0.000035249998973 ], [ 110.377593999863279, -7.797273000648435, -0.000035249998973 ], [ 110.377623000301298, -7.79727300064843, -0.000035249998973 ], [ 110.377628999678677, -7.79727400069453, -0.000035249998973 ] ] ] ] } },
{ "type": "Feature", "properties": { "OBJECTID": 12, "WADMKC": "Mergangsan", "WADMKK": "Kota Yogyakarta", "WADMPR": "Daerah Istimewa Yogyakarta", "Shape_Leng": 0.09137021315, "Shape_Area": 0.00019407099, "Penduduk": 31700 }, "geometry": { "type": "MultiPolygon", "coordinates": [ [ [ [ 110.380510998583759, -7.801796000584885, -0.000035249998973 ], [ 110.380514999667582, -7.801843000054357, -0.000035249998973 ], [ 110.380621000059207, -7.802371000121523, -0.000035249998973 ], [ 110.380715999943519, -7.802846000442522, -0.000035249998973 ], [ 110.380972000057795, -7.803839000369525, -0.000035249998973 ], [ 110.381117999596086, -7.804409000574884, -0.000035249998973 ], [ 110.381235999641717, -7.805049000410978, -0.000035249998973 ], [ 110.381246000102863, -7.805087000364719, -0.000035249998973 ], [ 110.380556999805776, -7.805282000363995, -0.000035249998973 ], [ 110.380149999922594, -7.805549000086221, -0.000035249998973 ], [ 110.379611000247507, -7.80621900040649, -0.000035249998973 ], [ 110.379515000317099, -7.806336999552862, -0.000035249998973 ], [ 110.379426999856207, -7.806777000058444, -0.000035249998973 ], [ 110.37932200041007, -7.807306000171702, -0.000035249998973 ], [ 110.379283999557003, -7.807646000562435, -0.000035249998973 ], [ 110.379283999557003, -7.807795000239022, -0.000035249998973 ], [ 110.378998999903956, -7.808598000397359, -0.000035249998973 ], [ 110.378997999857873, -7.808614000235878, -0.000035249998973 ], [ 110.378893000411722, -7.809784000231382, -0.000035249998973 ], [ 110.379342000433056, -7.809797999977652, -0.000035249998973 ], [ 110.379491000109624, -7.80980500030045, -0.000035249998973 ], [ 110.37960199983246, -7.809838000023657, -0.000035249998973 ], [ 110.379910999692939, -7.809930999815721, -0.000035249998973 ], [ 110.380011999853991, -7.809951999884841, -0.000035249998973 ], [ 110.379986999600419, -7.810189000022268, -0.000035249998973 ], [ 110.379969999715797, -7.810317001428419, -0.000035249998973 ], [ 110.380594999759467, -7.811329000432975, -0.000035249998973 ], [ 110.38070000010498, -7.81220799959948, -0.000035249998973 ], [ 110.381448000424939, -7.812179000060773, -0.000035249998973 ], [ 110.381471999733037, -7.812179000060773, -0.000035249998973 ], [ 110.381451999710066, -7.812986999550337, -0.000035249998973 ], [ 110.381445999433367, -7.813605000170587, -0.000035249998973 ], [ 110.381440000056045, -7.814196000445009, -0.000035249998973 ], [ 110.381437999963794, -7.815088000211011, -0.000035249998973 ], [ 110.380932000011853, -7.814923999842679, -0.000035249998973 ], [ 110.380538999875, -7.814774000119938, -0.000035249998973 ], [ 110.379647000109003, -7.814399999959965, -0.000035249998973 ], [ 110.379595000408983, -7.814388000305942, -0.000035249998973 ], [ 110.379188999672635, -7.81429200037548, -0.000035249998973 ], [ 110.378802999858635, -7.814201000675618, -0.000035249998973 ], [ 110.378364999445239, -7.814121000583675, -0.000035249998973 ], [ 110.37833299976819, -7.814121000583675, -0.000035249998973 ], [ 110.378056999630871, -7.814081001437042, -0.000035249998973 ], [ 110.377753000001007, -7.81402699984613, -0.000035249998973 ], [ 110.377405000140712, -7.813861000284864, -0.000035249998973 ], [ 110.377275999587766, -7.813745000331428, -0.000035249998973 ], [ 110.377198999634189, -7.813681000078016, -0.000035249998973 ], [ 110.376901000281009, -7.81360700026277, -0.000035249998973 ], [ 110.37651599961373, -7.813545000101613, -0.000035249998973 ], [ 110.376510000236408, -7.813580999963103, -0.000035249998973 ], [ 110.376205999707182, -7.815351000648097, -0.000035249998973 ], [ 110.376181998600444, -7.815701000600658, -0.000035249998973 ], [ 110.376180998554275, -7.815743999885623, -0.000035249998973 ], [ 110.376155000053245, -7.815931999562115, -0.000035249998973 ], [ 110.376099000168779, -7.81632000036769, -0.000035249998973 ], [ 110.375999000053866, -7.816934999950265, -0.000035249998973 ], [ 110.375893999708353, -7.817663000247192, -0.000035249998973 ], [ 110.375851999570159, -7.818129000153198, -0.000035249998973 ], [ 110.375852999616313, -7.818133000337643, -0.000035249998973 ], [ 110.375806000146838, -7.818530000658938, -0.000035249998973 ], [ 110.375852999616313, -7.81873200008169, -0.000035249998973 ], [ 110.376024000307439, -7.819413000009884, -0.000035249998973 ], [ 110.376109999776702, -7.819855000607733, -0.000035249998973 ], [ 110.376142998600585, -7.820267999868234, -0.000035249998973 ], [ 110.37612999979973, -7.820805000350446, -0.000035249998973 ], [ 110.376071999823012, -7.82134800020997, -0.000035249998973 ], [ 110.376035999961516, -7.821720000277765, -0.000035249998973 ], [ 110.375790000308328, -7.822194000552664, -0.000035249998973 ], [ 110.375612000193712, -7.822661001404067, -0.000035249998973 ], [ 110.375156999895694, -7.823973999900156, -0.000035249998973 ], [ 110.37513799991882, -7.824294000267864, -0.000035249998973 ], [ 110.375136516037458, -7.824364728349517, -0.000035249998973 ], [ 110.375135389186937, -7.824364560176271, -0.000035249998973 ], [ 110.375012603848631, -7.824346230194299, -0.000035249998973 ], [ 110.374822364860336, -7.82431070697351, -0.000035249998973 ], [ 110.37449485695214, -7.824271654812945, -0.000035249998973 ], [ 110.374130915709259, -7.824229360596456, -0.000035249998973 ], [ 110.373970018901346, -7.824216472412211, -0.000035249998973 ], [ 110.373895857208083, -7.824211220371466, -0.000035249998973 ], [ 110.373852444234956, -7.824175467823526, -0.000035249998973 ], [ 110.373778531653954, -7.82412702224423, -0.000035249998973 ], [ 110.373694599726036, -7.824054276983254, -0.000035249998973 ], [ 110.373580838185205, -7.824008314432098, -0.000035249998973 ], [ 110.373388333804598, -7.823988245161328, -0.000035249998973 ], [ 110.373303283120109, -7.823997098087548, -0.000035249998973 ], [ 110.373361014199531, -7.824415086786755, -0.000035249998973 ], [ 110.373387647621882, -7.824756432563278, -0.000035249998973 ], [ 110.373328977650274, -7.824772284912972, -0.000035249998973 ], [ 110.372932596062526, -7.824749800063151, -0.000035249998973 ], [ 110.372895111420291, -7.824766644365125, -0.000035249998973 ], [ 110.372277886915015, -7.824800339264185, -0.000035249998973 ], [ 110.372258317667274, -7.824884845858886, -0.000035249998973 ], [ 110.372258224137795, -7.824953599928617, -0.000035249998973 ], [ 110.372177209610584, -7.825785294755519, -0.000035249998973 ], [ 110.372157301318452, -7.825928592730349, -0.000035249998973 ], [ 110.372094496264026, -7.82613743779245, -0.000035249998973 ], [ 110.37198956156908, -7.82625905041481, -0.000035249998973 ], [ 110.371692384196251, -7.82625164000115, -0.000035249998973 ], [ 110.371631411960152, -7.825734629649387, -0.000035249998973 ], [ 110.371669678113221, -7.825736857270103, -0.000035249998973 ], [ 110.371712070355841, -7.825324432676389, -0.000035249998973 ], [ 110.37164151944063, -7.825315092317629, -0.000035249998973 ], [ 110.371570313819007, -7.825307271813077, -0.000035249998973 ], [ 110.371514602616855, -7.825293305341752, -0.000035249998973 ], [ 110.371460431054118, -7.825283968580267, -0.000035249998973 ], [ 110.37142017739933, -7.825285450662984, -0.000035249998973 ], [ 110.371367549073184, -7.825279203072732, -0.000035249998973 ], [ 110.371240481163341, -7.825272844865875, -0.000035249998973 ], [ 110.371268608359642, -7.824915556807474, -0.000035249998973 ], [ 110.369651730742817, -7.824647319618062, -0.000035249998973 ], [ 110.369509949924293, -7.824618079960377, -0.000035249998973 ], [ 110.369369895804084, -7.824629501350389, -0.000035249998973 ], [ 110.369201826003518, -7.824973706071595, -0.000035249998973 ], [ 110.369101282698125, -7.825161537574848, -0.000035249998973 ], [ 110.369093892968863, -7.825182066399171, -0.000035249998973 ], [ 110.368917704088872, -7.825671499939739, -0.000035249998973 ], [ 110.368694743267838, -7.82625050325806, -0.000035249998973 ], [ 110.368569991112281, -7.82649718819465, -0.000035249998973 ], [ 110.368561202937201, -7.826514564895204, -0.000035249998973 ], [ 110.368375259110962, -7.826883920956159, -0.000035249998973 ], [ 110.368355146672741, -7.826933870201919, -0.000035249998973 ], [ 110.368304968999155, -7.826928797126241, -0.000035249998973 ], [ 110.367874083122501, -7.826928151413036, -0.000035249998973 ], [ 110.367553390276782, -7.826872693819718, -0.000035249998973 ], [ 110.367513678013893, -7.826872596692901, -0.000035249998973 ], [ 110.367477700635447, -7.826872508559339, -0.000035249998973 ], [ 110.367486744217956, -7.826772834898347, -0.000035249998973 ], [ 110.367475615107594, -7.826771085716986, -0.000035249998973 ], [ 110.36758299955585, -7.825529000562883, -0.000035249998973 ], [ 110.367586999740297, -7.82547499987129, -0.000035249998973 ], [ 110.367693000131908, -7.8245100003362, -0.000035249998973 ], [ 110.367693000131908, -7.824334000313794, -0.000035249998973 ], [ 110.367693000131908, -7.824323999852644, -0.000035249998973 ], [ 110.367755999439908, -7.823093000641396, -0.000035249998973 ], [ 110.367816000408141, -7.822399000113698, -0.000035249998973 ], [ 110.367819999693268, -7.822217999860747, -0.000035249998973 ], [ 110.367836000431112, -7.82205700142942, -0.000035249998973 ], [ 110.367890000223383, -7.821520000047935, -0.000035249998973 ], [ 110.367922999946529, -7.821098000372388, -0.000035249998973 ], [ 110.367933000407731, -7.820683000120304, -0.000035249998973 ], [ 110.367933999554509, -7.820670999566908, -0.000035249998973 ], [ 110.367986000153849, -7.820257000260311, -0.000035249998973 ], [ 110.367998999854038, -7.819922000100171, -0.000035249998973 ], [ 110.368019999923092, -7.819676000447034, -0.000035249998973 ], [ 110.368093999738349, -7.818885999988888, -0.000035249998973 ], [ 110.368094999784489, -7.8188740003348, -0.000035249998973 ], [ 110.368229999714799, -7.817445000086655, -0.000035249998973 ], [ 110.36826500042946, -7.816865000319465, -0.000035249998973 ], [ 110.36832799973746, -7.815697000416207, -0.000035249998973 ], [ 110.36837700019845, -7.81529200062528, -0.000035249998973 ], [ 110.368479000405614, -7.814891000119532, -0.000035249998973 ], [ 110.368609000105323, -7.81467900023563, -0.000035249998973 ], [ 110.368660999805343, -7.814601000235934, -0.000035249998973 ], [ 110.368670000220391, -7.814473000628417, -0.000035249998973 ], [ 110.368745000081731, -7.813416000448004, -0.000035249998973 ], [ 110.368823000081477, -7.811888000131039, -0.000035249998973 ], [ 110.368836999827749, -7.811617000224315, -0.000035249998973 ], [ 110.368926998582197, -7.810201000575653, -0.000035249998973 ], [ 110.368950999688934, -7.809818000000628, -0.000035249998973 ], [ 110.369034999965322, -7.809157000095412, -0.000035249998973 ], [ 110.369089999803691, -7.808724999958709, -0.000035249998973 ], [ 110.369123000426214, -7.808261000144973, -0.000035249998973 ], [ 110.369123999572992, -7.808194000652573, -0.000035249998973 ], [ 110.369709999616873, -7.808137999868737, -0.000035249998973 ], [ 110.370602000282133, -7.808063000007396, -0.000035249998973 ], [ 110.371138999865025, -7.808014999592497, -0.000035249998973 ], [ 110.371320000117976, -7.808002999938423, -0.000035249998973 ], [ 110.372089999653838, -7.807955000422912, -0.000035249998973 ], [ 110.372161000230051, -7.80792800007709, -0.000035249998973 ], [ 110.372470000090516, -7.80787799957, -0.000035249998973 ], [ 110.37304699971935, -7.807855000307995, -0.000035249998973 ], [ 110.373434999625601, -7.80788900007724, -0.000035249998973 ], [ 110.373798000177601, -7.807986000053793, -0.000035249998973 ], [ 110.37397300015391, -7.808000999846231, -0.000035249998973 ], [ 110.374073000268822, -7.807123999872653, -0.000035249998973 ], [ 110.374103999899717, -7.806916000173211, -0.000035249998973 ], [ 110.374194999599638, -7.806560999990099, -0.000035249998973 ], [ 110.374252999576356, -7.806395000428896, -0.000035249998973 ], [ 110.374252000429522, -7.806251000083533, -0.000035249998973 ], [ 110.374246000152823, -7.806137000222341, -0.000035249998973 ], [ 110.374247000198977, -7.806122999576704, -0.000035249998973 ], [ 110.37429499971455, -7.805482000593826, -0.000035249998973 ], [ 110.374299999945094, -7.805168001402087, -0.000035249998973 ], [ 110.374259999899152, -7.805017999880754, -0.000035249998973 ], [ 110.374156999645891, -7.804887000134898, -0.000035249998973 ], [ 110.373988999992434, -7.804773000273708, -0.000035249998973 ], [ 110.372939000134821, -7.804562999582732, -0.000035249998973 ], [ 110.372541999813507, -7.804437000067477, -0.000035249998973 ], [ 110.372352000044827, -7.804352000644251, -0.000035249998973 ], [ 110.372088999607683, -7.80413999986104, -0.000035249998973 ], [ 110.371779999747275, -7.803730999885719, -0.000035249998973 ], [ 110.37165500027811, -7.803476999863619, -0.000035249998973 ], [ 110.371593000116945, -7.803141000556709, -0.000035249998973 ], [ 110.37151199997885, -7.802600999936143, -0.000035249998973 ], [ 110.371457000140481, -7.802357000375193, -0.000035249998973 ], [ 110.371444999587141, -7.802300999591415, -0.000035249998973 ], [ 110.371316999979626, -7.801693000331674, -0.000035249998973 ], [ 110.371256999910656, -7.801539000424506, -0.000035249998973 ], [ 110.371479000255704, -7.801545000701195, -0.000035249998973 ], [ 110.371533000047975, -7.801545999847972, -0.000035249998973 ], [ 110.371575000186169, -7.80154300060895, -0.000035249998973 ], [ 110.372672000412535, -7.801554000216867, -0.000035249998973 ], [ 110.373079999442496, -7.801536000286156, -0.000035249998973 ], [ 110.373095000134185, -7.801561001439038, -0.000035249998973 ], [ 110.373473999625446, -7.801593000216712, -0.000035249998973 ], [ 110.374015000292104, -7.801630000124356, -0.000035249998973 ], [ 110.374999999850161, -7.801653976050093, -0.000035249998973 ], [ 110.375000999896329, -7.80165400033178, -0.000035249998973 ], [ 110.375082000034354, -7.801655000377941, -0.000035249998973 ], [ 110.375107000287869, -7.80187699982366, -0.000035249998973 ], [ 110.375142000103267, -7.802202999568754, -0.000035249998973 ], [ 110.375155999849596, -7.802363000651888, -0.000035249998973 ], [ 110.375185999434393, -7.802716999889585, -0.000035249998973 ], [ 110.375227999572587, -7.8031649998648, -0.000035249998973 ], [ 110.375282000264178, -7.80372999983956, -0.000035249998973 ], [ 110.375341999433772, -7.804245000206549, -0.000035249998973 ], [ 110.375344000425343, -7.80433000142835, -0.000035249998973 ], [ 110.375422000425033, -7.804350000552057, -0.000035249998973 ], [ 110.375786000123867, -7.804391000644106, -0.000035249998973 ], [ 110.375910999593032, -7.804372999814066, -0.000035249998973 ], [ 110.376516999659884, -7.804443000344119, -0.000035249998973 ], [ 110.376690000443205, -7.804456000044289, -0.000035249998973 ], [ 110.376951999934946, -7.804475000021177, -0.000035249998973 ], [ 110.377825999770153, -7.804579000320584, -0.000035249998973 ], [ 110.378057999677026, -7.804590999974601, -0.000035249998973 ], [ 110.378085000022807, -7.804580000366684, -0.000035249998973 ], [ 110.378153999607434, -7.804266000275617, -0.000035249998973 ], [ 110.378186000183803, -7.804110000276237, -0.000035249998973 ], [ 110.378203000068481, -7.804058000576219, -0.000035249998973 ], [ 110.378262000091297, -7.803881001407033, -0.000035249998973 ], [ 110.378274999791472, -7.803776000162255, -0.000035249998973 ], [ 110.378467999698501, -7.80279800002762, -0.000035249998973 ], [ 110.378556000159335, -7.802367999983168, -0.000035249998973 ], [ 110.378629999974578, -7.802003000238244, -0.000035249998973 ], [ 110.378661999651641, -7.801787000169893, -0.000035249998973 ], [ 110.378635000205179, -7.801750000262245, -0.000035249998973 ], [ 110.378778999651161, -7.801739000654327, -0.000035249998973 ], [ 110.379320000317833, -7.801740000700419, -0.000035249998973 ], [ 110.379613998587217, -7.8017470001239, -0.000035249998973 ], [ 110.379841000062186, -7.801754000446685, -0.000035249998973 ], [ 110.379954999923385, -7.801764000008567, -0.000035249998973 ], [ 110.380024000407332, -7.801768000193015, -0.000035249998973 ], [ 110.380428000152165, -7.801788000215993, -0.000035249998973 ], [ 110.380510998583759, -7.801796000584885, -0.000035249998973 ] ] ] ] } },
{ "type": "Feature", "properties": { "OBJECTID": 13, "WADMKC": "Umbulharjo", "WADMKK": "Kota Yogyakarta", "WADMPR": "Daerah Istimewa Yogyakarta", "Shape_Leng": 0.19086417512000001, "Shape_Area": 0.00067452863, "Penduduk": 72200 }, "geometry": { "type": "MultiPolygon", "coordinates": [ [ [ [ 110.397521609434776, -7.802250374954781, -0.000035249998973 ], [ 110.397491000109653, -7.802375000305977, -0.000035249998973 ], [ 110.397491000109653, -7.8025670001669, -0.000035249998973 ], [ 110.397518999602198, -7.802834999935274, -0.000035249998973 ], [ 110.397494000247946, -7.803122000579829, -0.000035249998973 ], [ 110.397406999833223, -7.803311000302362, -0.000035249998973 ], [ 110.397105999442374, -7.803748999816441, -0.000035249998973 ], [ 110.397026000249753, -7.803924999838843, -0.000035249998973 ], [ 110.396882999950549, -7.804356999975532, -0.000035249998973 ], [ 110.396783999881734, -7.804841000711567, -0.000035249998973 ], [ 110.396815999558783, -7.805193999903119, -0.000035249998973 ], [ 110.396898999789073, -7.805678000639144, -0.000035249998973 ], [ 110.396922999996491, -7.80603500001519, -0.000035249998973 ], [ 110.396846000042956, -7.806637999943679, -0.000035249998973 ], [ 110.396681999674627, -7.807063000656912, -0.000035249998973 ], [ 110.396361000160084, -7.807929000123237, -0.000035249998973 ], [ 110.396239999976103, -7.808058999822952, -0.000035249998973 ], [ 110.395397999817874, -7.808785000027677, -0.000035249998973 ], [ 110.394847999635545, -7.809130000648969, -0.000035249998973 ], [ 110.394587000189986, -7.809599999840081, -0.000035249998973 ], [ 110.394395998576556, -7.809849001430221, -0.000035249998973 ], [ 110.394359999614323, -7.810100999561431, -0.000035249998973 ], [ 110.394394000282944, -7.81046200002124, -0.000035249998973 ], [ 110.394483999936725, -7.811429001447203, -0.000035249998973 ], [ 110.394443999890768, -7.811756000339064, -0.000035249998973 ], [ 110.394420999729391, -7.811808000039147, -0.000035249998973 ], [ 110.39435899956824, -7.811952000384451, -0.000035249998973 ], [ 110.394202000422069, -7.812159000037756, -0.000035249998973 ], [ 110.393937999938828, -7.81245400015194, -0.000035249998973 ], [ 110.393735999616752, -7.812777000658, -0.000035249998973 ], [ 110.39346899989448, -7.813422999871481, -0.000035249998973 ], [ 110.393363000402189, -7.813751000608139, -0.000035249998973 ], [ 110.393361998557452, -7.813806999593289, -0.000035249998973 ], [ 110.393361000309994, -7.813926000584384, -0.000035249998973 ], [ 110.393336000056422, -7.814206000006826, -0.000035249998973 ], [ 110.393154999803471, -7.814863000626927, -0.000035249998973 ], [ 110.393024000057608, -7.815004999980708, -0.000035249998973 ], [ 110.392862999827628, -7.815096000579893, -0.000035249998973 ], [ 110.392679998583105, -7.815108000233976, -0.000035249998973 ], [ 110.392477000013628, -7.815118000695126, -0.000035249998973 ], [ 110.39214299989959, -7.815166000210692, -0.000035249998973 ], [ 110.392072000222697, -7.815225000233511, -0.000035249998973 ], [ 110.391975000246134, -7.815371000671113, -0.000035249998973 ], [ 110.391956000269275, -7.815490999909687, -0.000035249998973 ], [ 110.391975000246134, -7.815806000046793, -0.000035249998973 ], [ 110.392040999692426, -7.815955000622756, -0.000035249998973 ], [ 110.392057999577119, -7.815992001429672, -0.000035249998973 ], [ 110.392189000222245, -7.816159000137708, -0.000035249998973 ], [ 110.392358999967939, -7.816276000137238, -0.000035249998973 ], [ 110.392580000266832, -7.81635500018307, -0.000035249998973 ], [ 110.392815000312055, -7.816416000298147, -0.000035249998973 ], [ 110.393873999685411, -7.816691000389317, -0.000035249998973 ], [ 110.393985998555024, -7.816825000273524, -0.000035249998973 ], [ 110.394003000238342, -7.816923000296182, -0.000035249998973 ], [ 110.393991999731043, -7.817279001424712, -0.000035249998973 ], [ 110.393929999569878, -7.817920000407638, -0.000035249998973 ], [ 110.393965999431373, -7.818063999853683, -0.000035249998973 ], [ 110.394051999800013, -7.818172000337489, -0.000035249998973 ], [ 110.394479999752264, -7.818575000036168, -0.000035249998973 ], [ 110.394609000305209, -7.818739999551272, -0.000035249998973 ], [ 110.394623000051482, -7.818851000173484, -0.000035249998973 ], [ 110.394607000212943, -7.818934000403775, -0.000035249998973 ], [ 110.3945959997057, -7.818991000334334, -0.000035249998973 ], [ 110.394484999982808, -7.819144000195421, -0.000035249998973 ], [ 110.394372000167721, -7.819331999871847, -0.000035249998973 ], [ 110.394359999614323, -7.819475000171045, -0.000035249998973 ], [ 110.394346999914148, -7.819637000447187, -0.000035249998973 ], [ 110.394243999660944, -7.819718000585225, -0.000035249998973 ], [ 110.39412599961527, -7.819756001438296, -0.000035249998973 ], [ 110.393890999570033, -7.819824000077523, -0.000035249998973 ], [ 110.393712998556111, -7.819936999892603, -0.000035249998973 ], [ 110.393634998556422, -7.820048001414075, -0.000035249998973 ], [ 110.393628000032209, -7.820139000214623, -0.000035249998973 ], [ 110.393676000447101, -7.820254000121964, -0.000035249998973 ], [ 110.393909000400129, -7.820588000236, -0.000035249998973 ], [ 110.394356998576711, -7.821162000625796, -0.000035249998973 ], [ 110.394466000005934, -7.821392999587202, -0.000035249998973 ], [ 110.394495000443953, -7.821587000439649, -0.000035249998973 ], [ 110.394492000305604, -7.822067000091919, -0.000035249998973 ], [ 110.394492998553119, -7.823087000364748, -0.000035249998973 ], [ 110.394502999913584, -7.823316000133273, -0.000035249998973 ], [ 110.394432000236691, -7.823413000109837, -0.000035249998973 ], [ 110.394203999614945, -7.823679000685277, -0.000035249998973 ], [ 110.394037000007586, -7.823876999923581, -0.000035249998973 ], [ 110.393621999755567, -7.824626000289641, -0.000035249998973 ], [ 110.393528999963451, -7.824882999550767, -0.000035249998973 ], [ 110.393424999664092, -7.825336000655845, -0.000035249998973 ], [ 110.393379000240714, -7.825714000100956, -0.000035249998973 ], [ 110.392054000291921, -7.825255001417126, -0.000035249998973 ], [ 110.392110000176444, -7.825104999895751, -0.000035249998973 ], [ 110.392157999692017, -7.82485099987372, -0.000035249998973 ], [ 110.392521000244017, -7.823985000407382, -0.000035249998973 ], [ 110.392585999644211, -7.823775000615742, -0.000035249998973 ], [ 110.392689999943627, -7.823594000362787, -0.000035249998973 ], [ 110.392748999966443, -7.823470000040402, -0.000035249998973 ], [ 110.392756000289239, -7.823427999902213, -0.000035249998973 ], [ 110.392104999945843, -7.823136999972512, -0.000035249998973 ], [ 110.390399999560373, -7.822521000343839, -0.000035249998973 ], [ 110.390373000113925, -7.822510999882693, -0.000035249998973 ], [ 110.390329999929634, -7.823198000087588, -0.000035249998973 ], [ 110.390302000437032, -7.82354300070886, -0.000035249998973 ], [ 110.390243999560994, -7.823570000155317, -0.000035249998973 ], [ 110.390245999653246, -7.823914999877274, -0.000035249998973 ], [ 110.39015299986113, -7.824921000403782, -0.000035249998973 ], [ 110.390140000160955, -7.825119001440729, -0.000035249998973 ], [ 110.391094000088117, -7.825707999824264, -0.000035249998973 ], [ 110.39145000031732, -7.825892000215621, -0.000035249998973 ], [ 110.391499999925145, -7.825912000238585, -0.000035249998973 ], [ 110.392015000292076, -7.826187000329754, -0.000035249998973 ], [ 110.392277999829901, -7.826321000213958, -0.000035249998973 ], [ 110.392579000220735, -7.826469999890541, -0.000035249998973 ], [ 110.392803999804812, -7.826622000604797, -0.000035249998973 ], [ 110.393013000449685, -7.826734000373787, -0.000035249998973 ], [ 110.393055999734656, -7.826755999589643, -0.000035249998973 ], [ 110.393353999987198, -7.826930999565938, -0.000035249998973 ], [ 110.393446765955559, -7.826955960249334, -0.000035249998973 ], [ 110.393461682111024, -7.827012079743611, -0.000035249998973 ], [ 110.393499681165395, -7.827083611819201, -0.000035249998973 ], [ 110.393531822935373, -7.827112557398554, -0.000035249998973 ], [ 110.393573012784373, -7.827152212104865, -0.000035249998973 ], [ 110.393606455873282, -7.827176634094309, -0.000035249998973 ], [ 110.393616968048732, -7.82719752714411, -0.000035249998973 ], [ 110.39363115215599, -7.827238171104685, -0.000035249998973 ], [ 110.393643605068405, -7.827279933821844, -0.000035249998973 ], [ 110.393650848208154, -7.827304225409648, -0.000035249998973 ], [ 110.393659866609596, -7.827334371583962, -0.000035249998973 ], [ 110.393664452252722, -7.827361530210398, -0.000035249998973 ], [ 110.393664318253741, -7.827362950239877, -0.000035249998973 ], [ 110.393652054198981, -7.827493255709165, -0.000035249998973 ], [ 110.393639430415419, -7.827604655630301, -0.000035249998973 ], [ 110.393639291020534, -7.82760587960763, -0.000035249998973 ], [ 110.393630508241429, -7.827683384980164, -0.000035249998973 ], [ 110.393634297085214, -7.827749314279404, -0.000035249998973 ], [ 110.393644630295512, -7.827796847046778, -0.000035249998973 ], [ 110.393697587773545, -7.827982451828635, -0.000035249998973 ], [ 110.393709416556362, -7.82811637257248, -0.000035249998973 ], [ 110.39369122237207, -7.828291903148729, -0.000035249998973 ], [ 110.393667142124968, -7.828443563919283, -0.000035249998973 ], [ 110.39355935567977, -7.828666583196187, -0.000035249998973 ], [ 110.393454866149227, -7.828784086816081, -0.000035249998973 ], [ 110.393296509026754, -7.828931029743167, -0.000035249998973 ], [ 110.393148741421328, -7.829046414560314, -0.000035249998973 ], [ 110.393111869217478, -7.829090996652163, -0.000035249998973 ], [ 110.393093209184315, -7.829203893045188, -0.000035249998973 ], [ 110.393213840646297, -7.829563200980888, -0.000035249998973 ], [ 110.393451097090519, -7.829983663715046, -0.000035249998973 ], [ 110.393571624231129, -7.830287434917121, -0.000035249998973 ], [ 110.393721700396213, -7.830495602789774, -0.000035249998973 ], [ 110.393908987809596, -7.830807904061484, -0.000035249998973 ], [ 110.394022582076559, -7.830918315627739, -0.000035249998973 ], [ 110.39415877630654, -7.831132738285192, -0.000035249998973 ], [ 110.394394497608062, -7.831463722972394, -0.000035249998973 ], [ 110.394513050736748, -7.831598516957962, -0.000035249998973 ], [ 110.394586776258791, -7.83165169117257, -0.000035249998973 ], [ 110.394885396144161, -7.831848039255529, -0.000035249998973 ], [ 110.395032470372257, -7.831958396862497, -0.000035249998973 ], [ 110.395168179867653, -7.832124480060648, -0.000035249998973 ], [ 110.395228539665425, -7.832209824823508, -0.000035249998973 ], [ 110.395274730644374, -7.832245373225357, -0.000035249998973 ], [ 110.395386906680471, -7.832312897022514, -0.000035249998973 ], [ 110.395420186992112, -7.832333216304846, -0.000035249998973 ], [ 110.39541406260895, -7.832460552212699, -0.000035249998973 ], [ 110.395408265579078, -7.832747548360604, -0.000035249998973 ], [ 110.395397478211123, -7.832891076561905, -0.000035249998973 ], [ 110.395343526082911, -7.833229610158348, -0.000035249998973 ], [ 110.395323051217886, -7.833450742657589, -0.000035249998973 ], [ 110.395297513169751, -7.833726562930498, -0.000035249998973 ], [ 110.395254483307838, -7.834343515840541, -0.000035249998973 ], [ 110.395034131420118, -7.834343200178517, -0.000035249998973 ], [ 110.39504730199144, -7.83447799506336, -0.000035249998973 ], [ 110.395062978973385, -7.834549413824335, -0.000035249998973 ], [ 110.395081129990217, -7.83463994138015, -0.000035249998973 ], [ 110.395177370039676, -7.834984815196997, -0.000035249998973 ], [ 110.395204048428127, -7.835083892607492, -0.000035249998973 ], [ 110.3952334220848, -7.835236453599411, -0.000035249998973 ], [ 110.395219603102248, -7.835455801843755, -0.000035249998973 ], [ 110.395212702604226, -7.835622708820897, -0.000035249998973 ], [ 110.395004462785778, -7.835639655645527, -0.000035249998973 ], [ 110.394846668638934, -7.835652497964362, -0.000035249998973 ], [ 110.394498201131114, -7.835623055059892, -0.000035249998973 ], [ 110.39449561468092, -7.835858736791232, -0.000035249998973 ], [ 110.394367543127657, -7.836765832577044, -0.000035249998973 ], [ 110.394367503557476, -7.836766106870304, -0.000035249998973 ], [ 110.394308782324529, -7.837161277071242, -0.000035249998973 ], [ 110.392020559001665, -7.836849443447023, -0.000035249998973 ], [ 110.391901215368875, -7.836803385567744, -0.000035249998973 ], [ 110.391775834587179, -7.836533377613244, -0.000035249998973 ], [ 110.391528728767867, -7.836001228074159, -0.000035249998973 ], [ 110.390722220354235, -7.835888892858065, -0.000035249998973 ], [ 110.390670031796617, -7.836257095988111, -0.000035249998973 ], [ 110.390651423024792, -7.836362802301443, -0.000035249998973 ], [ 110.390648096432585, -7.836381700654904, -0.000035249998973 ], [ 110.390282223445922, -7.837840838084154, -0.000035249998973 ], [ 110.389889178342969, -7.840072451782192, -0.000035249998973 ], [ 110.389796151571204, -7.840071946363206, -0.000035249998973 ], [ 110.388933179222931, -7.840067252801419, -0.000035249998973 ], [ 110.388134298858873, -7.839980455633445, -0.000035249998973 ], [ 110.387657002568687, -7.839928598925666, -0.000035249998973 ], [ 110.387752281242854, -7.838967202974001, -0.000035249998973 ], [ 110.387756780551058, -7.837960356185412, -0.000035249998973 ], [ 110.387805566074064, -7.837386283849868, -0.000035249998973 ], [ 110.388044227259343, -7.83660713191359, -0.000035249998973 ], [ 110.388069139379354, -7.836525802623661, -0.000035249998973 ], [ 110.387956110785922, -7.834878884952559, -0.000035249998973 ], [ 110.387602009924876, -7.834723642182261, -0.000035249998973 ], [ 110.387155662903581, -7.834527956000329, -0.000035249998973 ], [ 110.386771542672591, -7.834389755382852, -0.000035249998973 ], [ 110.386138886700337, -7.834194447815486, -0.000035249998973 ], [ 110.386048361842484, -7.834635564379766, -0.000035249998973 ], [ 110.385367769307152, -7.834680940572925, -0.000035249998973 ], [ 110.385251702803885, -7.835030942324059, -0.000035249998973 ], [ 110.385142951386172, -7.835062319670269, -0.000035249998973 ], [ 110.385113067813904, -7.834972007052449, -0.000035249998973 ], [ 110.385075639828983, -7.834875343422306, -0.000035249998973 ], [ 110.385036840377964, -7.834887362861479, -0.000035249998973 ], [ 110.385007635793841, -7.834968229899864, -0.000035249998973 ], [ 110.384970714127235, -7.835139146954021, -0.000035249998973 ], [ 110.384681090160257, -7.835287581856399, -0.000035249998973 ], [ 110.38407194516418, -7.835540557550647, -0.000035249998973 ], [ 110.383757527787736, -7.834887917743177, -0.000035249998973 ], [ 110.383708432897947, -7.834791819786635, -0.000035249998973 ], [ 110.384536748971868, -7.834491650369323, -0.000035249998973 ], [ 110.385078953830714, -7.834302738780316, -0.000035249998973 ], [ 110.385632858869428, -7.834128832379696, -0.000035249998973 ], [ 110.385874798982854, -7.834087765737761, -0.000035249998973 ], [ 110.386129638971752, -7.834054381104754, -0.000035249998973 ], [ 110.38637422578995, -7.834023712424363, -0.000035249998973 ], [ 110.386935891078565, -7.833996427892767, -0.000035249998973 ], [ 110.38693608083554, -7.833988921251664, -0.000035249998973 ], [ 110.386940175448785, -7.833827363442028, -0.000035249998973 ], [ 110.386749872608618, -7.833787742909976, -0.000035249998973 ], [ 110.38679116138303, -7.833572064798889, -0.000035249998973 ], [ 110.386212380197279, -7.833401890584757, -0.000035249998973 ], [ 110.386169147088538, -7.833389179566953, -0.000035249998973 ], [ 110.386200458784231, -7.833202333720686, -0.000035249998973 ], [ 110.386215711286127, -7.832954151412932, -0.000035249998973 ], [ 110.386211783946749, -7.832705658839027, -0.000035249998973 ], [ 110.386176507140135, -7.832498932579648, -0.000035249998973 ], [ 110.386019781387859, -7.831995418353807, -0.000035249998973 ], [ 110.385939665283388, -7.831735450430639, -0.000035249998973 ], [ 110.385964994688834, -7.831726083991556, -0.000035249998973 ], [ 110.386132811779888, -7.831664034367631, -0.000035249998973 ], [ 110.386190219103412, -7.831751107627441, -0.000035249998973 ], [ 110.386354783346633, -7.831726512968145, -0.000035249998973 ], [ 110.38634813735672, -7.831784030008916, -0.000035249998973 ], [ 110.386417082082744, -7.831746387086064, -0.000035249998973 ], [ 110.386443499667848, -7.831799883257992, -0.000035249998973 ], [ 110.386638892670817, -7.831749998763364, -0.000035249998973 ], [ 110.386426827136404, -7.831295309630784, -0.000035249998973 ], [ 110.386507408190369, -7.830903005569213, -0.000035249998973 ], [ 110.386425831586919, -7.830441664151413, -0.000035249998973 ], [ 110.38619946863065, -7.830428464801749, -0.000035249998973 ], [ 110.386043125090225, -7.830418962565041, -0.000035249998973 ], [ 110.386029441005988, -7.830418130692118, -0.000035249998973 ], [ 110.385986224085059, -7.830415504671747, -0.000035249998973 ], [ 110.385864715784066, -7.830406071682837, -0.000035249998973 ], [ 110.385537545121679, -7.830384512235403, -0.000035249998973 ], [ 110.385283825688077, -7.830349175174268, -0.000035249998973 ], [ 110.385173057990301, -7.830331632998426, -0.000035249998973 ], [ 110.384824336873692, -7.830248230771195, -0.000035249998973 ], [ 110.384667633604465, -7.830183072191015, -0.000035249998973 ], [ 110.384548716250322, -7.830133624766915, -0.000035249998973 ], [ 110.384497724690277, -7.830112422350338, -0.000035249998973 ], [ 110.384527163098142, -7.829545513114904, -0.000035249998973 ], [ 110.384555425192787, -7.829001268593619, -0.000035249998973 ], [ 110.384484962411136, -7.829005790384882, -0.000035249998973 ], [ 110.383546305817447, -7.82906601708299, -0.000035249998973 ], [ 110.383413715170889, -7.829047311184413, -0.000035249998973 ], [ 110.383044440948254, -7.828979818863494, -0.000035249998973 ], [ 110.382951417773768, -7.828970427243342, -0.000035249998973 ], [ 110.381364210589879, -7.828952314897375, -0.000035249998973 ], [ 110.381220043869973, -7.828950670037328, -0.000035249998973 ], [ 110.380884113810865, -7.828946837126808, -0.000035249998973 ], [ 110.380818630575391, -7.828594269609824, -0.000035249998973 ], [ 110.380816168231661, -7.828575561912595, -0.000035249998973 ], [ 110.380812931571597, -7.828550978045146, -0.000035249998973 ], [ 110.380668674020171, -7.828541509982652, -0.000035249998973 ], [ 110.380394590338142, -7.828520025178988, -0.000035249998973 ], [ 110.380190938860778, -7.828523839203799, -0.000035249998973 ], [ 110.379986572422467, -7.828529827789285, -0.000035249998973 ], [ 110.379828887093538, -7.828534449405256, -0.000035249998973 ], [ 110.379756132839304, -7.828536340679532, -0.000035249998973 ], [ 110.379715048210983, -7.828537409973416, -0.000035249998973 ], [ 110.380059347361055, -7.829676208889899, -0.000035249998973 ], [ 110.380162781986883, -7.830018328982637, -0.000035249998973 ], [ 110.378121516095177, -7.830621664358252, -0.000035249998973 ], [ 110.377914572199813, -7.830682829948616, -0.000035249998973 ], [ 110.37791622605306, -7.830688623381214, -0.000035249998973 ], [ 110.378233732600734, -7.831800718728112, -0.000035249998973 ], [ 110.377464528065559, -7.831803227836644, -0.000035249998973 ], [ 110.377209057651953, -7.830822175402997, -0.000035249998973 ], [ 110.377001030073529, -7.830023304931562, -0.000035249998973 ], [ 110.376470416576524, -7.830084856330987, -0.000035249998973 ], [ 110.376521209386354, -7.830206578670645, -0.000035249998973 ], [ 110.376713664304248, -7.830601270432229, -0.000035249998973 ], [ 110.376811997076061, -7.830897160875224, -0.000035249998973 ], [ 110.376817417290056, -7.830913469181213, -0.000035249998973 ], [ 110.376829421440732, -7.831111497197809, -0.000035249998973 ], [ 110.376853751699343, -7.831379855795667, -0.000035249998973 ], [ 110.376221007593472, -7.831176620704413, -0.000035249998973 ], [ 110.37584969460778, -7.830988276587679, -0.000035249998973 ], [ 110.375471971254512, -7.830805616186178, -0.000035249998973 ], [ 110.375398279906733, -7.830814339610018, -0.000035249998973 ], [ 110.375339117106648, -7.830821344429462, -0.000035249998973 ], [ 110.375268952000567, -7.830830772022462, -0.000035249998973 ], [ 110.37519338376768, -7.830840927167007, -0.000035249998973 ], [ 110.375166021894486, -7.83084460359555, -0.000035249998973 ], [ 110.374983051226877, -7.830813609360512, -0.000035249998973 ], [ 110.374927500104093, -7.830784154764891, -0.000035249998973 ], [ 110.374903029551206, -7.830748918427794, -0.000035249998973 ], [ 110.374699270155247, -7.829972420390851, -0.000035249998973 ], [ 110.374643772092497, -7.829972336753878, -0.000035249998973 ], [ 110.374612153727981, -7.829909059555399, -0.000035249998973 ], [ 110.374579661222469, -7.829309871853072, -0.000035249998973 ], [ 110.37466079266153, -7.82930999326151, -0.000035249998973 ], [ 110.374666554617875, -7.829243000064363, -0.000035249998973 ], [ 110.374923278686424, -7.829273247862027, -0.000035249998973 ], [ 110.374959449419123, -7.829208058704916, -0.000035249998973 ], [ 110.375372223849126, -7.829257775925556, -0.000035249998973 ], [ 110.375697504136554, -7.82871888866572, -0.000035249998973 ], [ 110.375797081570113, -7.828679951618418, -0.000035249998973 ], [ 110.375848243101984, -7.828659947098858, -0.000035249998973 ], [ 110.375752071401052, -7.828477286697357, -0.000035249998973 ], [ 110.375745213171115, -7.828387287043594, -0.000035249998973 ], [ 110.375743363265656, -7.828363014341614, -0.000035249998973 ], [ 110.37574809010232, -7.828169672692177, -0.000035249998973 ], [ 110.375807596443508, -7.827956152954076, -0.000035249998973 ], [ 110.375855310873931, -7.827710939308357, -0.000035249998973 ], [ 110.37588016094071, -7.827294867064439, -0.000035249998973 ], [ 110.375880556642429, -7.827028499565528, -0.000035249998973 ], [ 110.375877591577648, -7.826995283105752, -0.000035249998973 ], [ 110.375871641662968, -7.82692862535572, -0.000035249998973 ], [ 110.375811221610661, -7.826761927920585, -0.000035249998973 ], [ 110.375757130986869, -7.826692839303067, -0.000035249998973 ], [ 110.375589079172698, -7.82651569804097, -0.000035249998973 ], [ 110.375324791805781, -7.826302313201147, -0.000035249998973 ], [ 110.375322499433878, -7.826300460597738, -0.000035249998973 ], [ 110.375318427303625, -7.826295367736969, -0.000035249998973 ], [ 110.375292775041601, -7.826263289818933, -0.000035249998973 ], [ 110.375214721981877, -7.826138630293484, -0.000035249998973 ], [ 110.375165954445322, -7.825972669403139, -0.000035249998973 ], [ 110.375145695417586, -7.825790193362699, -0.000035249998973 ], [ 110.375131191151638, -7.825593121325419, -0.000035249998973 ], [ 110.375152345004793, -7.825299016936012, -0.000035249998973 ], [ 110.375141337302921, -7.824865923223745, -0.000035249998973 ], [ 110.375140514423265, -7.824365324600019, -0.000035249998973 ], [ 110.375136516037458, -7.824364728349517, -0.000035249998973 ], [ 110.37513799991882, -7.824294000267864, -0.000035249998973 ], [ 110.375156999895694, -7.823973999900156, -0.000035249998973 ], [ 110.375612000193712, -7.822661001404067, -0.000035249998973 ], [ 110.375790000308328, -7.822194000552664, -0.000035249998973 ], [ 110.376035999961516, -7.821720000277765, -0.000035249998973 ], [ 110.376071999823012, -7.82134800020997, -0.000035249998973 ], [ 110.37612999979973, -7.820805000350446, -0.000035249998973 ], [ 110.376142998600585, -7.820267999868234, -0.000035249998973 ], [ 110.376109999776702, -7.819855000607733, -0.000035249998973 ], [ 110.376024000307439, -7.819413000009884, -0.000035249998973 ], [ 110.375852999616313, -7.81873200008169, -0.000035249998973 ], [ 110.375806000146838, -7.818530000658938, -0.000035249998973 ], [ 110.375852999616313, -7.818133000337643, -0.000035249998973 ], [ 110.375851999570159, -7.818129000153198, -0.000035249998973 ], [ 110.375893999708353, -7.817663000247192, -0.000035249998973 ], [ 110.375999000053866, -7.816934999950265, -0.000035249998973 ], [ 110.376099000168779, -7.81632000036769, -0.000035249998973 ], [ 110.376155000053245, -7.815931999562115, -0.000035249998973 ], [ 110.376180998554275, -7.815743999885623, -0.000035249998973 ], [ 110.376181998600444, -7.815701000600658, -0.000035249998973 ], [ 110.376205999707182, -7.815351000648097, -0.000035249998973 ], [ 110.376510000236408, -7.813580999963103, -0.000035249998973 ], [ 110.37651599961373, -7.813545000101613, -0.000035249998973 ], [ 110.376901000281009, -7.81360700026277, -0.000035249998973 ], [ 110.377198999634189, -7.813681000078016, -0.000035249998973 ], [ 110.377275999587766, -7.813745000331428, -0.000035249998973 ], [ 110.377405000140712, -7.813861000284864, -0.000035249998973 ], [ 110.377753000001007, -7.81402699984613, -0.000035249998973 ], [ 110.378056999630871, -7.814081001437042, -0.000035249998973 ], [ 110.37833299976819, -7.814121000583675, -0.000035249998973 ], [ 110.378364999445239, -7.814121000583675, -0.000035249998973 ], [ 110.378802999858635, -7.814201000675618, -0.000035249998973 ], [ 110.379188999672635, -7.81429200037548, -0.000035249998973 ], [ 110.379595000408983, -7.814388000305942, -0.000035249998973 ], [ 110.379647000109003, -7.814399999959965, -0.000035249998973 ], [ 110.380538999875, -7.814774000119938, -0.000035249998973 ], [ 110.380932000011853, -7.814923999842679, -0.000035249998973 ], [ 110.381437999963794, -7.815088000211011, -0.000035249998973 ], [ 110.381440000056045, -7.814196000445009, -0.000035249998973 ], [ 110.381445999433367, -7.813605000170587, -0.000035249998973 ], [ 110.381451999710066, -7.812986999550337, -0.000035249998973 ], [ 110.381471999733037, -7.812179000060773, -0.000035249998973 ], [ 110.381448000424939, -7.812179000060773, -0.000035249998973 ], [ 110.38070000010498, -7.81220799959948, -0.000035249998973 ], [ 110.380594999759467, -7.811329000432975, -0.000035249998973 ], [ 110.379969999715797, -7.810317001428419, -0.000035249998973 ], [ 110.379986999600419, -7.810189000022268, -0.000035249998973 ], [ 110.380011999853991, -7.809951999884841, -0.000035249998973 ], [ 110.379910999692939, -7.809930999815721, -0.000035249998973 ], [ 110.37960199983246, -7.809838000023657, -0.000035249998973 ], [ 110.379491000109624, -7.80980500030045, -0.000035249998973 ], [ 110.379342000433056, -7.809797999977652, -0.000035249998973 ], [ 110.378893000411722, -7.809784000231382, -0.000035249998973 ], [ 110.378997999857873, -7.808614000235878, -0.000035249998973 ], [ 110.378998999903956, -7.808598000397359, -0.000035249998973 ], [ 110.379283999557003, -7.807795000239022, -0.000035249998973 ], [ 110.379283999557003, -7.807646000562435, -0.000035249998973 ], [ 110.37932200041007, -7.807306000171702, -0.000035249998973 ], [ 110.379426999856207, -7.806777000058444, -0.000035249998973 ], [ 110.379515000317099, -7.806336999552862, -0.000035249998973 ], [ 110.379611000247507, -7.80621900040649, -0.000035249998973 ], [ 110.380149999922594, -7.805549000086221, -0.000035249998973 ], [ 110.380556999805776, -7.805282000363995, -0.000035249998973 ], [ 110.381246000102863, -7.805087000364719, -0.000035249998973 ], [ 110.381235999641717, -7.805049000410978, -0.000035249998973 ], [ 110.381117999596086, -7.804409000574884, -0.000035249998973 ], [ 110.380972000057795, -7.803839000369525, -0.000035249998973 ], [ 110.380715999943519, -7.802846000442522, -0.000035249998973 ], [ 110.380621000059207, -7.802371000121523, -0.000035249998973 ], [ 110.380514999667582, -7.801843000054357, -0.000035249998973 ], [ 110.380510998583759, -7.801796000584885, -0.000035249998973 ], [ 110.380457999736961, -7.801202000172118, -0.000035249998973 ], [ 110.380451000313485, -7.800723000566003, -0.000035249998973 ], [ 110.38049000031333, -7.79961000140043, -0.000035249998973 ], [ 110.380467000152009, -7.7991390003645, -0.000035249998973 ], [ 110.380404999990844, -7.798227000575594, -0.000035249998973 ], [ 110.380410000221389, -7.798199000183678, -0.000035249998973 ], [ 110.380446000082884, -7.79800600027664, -0.000035249998973 ], [ 110.380486000128883, -7.797925000138601, -0.000035249998973 ], [ 110.380583000105446, -7.797398000117541, -0.000035249998973 ], [ 110.380595999805621, -7.797327000440641, -0.000035249998973 ], [ 110.380378999691118, -7.796340999937164, -0.000035249998973 ], [ 110.38036299985265, -7.796202999868512, -0.000035249998973 ], [ 110.380533999644456, -7.795685000262496, -0.000035249998973 ], [ 110.380581000013194, -7.795341000586685, -0.000035249998973 ], [ 110.380503000013505, -7.795061000264919, -0.000035249998973 ], [ 110.380205999807117, -7.794005000130589, -0.000035249998973 ], [ 110.380154000107098, -7.793953999577351, -0.000035249998973 ], [ 110.380344999921874, -7.793972000407453, -0.000035249998973 ], [ 110.380378999691118, -7.793977000637996, -0.000035249998973 ], [ 110.380586000243795, -7.793997000661028, -0.000035249998973 ], [ 110.380868999804548, -7.794006000176692, -0.000035249998973 ], [ 110.381158999688125, -7.794055000637734, -0.000035249998973 ], [ 110.381153000310803, -7.794107000337763, -0.000035249998973 ], [ 110.381183999941697, -7.79410800038386, -0.000035249998973 ], [ 110.38147099968694, -7.794140000060912, -0.000035249998973 ], [ 110.381781999639657, -7.794217000014504, -0.000035249998973 ], [ 110.382185000237655, -7.794304999576018, -0.000035249998973 ], [ 110.382293999868239, -7.794342000382992, -0.000035249998973 ], [ 110.383321999610644, -7.794597999597953, -0.000035249998973 ], [ 110.383524999978818, -7.793859000592357, -0.000035249998973 ], [ 110.383596999701808, -7.793638000293418, -0.000035249998973 ], [ 110.383615999678696, -7.793587000639542, -0.000035249998973 ], [ 110.383850999723904, -7.793687999901228, -0.000035249998973 ], [ 110.384159999584369, -7.793777000408161, -0.000035249998973 ], [ 110.384444000090582, -7.793860000638453, -0.000035249998973 ], [ 110.384729999789727, -7.793903999969587, -0.000035249998973 ], [ 110.385107000088055, -7.793951000338331, -0.000035249998973 ], [ 110.38564399967089, -7.794051999600077, -0.000035249998973 ], [ 110.385646999809239, -7.794051999600067, -0.000035249998973 ], [ 110.386672000312629, -7.794163000222232, -0.000035249998973 ], [ 110.387337000402283, -7.794284000406262, -0.000035249998973 ], [ 110.387751999755039, -7.794355000083162, -0.000035249998973 ], [ 110.38778300028531, -7.794358000221502, -0.000035249998973 ], [ 110.387813999916204, -7.794221000198949, -0.000035249998973 ], [ 110.387855000008301, -7.794070000430101, -0.000035249998973 ], [ 110.387878000169621, -7.793986000153725, -0.000035249998973 ], [ 110.3881079999843, -7.793274000594573, -0.000035249998973 ], [ 110.388121999730572, -7.793178000664171, -0.000035249998973 ], [ 110.388153000260786, -7.793189000272087, -0.000035249998973 ], [ 110.388373999660416, -7.793276999833605, -0.000035249998973 ], [ 110.388592999867114, -7.793341000087027, -0.000035249998973 ], [ 110.388898000442452, -7.793412000663236, -0.000035249998973 ], [ 110.389528999863501, -7.793594000063029, -0.000035249998973 ], [ 110.38953200000185, -7.79359500010912, -0.000035249998973 ], [ 110.390027998593325, -7.793716000293157, -0.000035249998973 ], [ 110.39084300020437, -7.793937000592046, -0.000035249998973 ], [ 110.394844998597875, -7.791576001431283, -0.000035249998973 ], [ 110.394766998598186, -7.791070000580015, -0.000035249998973 ], [ 110.394775999912554, -7.790770000235288, -0.000035249998973 ], [ 110.394683000120438, -7.790362000306007, -0.000035249998973 ], [ 110.39496199859741, -7.790169000398969, -0.000035249998973 ], [ 110.39513100009566, -7.789999000653327, -0.000035249998973 ], [ 110.395283999956689, -7.789797000331249, -0.000035249998973 ], [ 110.395361999956378, -7.789532000701228, -0.000035249998973 ], [ 110.395377999794903, -7.789434000678574, -0.000035249998973 ], [ 110.39539299958733, -7.789346000217684, -0.000035249998973 ], [ 110.395528000416959, -7.789076000357062, -0.000035249998973 ], [ 110.395603000278314, -7.788973000103848, -0.000035249998973 ], [ 110.395724999609115, -7.788896000150261, -0.000035249998973 ], [ 110.395874000185017, -7.788828000611723, -0.000035249998973 ], [ 110.395927534128475, -7.788784844844665, -0.000035249998973 ], [ 110.395972000207678, -7.788749000565875, -0.000035249998973 ], [ 110.396002999838629, -7.788636999897558, -0.000035249998973 ], [ 110.39600165265422, -7.788578201322877, -0.000035249998973 ], [ 110.396325783608063, -7.788551029206593, -0.000035249998973 ], [ 110.396867110728635, -7.788503439781883, -0.000035249998973 ], [ 110.396956340562724, -7.788496300963468, -0.000035249998973 ], [ 110.397038431578437, -7.788491541751231, -0.000035249998973 ], [ 110.397126886196929, -7.788483850749054, -0.000035249998973 ], [ 110.397164422100445, -7.788586672037246, -0.000035249998973 ], [ 110.397233879440023, -7.788796348972246, -0.000035249998973 ], [ 110.397306586929517, -7.789015842007463, -0.000035249998973 ], [ 110.397316811321843, -7.789064749838294, -0.000035249998973 ], [ 110.397405229068113, -7.789487731573495, -0.000035249998973 ], [ 110.397440933951998, -7.789739033629472, -0.000035249998973 ], [ 110.397437231443121, -7.78987180144241, -0.000035249998973 ], [ 110.397400908725047, -7.790051215291323, -0.000035249998973 ], [ 110.397285441170254, -7.790223315853328, -0.000035249998973 ], [ 110.397041184403193, -7.790441617286772, -0.000035249998973 ], [ 110.396898824421271, -7.790536031712469, -0.000035249998973 ], [ 110.396723490796546, -7.790615644196573, -0.000035249998973 ], [ 110.396654446245748, -7.790646994563081, -0.000035249998973 ], [ 110.396506851310221, -7.790714012941298, -0.000035249998973 ], [ 110.396308655120379, -7.790798815412923, -0.000035249998973 ], [ 110.396169299773419, -7.790858441363921, -0.000035249998973 ], [ 110.396079120255251, -7.790935549236171, -0.000035249998973 ], [ 110.39603616413774, -7.790997577276297, -0.000035249998973 ], [ 110.396031305100735, -7.791004592887587, -0.000035249998973 ], [ 110.395988789650971, -7.791117661950465, -0.000035249998973 ], [ 110.395985910021807, -7.79119139826434, -0.000035249998973 ], [ 110.396003710303034, -7.791288817325047, -0.000035249998973 ], [ 110.396174248742625, -7.791535168613108, -0.000035249998973 ], [ 110.396231289142747, -7.7916110471121, -0.000035249998973 ], [ 110.39624602903109, -7.791649942790568, -0.000035249998973 ], [ 110.396260694275668, -7.791740982060618, -0.000035249998973 ], [ 110.396265954410353, -7.791813290251065, -0.000035249998973 ], [ 110.396244335607662, -7.79192834231906, -0.000035249998973 ], [ 110.396233562628879, -7.791960518263233, -0.000035249998973 ], [ 110.396175596826367, -7.792014017133122, -0.000035249998973 ], [ 110.396009787022138, -7.79210055259836, -0.000035249998973 ], [ 110.396000691278914, -7.792105300119428, -0.000035249998973 ], [ 110.395965132984543, -7.79213836639247, -0.000035249998973 ], [ 110.395949519854526, -7.792192748396594, -0.000035249998973 ], [ 110.395948977563307, -7.792195874439988, -0.000035249998973 ], [ 110.395935160379395, -7.792275518400398, -0.000035249998973 ], [ 110.395853081954229, -7.792365966815854, -0.000035249998973 ], [ 110.395787893696422, -7.792437802862251, -0.000035249998973 ], [ 110.395774363396242, -7.792587114603635, -0.000035249998973 ], [ 110.395776745700289, -7.792731203981821, -0.000035249998973 ], [ 110.395780625375608, -7.792744045401327, -0.000035249998973 ], [ 110.39581945090697, -7.792872573810207, -0.000035249998973 ], [ 110.395827189573197, -7.79302201865118, -0.000035249998973 ], [ 110.395841613799519, -7.793177643633331, -0.000035249998973 ], [ 110.395870718558854, -7.793491671603301, -0.000035249998973 ], [ 110.395870923604321, -7.793493458556217, -0.000035249998973 ], [ 110.395883506019061, -7.793602969001763, -0.000035249998973 ], [ 110.395939081423535, -7.793797734277964, -0.000035249998973 ], [ 110.396015057049283, -7.793953652439085, -0.000035249998973 ], [ 110.396024391112803, -7.79402226261726, -0.000035249998973 ], [ 110.396035421297711, -7.794068558816891, -0.000035249998973 ], [ 110.396017543674759, -7.794411521574429, -0.000035249998973 ], [ 110.396032101000742, -7.794578562550546, -0.000035249998973 ], [ 110.396054189249483, -7.794652128892605, -0.000035249998973 ], [ 110.396175339620299, -7.794774790124391, -0.000035249998973 ], [ 110.396235729994999, -7.794836274974046, -0.000035249998973 ], [ 110.396267467969324, -7.794887537230009, -0.000035249998973 ], [ 110.396332515033578, -7.795055163664811, -0.000035249998973 ], [ 110.396407163260051, -7.795492155938169, -0.000035249998973 ], [ 110.396500780886413, -7.795985226337043, -0.000035249998973 ], [ 110.396510490866547, -7.796049723915594, -0.000035249998973 ], [ 110.396633186272595, -7.796256617448876, -0.000035249998973 ], [ 110.39667525296062, -7.796327639608815, -0.000035249998973 ], [ 110.396881017844748, -7.796924211183354, -0.000035249998973 ], [ 110.396923718554831, -7.797048011856197, -0.000035249998973 ], [ 110.396970185625619, -7.797115914267972, -0.000035249998973 ], [ 110.397122310446321, -7.797338214986604, -0.000035249998973 ], [ 110.397332937964791, -7.797488566344218, -0.000035249998973 ], [ 110.397507237369155, -7.79769481326497, -0.000035249998973 ], [ 110.397637418731961, -7.797839701241172, -0.000035249998973 ], [ 110.397684139411581, -7.797890881658815, -0.000035249998973 ], [ 110.39772196129951, -7.797955418807472, -0.000035249998973 ], [ 110.397755249705085, -7.798086593921136, -0.000035249998973 ], [ 110.397777132009082, -7.798304553612238, -0.000035249998973 ], [ 110.397847310604959, -7.798505303876655, -0.000035249998973 ], [ 110.397857415387477, -7.798553449981681, -0.000035249998973 ], [ 110.397852193024335, -7.798713058061144, -0.000035249998973 ], [ 110.397839802165208, -7.798841803206587, -0.000035249998973 ], [ 110.397844368023243, -7.798893286695766, -0.000035249998973 ], [ 110.397847628964939, -7.798930054578309, -0.000035249998973 ], [ 110.397939415571614, -7.799152947950112, -0.000035249998973 ], [ 110.398075602607037, -7.799367367909667, -0.000035249998973 ], [ 110.398290849043519, -7.799652142732161, -0.000035249998973 ], [ 110.398390323954345, -7.799802233286409, -0.000035249998973 ], [ 110.398426884093524, -7.799869063706288, -0.000035249998973 ], [ 110.398429062251466, -7.799873045004975, -0.000035249998973 ], [ 110.398429884231859, -7.799878896893521, -0.000035249998973 ], [ 110.398498087017174, -7.800364537093677, -0.000035249998973 ], [ 110.398519301124907, -7.800532615887441, -0.000035249998973 ], [ 110.398528664866035, -7.800660780970196, -0.000035249998973 ], [ 110.398535083327488, -7.800748613257842, -0.000035249998973 ], [ 110.398539766996691, -7.800965314797392, -0.000035249998973 ], [ 110.398524426361234, -7.801088192765867, -0.000035249998973 ], [ 110.398504865207428, -7.80118648506818, -0.000035249998973 ], [ 110.39846104664008, -7.801305105646075, -0.000035249998973 ], [ 110.398445801332755, -7.80133616912884, -0.000035249998973 ], [ 110.39840873757322, -7.801411681603784, -0.000035249998973 ], [ 110.398389248365177, -7.801473670073787, -0.000035249998973 ], [ 110.398379940382029, -7.801503275755519, -0.000035249998973 ], [ 110.398352438214488, -7.801593431891319, -0.000035249998973 ], [ 110.398340919697773, -7.801629205123668, -0.000035249998973 ], [ 110.398309232085467, -7.801672150449345, -0.000035249998973 ], [ 110.398201149763338, -7.801721052884261, -0.000035249998973 ], [ 110.398114381373659, -7.801739338799392, -0.000035249998973 ], [ 110.398011902727205, -7.801749065866654, -0.000035249998973 ], [ 110.397916302095723, -7.801749029893748, -0.000035249998973 ], [ 110.397913508801437, -7.80174902899443, -0.000035249998973 ], [ 110.39782992491115, -7.801738419692235, -0.000035249998973 ], [ 110.397757613123417, -7.801735849429865, -0.000035249998973 ], [ 110.397586340836995, -7.801740130202793, -0.000035249998973 ], [ 110.397501630995521, -7.801741346985517, -0.000035249998973 ], [ 110.397411542308873, -7.801753353834152, -0.000035249998973 ], [ 110.397322542701261, -7.801778836124363, -0.000035249998973 ], [ 110.397256475805776, -7.801806716007089, -0.000035249998973 ], [ 110.39722723165147, -7.801821277829668, -0.000035249998973 ], [ 110.397068333137099, -7.80208666416814, -0.000035249998973 ], [ 110.397066916704901, -7.802236430067121, -0.000035249998973 ], [ 110.397521609434776, -7.802250374954781, -0.000035249998973 ] ] ] ] } },
{ "type": "Feature", "properties": { "OBJECTID": 14, "WADMKC": "Kotagede", "WADMKK": "Kota Yogyakarta", "WADMPR": "Daerah Istimewa Yogyakarta", "Shape_Leng": 0.11081411591, "Shape_Area": 0.00024347085, "Penduduk": 35650 }, "geometry": { "type": "MultiPolygon", "coordinates": [ [ [ [ 110.393446765955559, -7.826955960249334, -0.000035249998973 ], [ 110.393353999987198, -7.826930999565938, -0.000035249998973 ], [ 110.393055999734656, -7.826755999589643, -0.000035249998973 ], [ 110.393013000449685, -7.826734000373787, -0.000035249998973 ], [ 110.392803999804812, -7.826622000604797, -0.000035249998973 ], [ 110.392579000220735, -7.826469999890541, -0.000035249998973 ], [ 110.392277999829901, -7.826321000213958, -0.000035249998973 ], [ 110.392015000292076, -7.826187000329754, -0.000035249998973 ], [ 110.391499999925145, -7.825912000238585, -0.000035249998973 ], [ 110.39145000031732, -7.825892000215621, -0.000035249998973 ], [ 110.391094000088117, -7.825707999824264, -0.000035249998973 ], [ 110.390140000160955, -7.825119001440729, -0.000035249998973 ], [ 110.39015299986113, -7.824921000403782, -0.000035249998973 ], [ 110.390245999653246, -7.823914999877274, -0.000035249998973 ], [ 110.390243999560994, -7.823570000155317, -0.000035249998973 ], [ 110.390302000437032, -7.82354300070886, -0.000035249998973 ], [ 110.390329999929634, -7.823198000087588, -0.000035249998973 ], [ 110.390373000113925, -7.822510999882693, -0.000035249998973 ], [ 110.390399999560373, -7.822521000343839, -0.000035249998973 ], [ 110.392104999945843, -7.823136999972512, -0.000035249998973 ], [ 110.392756000289239, -7.823427999902213, -0.000035249998973 ], [ 110.392748999966443, -7.823470000040402, -0.000035249998973 ], [ 110.392689999943627, -7.823594000362787, -0.000035249998973 ], [ 110.392585999644211, -7.823775000615742, -0.000035249998973 ], [ 110.392521000244017, -7.823985000407382, -0.000035249998973 ], [ 110.392157999692017, -7.82485099987372, -0.000035249998973 ], [ 110.392110000176444, -7.825104999895751, -0.000035249998973 ], [ 110.392054000291921, -7.825255001417126, -0.000035249998973 ], [ 110.393379000240714, -7.825714000100956, -0.000035249998973 ], [ 110.393424999664092, -7.825336000655845, -0.000035249998973 ], [ 110.393528999963451, -7.824882999550767, -0.000035249998973 ], [ 110.393621999755567, -7.824626000289641, -0.000035249998973 ], [ 110.394037000007586, -7.823876999923581, -0.000035249998973 ], [ 110.394203999614945, -7.823679000685277, -0.000035249998973 ], [ 110.394432000236691, -7.823413000109837, -0.000035249998973 ], [ 110.394502999913584, -7.823316000133273, -0.000035249998973 ], [ 110.394492998553119, -7.823087000364748, -0.000035249998973 ], [ 110.394492000305604, -7.822067000091919, -0.000035249998973 ], [ 110.394495000443953, -7.821587000439649, -0.000035249998973 ], [ 110.394466000005934, -7.821392999587202, -0.000035249998973 ], [ 110.394356998576711, -7.821162000625796, -0.000035249998973 ], [ 110.393909000400129, -7.820588000236, -0.000035249998973 ], [ 110.393676000447101, -7.820254000121964, -0.000035249998973 ], [ 110.393628000032209, -7.820139000214623, -0.000035249998973 ], [ 110.393634998556422, -7.820048001414075, -0.000035249998973 ], [ 110.393712998556111, -7.819936999892603, -0.000035249998973 ], [ 110.393890999570033, -7.819824000077523, -0.000035249998973 ], [ 110.39412599961527, -7.819756001438296, -0.000035249998973 ], [ 110.394243999660944, -7.819718000585225, -0.000035249998973 ], [ 110.394346999914148, -7.819637000447187, -0.000035249998973 ], [ 110.394359999614323, -7.819475000171045, -0.000035249998973 ], [ 110.394372000167721, -7.819331999871847, -0.000035249998973 ], [ 110.394484999982808, -7.819144000195421, -0.000035249998973 ], [ 110.3945959997057, -7.818991000334334, -0.000035249998973 ], [ 110.394607000212943, -7.818934000403775, -0.000035249998973 ], [ 110.394623000051482, -7.818851000173484, -0.000035249998973 ], [ 110.394609000305209, -7.818739999551272, -0.000035249998973 ], [ 110.394479999752264, -7.818575000036168, -0.000035249998973 ], [ 110.394051999800013, -7.818172000337489, -0.000035249998973 ], [ 110.393965999431373, -7.818063999853683, -0.000035249998973 ], [ 110.393929999569878, -7.817920000407638, -0.000035249998973 ], [ 110.393991999731043, -7.817279001424712, -0.000035249998973 ], [ 110.394003000238342, -7.816923000296182, -0.000035249998973 ], [ 110.393985998555024, -7.816825000273524, -0.000035249998973 ], [ 110.393873999685411, -7.816691000389317, -0.000035249998973 ], [ 110.392815000312055, -7.816416000298147, -0.000035249998973 ], [ 110.392580000266832, -7.81635500018307, -0.000035249998973 ], [ 110.392358999967939, -7.816276000137238, -0.000035249998973 ], [ 110.392189000222245, -7.816159000137708, -0.000035249998973 ], [ 110.392057999577119, -7.815992001429672, -0.000035249998973 ], [ 110.392040999692426, -7.815955000622756, -0.000035249998973 ], [ 110.391975000246134, -7.815806000046793, -0.000035249998973 ], [ 110.391956000269275, -7.815490999909687, -0.000035249998973 ], [ 110.391975000246134, -7.815371000671113, -0.000035249998973 ], [ 110.392072000222697, -7.815225000233511, -0.000035249998973 ], [ 110.39214299989959, -7.815166000210692, -0.000035249998973 ], [ 110.392477000013628, -7.815118000695126, -0.000035249998973 ], [ 110.392679998583105, -7.815108000233976, -0.000035249998973 ], [ 110.392862999827628, -7.815096000579893, -0.000035249998973 ], [ 110.393024000057608, -7.815004999980708, -0.000035249998973 ], [ 110.393154999803471, -7.814863000626927, -0.000035249998973 ], [ 110.393336000056422, -7.814206000006826, -0.000035249998973 ], [ 110.393361000309994, -7.813926000584384, -0.000035249998973 ], [ 110.393361998557452, -7.813806999593289, -0.000035249998973 ], [ 110.393363000402189, -7.813751000608139, -0.000035249998973 ], [ 110.39346899989448, -7.813422999871481, -0.000035249998973 ], [ 110.393735999616752, -7.812777000658, -0.000035249998973 ], [ 110.393937999938828, -7.81245400015194, -0.000035249998973 ], [ 110.394202000422069, -7.812159000037756, -0.000035249998973 ], [ 110.39435899956824, -7.811952000384451, -0.000035249998973 ], [ 110.394420999729391, -7.811808000039147, -0.000035249998973 ], [ 110.394443999890768, -7.811756000339064, -0.000035249998973 ], [ 110.394483999936725, -7.811429001447203, -0.000035249998973 ], [ 110.394394000282944, -7.81046200002124, -0.000035249998973 ], [ 110.394359999614323, -7.810100999561431, -0.000035249998973 ], [ 110.394395998576556, -7.809849001430221, -0.000035249998973 ], [ 110.394587000189986, -7.809599999840081, -0.000035249998973 ], [ 110.394847999635545, -7.809130000648969, -0.000035249998973 ], [ 110.395397999817874, -7.808785000027677, -0.000035249998973 ], [ 110.396239999976103, -7.808058999822952, -0.000035249998973 ], [ 110.396361000160084, -7.807929000123237, -0.000035249998973 ], [ 110.396681999674627, -7.807063000656912, -0.000035249998973 ], [ 110.396846000042956, -7.806637999943679, -0.000035249998973 ], [ 110.396922999996491, -7.80603500001519, -0.000035249998973 ], [ 110.396898999789073, -7.805678000639144, -0.000035249998973 ], [ 110.396815999558783, -7.805193999903119, -0.000035249998973 ], [ 110.396783999881734, -7.804841000711567, -0.000035249998973 ], [ 110.396882999950549, -7.804356999975532, -0.000035249998973 ], [ 110.397026000249753, -7.803924999838843, -0.000035249998973 ], [ 110.397105999442374, -7.803748999816441, -0.000035249998973 ], [ 110.397406999833223, -7.803311000302362, -0.000035249998973 ], [ 110.397494000247946, -7.803122000579829, -0.000035249998973 ], [ 110.397518999602198, -7.802834999935274, -0.000035249998973 ], [ 110.397491000109653, -7.8025670001669, -0.000035249998973 ], [ 110.397491000109653, -7.802375000305977, -0.000035249998973 ], [ 110.397521609434776, -7.802250374954781, -0.000035249998973 ], [ 110.397543489940176, -7.802251045849056, -0.000035249998973 ], [ 110.399551759706014, -7.802312638617305, -0.000035249998973 ], [ 110.401599998041547, -7.802386240932217, -0.000035249998973 ], [ 110.402260454756231, -7.802432637855935, -0.000035249998973 ], [ 110.402081906055173, -7.810639316651073, -0.000035249998973 ], [ 110.401962105566781, -7.816582563734305, -0.000035249998973 ], [ 110.401940143223101, -7.817068578951696, -0.000035249998973 ], [ 110.401911501614563, -7.817309402107187, -0.000035249998973 ], [ 110.401839656574964, -7.817755646605749, -0.000035249998973 ], [ 110.401718364111275, -7.818116770272698, -0.000035249998973 ], [ 110.401568415649933, -7.818598284383263, -0.000035249998973 ], [ 110.401345356802835, -7.819115072602477, -0.000035249998973 ], [ 110.401297379770313, -7.819236255348867, -0.000035249998973 ], [ 110.401368526036734, -7.819263288070252, -0.000035249998973 ], [ 110.40141249838814, -7.819279995675227, -0.000035249998973 ], [ 110.401538721834584, -7.819317643094741, -0.000035249998973 ], [ 110.401651689274104, -7.819348347748025, -0.000035249998973 ], [ 110.401846024674342, -7.819388424236369, -0.000035249998973 ], [ 110.401895216690946, -7.819393739229603, -0.000035249998973 ], [ 110.402167570077395, -7.819459328585079, -0.000035249998973 ], [ 110.402285543143364, -7.819481402444692, -0.000035249998973 ], [ 110.40235265864834, -7.819498260236456, -0.000035249998973 ], [ 110.402433445647034, -7.819527069118911, -0.000035249998973 ], [ 110.402593545655691, -7.819580466365375, -0.000035249998973 ], [ 110.40279285880348, -7.819632478655939, -0.000035249998973 ], [ 110.40291137595932, -7.819662471945498, -0.000035249998973 ], [ 110.402958163188714, -7.819667885864185, -0.000035249998973 ], [ 110.403148849140109, -7.8196738123965, -0.000035249998973 ], [ 110.403318800322452, -7.819693387040156, -0.000035249998973 ], [ 110.403724826239795, -7.819681774094533, -0.000035249998973 ], [ 110.403669517933963, -7.819911862042768, -0.000035249998973 ], [ 110.403657896894529, -7.820079596396222, -0.000035249998973 ], [ 110.403625186753004, -7.820190954948552, -0.000035249998973 ], [ 110.40357858298529, -7.820313239364444, -0.000035249998973 ], [ 110.403558282588733, -7.820392905807918, -0.000035249998973 ], [ 110.403538847339973, -7.820480594204012, -0.000035249998973 ], [ 110.40344588442008, -7.820469495670628, -0.000035249998973 ], [ 110.403337153686792, -7.820450119777153, -0.000035249998973 ], [ 110.403220338048243, -7.820438589569219, -0.000035249998973 ], [ 110.403214230752212, -7.820474500397836, -0.000035249998973 ], [ 110.403167111672929, -7.820781570313152, -0.000035249998973 ], [ 110.4031302430663, -7.821014548682447, -0.000035249998973 ], [ 110.403124335419818, -7.821051884936471, -0.000035249998973 ], [ 110.403194449264504, -7.821166669006512, -0.000035249998973 ], [ 110.403215328824444, -7.821312697323089, -0.000035249998973 ], [ 110.403488673263723, -7.82141295104679, -0.000035249998973 ], [ 110.403423902291308, -7.821533355879638, -0.000035249998973 ], [ 110.403403072194067, -7.821564771896643, -0.000035249998973 ], [ 110.403385500340619, -7.821695565697778, -0.000035249998973 ], [ 110.403345767393319, -7.821802159641897, -0.000035249998973 ], [ 110.403322733057735, -7.821871547733678, -0.000035249998973 ], [ 110.403320329169901, -7.822000924203229, -0.000035249998973 ], [ 110.403337808393189, -7.822066152031259, -0.000035249998973 ], [ 110.403349427634055, -7.822089206151868, -0.000035249998973 ], [ 110.403378935289709, -7.822150542613431, -0.000035249998973 ], [ 110.403413257016268, -7.822207054212136, -0.000035249998973 ], [ 110.403517869753955, -7.822374572728289, -0.000035249998973 ], [ 110.40348859232472, -7.82237874108597, -0.000035249998973 ], [ 110.403465117321389, -7.822384460774174, -0.000035249998973 ], [ 110.403342894059392, -7.822406527439228, -0.000035249998973 ], [ 110.402993621658368, -7.822457993841285, -0.000035249998973 ], [ 110.402559493725732, -7.82249910365067, -0.000035249998973 ], [ 110.40144318325639, -7.822455366022274, -0.000035249998973 ], [ 110.401422651734038, -7.822533998245384, -0.000035249998973 ], [ 110.401397980632339, -7.822651036915777, -0.000035249998973 ], [ 110.401910746184058, -7.822714653158648, -0.000035249998973 ], [ 110.402460862378973, -7.822742265942797, -0.000035249998973 ], [ 110.402462633144069, -7.822721871117428, -0.000035249998973 ], [ 110.403866429891877, -7.822648885737472, -0.000035249998973 ], [ 110.403884449607745, -7.822646257918394, -0.000035249998973 ], [ 110.404826196271983, -7.8225089278447, -0.000035249998973 ], [ 110.404809857389068, -7.8227604808115, -0.000035249998973 ], [ 110.40478080928699, -7.822897017683155, -0.000035249998973 ], [ 110.404787424699975, -7.823057259784661, -0.000035249998973 ], [ 110.404812477114206, -7.823521434966203, -0.000035249998973 ], [ 110.404818201299008, -7.823658946703003, -0.000035249998973 ], [ 110.404803662858797, -7.823997491990613, -0.000035249998973 ], [ 110.404790664957275, -7.824164083305734, -0.000035249998973 ], [ 110.404853056323532, -7.824560276035872, -0.000035249998973 ], [ 110.404861104356542, -7.824708233398213, -0.000035249998973 ], [ 110.404878249032038, -7.824748160599079, -0.000035249998973 ], [ 110.404935445914134, -7.82484728117702, -0.000035249998973 ], [ 110.404922296027223, -7.825121036606508, -0.000035249998973 ], [ 110.4049005702052, -7.825311886234485, -0.000035249998973 ], [ 110.404898378557391, -7.825813356301305, -0.000035249998973 ], [ 110.404904100943554, -7.826212711047725, -0.000035249998973 ], [ 110.404890745111857, -7.826369995279045, -0.000035249998973 ], [ 110.404841274305397, -7.826952593187577, -0.000035249998973 ], [ 110.404765651213893, -7.827324271298037, -0.000035249998973 ], [ 110.404713345744369, -7.827687137851057, -0.000035249998973 ], [ 110.40468344688361, -7.827771737075973, -0.000035249998973 ], [ 110.404706235704296, -7.828005844094379, -0.000035249998973 ], [ 110.404875702151969, -7.828012015242281, -0.000035249998973 ], [ 110.404949996944879, -7.828014721302287, -0.000035249998973 ], [ 110.40489008321083, -7.828141242424345, -0.000035249998973 ], [ 110.404869999550897, -7.82818771309246, -0.000035249998973 ], [ 110.404846287126531, -7.828242586126406, -0.000035249998973 ], [ 110.404819897420396, -7.828330994879479, -0.000035249998973 ], [ 110.404806903116153, -7.828624701768552, -0.000035249998973 ], [ 110.404802048575732, -7.829177589673975, -0.000035249998973 ], [ 110.404831168623616, -7.829511671626271, -0.000035249998973 ], [ 110.404911178608074, -7.830089156889011, -0.000035249998973 ], [ 110.404977163665251, -7.830200757359028, -0.000035249998973 ], [ 110.40505555127271, -7.830333332717087, -0.000035249998973 ], [ 110.405107454745291, -7.830403258603436, -0.000035249998973 ], [ 110.405076511771654, -7.830461210016781, -0.000035249998973 ], [ 110.404748220553984, -7.831076050419371, -0.000035249998973 ], [ 110.404222220579086, -7.831333338362814, -0.000035249998973 ], [ 110.403583335002963, -7.831888891858846, -0.000035249998973 ], [ 110.403631032346311, -7.831916320281894, -0.000035249998973 ], [ 110.403204191620205, -7.832677580206115, -0.000035249998973 ], [ 110.403612515305383, -7.832834463339741, -0.000035249998973 ], [ 110.403565998771924, -7.833092602041906, -0.000035249998973 ], [ 110.403469840560774, -7.833090628929315, -0.000035249998973 ], [ 110.403377413636804, -7.833076051818298, -0.000035249998973 ], [ 110.403128982216799, -7.833031508397374, -0.000035249998973 ], [ 110.402650268595096, -7.832895821385017, -0.000035249998973 ], [ 110.402470619123847, -7.832831488382451, -0.000035249998973 ], [ 110.402365119654633, -7.832895342046363, -0.000035249998973 ], [ 110.402220914263864, -7.832947418188725, -0.000035249998973 ], [ 110.402108972950828, -7.832961188607894, -0.000035249998973 ], [ 110.401911955772221, -7.833098525876207, -0.000035249998973 ], [ 110.401922289881838, -7.83288101134958, -0.000035249998973 ], [ 110.401915377692603, -7.83278188087906, -0.000035249998973 ], [ 110.401912340682031, -7.832698456168776, -0.000035249998973 ], [ 110.401893948646887, -7.832578016262393, -0.000035249998973 ], [ 110.401878725822598, -7.832448228802667, -0.000035249998973 ], [ 110.4018758830656, -7.832228941712223, -0.000035249998973 ], [ 110.401911176059969, -7.831953091761705, -0.000035249998973 ], [ 110.401982135267417, -7.831759070224846, -0.000035249998973 ], [ 110.400575362662906, -7.831361581571678, -0.000035249998973 ], [ 110.400510592589853, -7.831907164284134, -0.000035249998973 ], [ 110.400475834692088, -7.832199940374892, -0.000035249998973 ], [ 110.400266664075332, -7.833004654641066, -0.000035249998973 ], [ 110.400052802594814, -7.833535251050936, -0.000035249998973 ], [ 110.399006026806774, -7.833441869946289, -0.000035249998973 ], [ 110.397788227844501, -7.833333231843136, -0.000035249998973 ], [ 110.397865347407901, -7.832761084956084, -0.000035249998973 ], [ 110.397154296633516, -7.832672222045351, -0.000035249998973 ], [ 110.39718675676346, -7.83256120793333, -0.000035249998973 ], [ 110.396986243920097, -7.832449359250462, -0.000035249998973 ], [ 110.397000067399233, -7.832260325353675, -0.000035249998973 ], [ 110.396893373630348, -7.832227188034261, -0.000035249998973 ], [ 110.396932773828496, -7.831973930852199, -0.000035249998973 ], [ 110.397013432224185, -7.831615855886974, -0.000035249998973 ], [ 110.397118815680869, -7.831139362691379, -0.000035249998973 ], [ 110.397394742073743, -7.831220505821653, -0.000035249998973 ], [ 110.397666019870996, -7.831247534046442, -0.000035249998973 ], [ 110.397699232733487, -7.83113856139545, -0.000035249998973 ], [ 110.397804225884386, -7.830724991065438, -0.000035249998973 ], [ 110.397926224315881, -7.83044266869416, -0.000035249998973 ], [ 110.398177949053149, -7.830443262246721, -0.000035249998973 ], [ 110.398372715228675, -7.83044456806232, -0.000035249998973 ], [ 110.398527298795841, -7.830454047816031, -0.000035249998973 ], [ 110.398579443286735, -7.830338468745317, -0.000035249998973 ], [ 110.398779081089799, -7.830025027133267, -0.000035249998973 ], [ 110.398987266948893, -7.82967992398926, -0.000035249998973 ], [ 110.39903024195219, -7.829596995704715, -0.000035249998973 ], [ 110.399096951862873, -7.829445889815926, -0.000035249998973 ], [ 110.399366586598774, -7.828835135033388, -0.000035249998973 ], [ 110.399403634170426, -7.82868934323858, -0.000035249998973 ], [ 110.399426975174833, -7.828535006085586, -0.000035249998973 ], [ 110.399443951677085, -7.828175279065813, -0.000035249998973 ], [ 110.399429776563011, -7.82799898226716, -0.000035249998973 ], [ 110.399400398409739, -7.827885120002233, -0.000035249998973 ], [ 110.397949404341603, -7.827553887102172, -0.000035249998973 ], [ 110.39769889278972, -7.827509473183569, -0.000035249998973 ], [ 110.397536584046179, -7.827499552762107, -0.000035249998973 ], [ 110.397000725702981, -7.827466803949798, -0.000035249998973 ], [ 110.396470807381888, -7.827468430823384, -0.000035249998973 ], [ 110.396076397108132, -7.82746856841964, -0.000035249998973 ], [ 110.395764308076423, -7.827462744410068, -0.000035249998973 ], [ 110.395481896672266, -7.827457474382872, -0.000035249998973 ], [ 110.394980298002409, -7.827419012177646, -0.000035249998973 ], [ 110.394616229055771, -7.827377520156408, -0.000035249998973 ], [ 110.394135396631327, -7.82728773274261, -0.000035249998973 ], [ 110.394090524058527, -7.827140625239617, -0.000035249998973 ], [ 110.394073616804008, -7.827085200021937, -0.000035249998973 ], [ 110.393986262955707, -7.826763746349736, -0.000035249998973 ], [ 110.393939919092077, -7.826365286428777, -0.000035249998973 ], [ 110.393468113162953, -7.826297774322776, -0.000035249998973 ], [ 110.393306933068573, -7.826259902972076, -0.000035249998973 ], [ 110.393305157806822, -7.826276204982832, -0.000035249998973 ], [ 110.39329972770031, -7.826321860865168, -0.000035249998973 ], [ 110.393299701619995, -7.826339549630466, -0.000035249998973 ], [ 110.393323459010503, -7.826411061021584, -0.000035249998973 ], [ 110.39334744033215, -7.82645542188016, -0.000035249998973 ], [ 110.393389104123912, -7.826550819264869, -0.000035249998973 ], [ 110.393394989287401, -7.826573865291603, -0.000035249998973 ], [ 110.39340441957836, -7.82670377056252, -0.000035249998973 ], [ 110.393420736877559, -7.826803452317455, -0.000035249998973 ], [ 110.393434305848587, -7.8268856440572, -0.000035249998973 ], [ 110.393443469940223, -7.826943558598314, -0.000035249998973 ], [ 110.393446765955559, -7.826955960249334, -0.000035249998973 ] ] ] ] } }
]
}
