{
  "type": "FeatureCollection",
  "features": [
    {
      "type": "Feature",
      "geometry": {
        "type": "LineString",
        "coordinates": [
          [
            110.35119720528684,
            -7.781404256301357
          ],
          [
            110.35289064512256,
            -7.781743597842715
          ],
          [
            110.35377524795996,
            -7.781894168538442
          ],
          [
            110.35496099218881,
            -7.782157667255966
          ],
          [
            110.3559492644806,
            -7.782398057813428
          ]
        ]
      },
      "properties": {
        "segment_id": "SEG-0001",
        "nama_ruas": "Jalan Kyai Mojo",
        "chunk_no": 1,
        "n_chunks": 2,
        "length_km": 0.535,
        "volume_per_hour": 1273,
        "emisi_CO2_g_per_jam": 2166489.5,
        "decision_score": 49.05,
        "priority_tier": "Sedang"
      }
    },
    {
      "type": "Feature",
      "geometry": {
        "type": "LineString",
        "coordinates": [
          [
            110.3559492644806,
            -7.782398057813428
          ],
          [
            110.35635377112429,
            -7.782496451321353
          ],
          [
            110.35723123450768,
            -7.782690735808507
          ],
          [
            110.35758337677701,
            -7.782756762484008
          ],
          [
            110.35811159018103,
            -7.782811784713593
          ],
          [
            110.35937710146148,
            -7.782789775821759
          ],
          [
            110.360763661647,
            -7.782833793605427
          ]
        ]
      },
      "properties": {
        "segment_id": "SEG-0002",
        "nama_ruas": "Jalan Kyai Mojo",
        "chunk_no": 2,
        "n_chunks": 2,
        "length_km": 0.535,
        "volume_per_hour": 1257,
        "emisi_CO2_g_per_jam": 2139259.4,
        "decision_score": 50.67,
        "priority_tier": "Tinggi"
      }
    },
    {
      "type": "Feature",
      "geometry": {
        "type": "LineString",
        "coordinates": [
          [
            110.360763661647,
            -7.782833793605427
          ],
          [
            110.36090494298666,
            -7.780431640422791
          ],
          [
            110.36098399260192,
            -7.779008747348165
          ],
          [
            110.36106304221717,
            -7.777328943023954
          ],
          [
            110.36109092235101,
            -7.776669113189678
          ]
        ]
      },
      "properties": {
        "segment_id": "SEG-0003",
        "nama_ruas": "Jalan Magelang",
        "chunk_no": 1,
        "n_chunks": 2,
        "length_km": 0.686,
        "volume_per_hour": 1408,
        "emisi_CO2_g_per_jam": 3073263.0,
        "decision_score": 57.26,
        "priority_tier": "Tinggi"
      }
    },
    {
      "type": "Feature",
      "geometry": {
        "type": "LineString",
        "coordinates": [
          [
            110.36109092235101,
            -7.776669113189678
          ],
          [
            110.36112232942861,
            -7.775925812353142
          ],
          [
            110.3612606662553,
            -7.772447629281834
          ],
          [
            110.36134225044458,
            -7.770500829049979
          ]
        ]
      },
      "properties": {
        "segment_id": "SEG-0004",
        "nama_ruas": "Jalan Magelang",
        "chunk_no": 2,
        "n_chunks": 2,
        "length_km": 0.686,
        "volume_per_hour": 1095,
        "emisi_CO2_g_per_jam": 2390073.1,
        "decision_score": 45.05,
        "priority_tier": "Sedang"
      }
    },
    {
      "type": "Feature",
      "geometry": {
        "type": "LineString",
        "coordinates": [
          [
            110.35896287363778,
            -7.77125290419815
          ],
          [
            110.36108820047842,
            -7.772832558573987
          ],
          [
            110.36123492642396,
            -7.772931827312429
          ]
        ]
      },
      "properties": {
        "segment_id": "SEG-0005",
        "nama_ruas": "Jalan Jambon",
        "chunk_no": 1,
        "n_chunks": 1,
        "length_km": 0.312,
        "volume_per_hour": 780,
        "emisi_CO2_g_per_jam": 774539.5,
        "decision_score": 31.04,
        "priority_tier": "Rendah"
      }
    },
    {
      "type": "Feature",
      "geometry": {
        "type": "LineString",
        "coordinates": [
          [
            110.36103955396695,
            -7.778213951207785
          ],
          [
            110.36231940488062,
            -7.778966804686423
          ],
          [
            110.36423918125115,
            -7.778176308533854
          ],
          [
            110.36534964013214,
            -7.777649311098807
          ],
          [
            110.36762702190502,
            -7.778025737838126
          ]
        ]
      },
      "properties": {
        "segment_id": "SEG-0006",
        "nama_ruas": "Jalan RW Monginsidi",
        "chunk_no": 1,
        "n_chunks": 1,
        "length_km": 0.783,
        "volume_per_hour": 1455,
        "emisi_CO2_g_per_jam": 3622802.2,
        "decision_score": 61.32,
        "priority_tier": "Sangat Tinggi"
      }
    },
    {
      "type": "Feature",
      "geometry": {
        "type": "LineString",
        "coordinates": [
          [
            110.36855801933717,
            -7.770356951012445
          ],
          [
            110.36824591151704,
            -7.772378184487165
          ],
          [
            110.36815799999175,
            -7.773281000417796
          ],
          [
            110.36812793543703,
            -7.773985608577245
          ],
          [
            110.36800995935702,
            -7.775106381337301
          ],
          [
            110.36789045880485,
            -7.776198957814236
          ],
          [
            110.36770267222288,
            -7.777496392380596
          ],
          [
            110.36762702190502,
            -7.778025737838126
          ]
        ]
      },
      "properties": {
        "segment_id": "SEG-0007",
        "nama_ruas": "Jalan P. Mangkubumi",
        "chunk_no": 1,
        "n_chunks": 1,
        "length_km": 0.859,
        "volume_per_hour": 1173,
        "emisi_CO2_g_per_jam": 3205182.7,
        "decision_score": 52.13,
        "priority_tier": "Tinggi"
      }
    },
    {
      "type": "Feature",
      "geometry": {
        "type": "LineString",
        "coordinates": [
          [
            110.36762702190502,
            -7.778025737838126
          ],
          [
            110.37100023673507,
            -7.778454976756032
          ],
          [
            110.37131464947555,
            -7.778454976756032
          ],
          [
            110.37144041457175,
            -7.77837113335857
          ],
          [
            110.37151377754452,
            -7.778119603166184
          ],
          [
            110.37167098391477,
            -7.777490777685218
          ],
          [
            110.37181770986032,
            -7.777029638999176
          ],
          [
            110.37200635750462,
            -7.776715226258693
          ],
          [
            110.37229980939574,
            -7.776348411394796
          ],
          [
            110.37253037873876,
            -7.775803429311292
          ],
          [
            110.37267710468431,
            -7.775447094872078
          ],
          [
            110.37431205093483,
            -7.776086400777727
          ]
        ]
      },
      "properties": {
        "segment_id": "SEG-0008",
        "nama_ruas": "Jalan Profesor Dokter Sardjito",
        "chunk_no": 1,
        "n_chunks": 1,
        "length_km": 0.976,
        "volume_per_hour": 1262,
        "emisi_CO2_g_per_jam": 3915762.2,
        "decision_score": 58.31,
        "priority_tier": "Tinggi"
      }
    },
    {
      "type": "Feature",
      "geometry": {
        "type": "LineString",
        "coordinates": [
          [
            110.36762702190502,
            -7.778025737838126
          ],
          [
            110.36748088051804,
            -7.779273259649313
          ],
          [
            110.36732534794184,
            -7.780644774184996
          ],
          [
            110.36707084008985,
            -7.782864648227288
          ]
        ]
      },
      "properties": {
        "segment_id": "SEG-0009",
        "nama_ruas": "Jalan Pangeran Mangkubumi",
        "chunk_no": 1,
        "n_chunks": 1,
        "length_km": 0.542,
        "volume_per_hour": 1089,
        "emisi_CO2_g_per_jam": 1875222.3,
        "decision_score": 46.71,
        "priority_tier": "Sedang"
      }
    },
    {
      "type": "Feature",
      "geometry": {
        "type": "LineString",
        "coordinates": [
          [
            110.360763661647,
            -7.782833793605427
          ],
          [
            110.36707084008985,
            -7.782864648227288
          ]
        ]
      },
      "properties": {
        "segment_id": "SEG-0010",
        "nama_ruas": "Jalan Diponegoro",
        "chunk_no": 1,
        "n_chunks": 1,
        "length_km": 0.695,
        "volume_per_hour": 1405,
        "emisi_CO2_g_per_jam": 3104391.5,
        "decision_score": 60.13,
        "priority_tier": "Sangat Tinggi"
      }
    },
    {
      "type": "Feature",
      "geometry": {
        "type": "LineString",
        "coordinates": [
          [
            110.37494345717381,
            -7.782990997870407
          ],
          [
            110.37600633907167,
            -7.776567567153287
          ]
        ]
      },
      "properties": {
        "segment_id": "SEG-0011",
        "nama_ruas": "Jalan Cik Di Tiro",
        "chunk_no": 1,
        "n_chunks": 1,
        "length_km": 0.724,
        "volume_per_hour": 1081,
        "emisi_CO2_g_per_jam": 2487889.5,
        "decision_score": 47.96,
        "priority_tier": "Sedang"
      }
    },
    {
      "type": "Feature",
      "geometry": {
        "type": "LineString",
        "coordinates": [
          [
            110.37431205093483,
            -7.776086400777727
          ],
          [
            110.37394314243055,
            -7.77705698595116
          ],
          [
            110.37357198514641,
            -7.777992302307196
          ],
          [
            110.37328990561046,
            -7.778749463166844
          ],
          [
            110.37306721123997,
            -7.779655086940148
          ],
          [
            110.37263666879038,
            -7.781496027069489
          ],
          [
            110.37229925004083,
            -7.782940409140659
          ]
        ]
      },
      "properties": {
        "segment_id": "SEG-0012",
        "nama_ruas": "Jalan Cornelis Simanjuntak",
        "chunk_no": 1,
        "n_chunks": 1,
        "length_km": 0.795,
        "volume_per_hour": 1390,
        "emisi_CO2_g_per_jam": 3515770.6,
        "decision_score": 59.12,
        "priority_tier": "Tinggi"
      }
    },
    {
      "type": "Feature",
      "geometry": {
        "type": "LineString",
        "coordinates": [
          [
            110.37431205093483,
            -7.776086400777727
          ],
          [
            110.37480570845914,
            -7.774951923819606
          ]
        ]
      },
      "properties": {
        "segment_id": "SEG-0013",
        "nama_ruas": "Jalan Persatuan",
        "chunk_no": 1,
        "n_chunks": 1,
        "length_km": 0.137,
        "volume_per_hour": 1082,
        "emisi_CO2_g_per_jam": 472631.3,
        "decision_score": 34.0,
        "priority_tier": "Rendah"
      }
    },
    {
      "type": "Feature",
      "geometry": {
        "type": "LineString",
        "coordinates": [
          [
            110.37431205093483,
            -7.776086400777727
          ],
          [
            110.37554317507755,
            -7.776177633091265
          ]
        ]
      },
      "properties": {
        "segment_id": "SEG-0014",
        "nama_ruas": "Jalan Terban",
        "chunk_no": 1,
        "n_chunks": 1,
        "length_km": 0.136,
        "volume_per_hour": 1178,
        "emisi_CO2_g_per_jam": 509477.7,
        "decision_score": 37.08,
        "priority_tier": "Rendah"
      }
    },
    {
      "type": "Feature",
      "geometry": {
        "type": "LineString",
        "coordinates": [
          [
            110.36707084008985,
            -7.782864648227288
          ],
          [
            110.37315570578377,
            -7.782962305791559
          ]
        ]
      },
      "properties": {
        "segment_id": "SEG-0015",
        "nama_ruas": "Jalan Jendral Sudirman",
        "chunk_no": 1,
        "n_chunks": 2,
        "length_km": 0.67,
        "volume_per_hour": 1372,
        "emisi_CO2_g_per_jam": 2924972.3,
        "decision_score": 57.99,
        "priority_tier": "Tinggi"
      }
    },
    {
      "type": "Feature",
      "geometry": {
        "type": "LineString",
        "coordinates": [
          [
            110.37315570578377,
            -7.782962305791559
          ],
          [
            110.37494345717381,
            -7.782990997870407
          ],
          [
            110.37924094770369,
            -7.783030862780118
          ]
        ]
      },
      "properties": {
        "segment_id": "SEG-0016",
        "nama_ruas": "Jalan Jendral Sudirman",
        "chunk_no": 2,
        "n_chunks": 2,
        "length_km": 0.67,
        "volume_per_hour": 1100,
        "emisi_CO2_g_per_jam": 2345094.2,
        "decision_score": 49.05,
        "priority_tier": "Sedang"
      }
    },
    {
      "type": "Feature",
      "geometry": {
        "type": "LineString",
        "coordinates": [
          [
            110.37924094770369,
            -7.783030862780118
          ],
          [
            110.37934999797075,
            -7.78208024076959
          ],
          [
            110.37934999797075,
            -7.781567361276436
          ],
          [
            110.37937849127593,
            -7.780741055426357
          ],
          [
            110.37944972453886,
            -7.780199682628029
          ],
          [
            110.37959219106475,
            -7.779387623430537
          ],
          [
            110.37971799814517,
            -7.778889450798709
          ]
        ]
      },
      "properties": {
        "segment_id": "SEG-0017",
        "nama_ruas": "Jalan Profesor Doktor Herman Johannes",
        "chunk_no": 1,
        "n_chunks": 1,
        "length_km": 0.465,
        "volume_per_hour": 1096,
        "emisi_CO2_g_per_jam": 1619866.3,
        "decision_score": 41.61,
        "priority_tier": "Sedang"
      }
    },
    {
      "type": "Feature",
      "geometry": {
        "type": "LineString",
        "coordinates": [
          [
            110.37924094770369,
            -7.783030862780118
          ],
          [
            110.38775305415976,
            -7.783057837185122
          ]
        ]
      },
      "properties": {
        "segment_id": "SEG-0018",
        "nama_ruas": "Jalan Urip Sumoharjo",
        "chunk_no": 1,
        "n_chunks": 1,
        "length_km": 0.938,
        "volume_per_hour": 806,
        "emisi_CO2_g_per_jam": 2403443.1,
        "decision_score": 40.82,
        "priority_tier": "Sedang"
      }
    },
    {
      "type": "Feature",
      "geometry": {
        "type": "LineString",
        "coordinates": [
          [
            110.38775305415976,
            -7.783057837185122
          ],
          [
            110.38820683457783,
            -7.780260217035334
          ]
        ]
      },
      "properties": {
        "segment_id": "SEG-0019",
        "nama_ruas": "Jalan Affandi",
        "chunk_no": 1,
        "n_chunks": 1,
        "length_km": 0.315,
        "volume_per_hour": 973,
        "emisi_CO2_g_per_jam": 974804.5,
        "decision_score": 32.07,
        "priority_tier": "Rendah"
      }
    },
    {
      "type": "Feature",
      "geometry": {
        "type": "LineString",
        "coordinates": [
          [
            110.38775305415976,
            -7.783057837185122
          ],
          [
            110.39165009889513,
            -7.783098445203626
          ]
        ]
      },
      "properties": {
        "segment_id": "SEG-0020",
        "nama_ruas": "Jalan Laksda Adisucipto",
        "chunk_no": 1,
        "n_chunks": 1,
        "length_km": 0.429,
        "volume_per_hour": 872,
        "emisi_CO2_g_per_jam": 1190516.4,
        "decision_score": 31.34,
        "priority_tier": "Rendah"
      }
    },
    {
      "type": "Feature",
      "geometry": {
        "type": "LineString",
        "coordinates": [
          [
            110.35389753354168,
            -7.790131222519542
          ],
          [
            110.3545382323694,
            -7.790228621227487
          ],
          [
            110.35511770878632,
            -7.790306627668226
          ],
          [
            110.35558574743075,
            -7.79021747745024
          ],
          [
            110.35613179251592,
            -7.789938883019031
          ],
          [
            110.35663199996691,
            -7.789723001415325
          ],
          [
            110.357257314018,
            -7.789437413042858
          ],
          [
            110.35750247711746,
            -7.789370550379368
          ]
        ]
      },
      "properties": {
        "segment_id": "SEG-0021",
        "nama_ruas": "Jalan Pembela Tanah Air",
        "chunk_no": 1,
        "n_chunks": 1,
        "length_km": 0.42,
        "volume_per_hour": 1588,
        "emisi_CO2_g_per_jam": 2120718.2,
        "decision_score": 56.98,
        "priority_tier": "Tinggi"
      }
    },
    {
      "type": "Feature",
      "geometry": {
        "type": "LineString",
        "coordinates": [
          [
            110.35750247711746,
            -7.789370550379368
          ],
          [
            110.35756520133856,
            -7.788416658291728
          ],
          [
            110.35762663141065,
            -7.788256940104317
          ],
          [
            110.35799521184313,
            -7.788134079960153
          ],
          [
            110.35882644848222,
            -7.787869144240316
          ],
          [
            110.35917475699092,
            -7.787688539828397
          ]
        ]
      },
      "properties": {
        "segment_id": "SEG-0022",
        "nama_ruas": "Jalan Tentara Rakyat Mataram",
        "chunk_no": 1,
        "n_chunks": 1,
        "length_km": 0.308,
        "volume_per_hour": 1413,
        "emisi_CO2_g_per_jam": 1382270.3,
        "decision_score": 51.48,
        "priority_tier": "Tinggi"
      }
    },
    {
      "type": "Feature",
      "geometry": {
        "type": "LineString",
        "coordinates": [
          [
            110.35917475699092,
            -7.787688539828397
          ],
          [
            110.35929935932342,
            -7.787528779786825
          ],
          [
            110.3593604794109,
            -7.787371613847613
          ],
          [
            110.35943033093943,
            -7.787327956642276
          ],
          [
            110.35956130255543,
            -7.787266836554805
          ],
          [
            110.35975339425892,
            -7.786978698999582
          ],
          [
            110.3603209379283,
            -7.786114286333915
          ],
          [
            110.36070512133526,
            -7.785363382402124
          ],
          [
            110.36074004709953,
            -7.785127633493306
          ],
          [
            110.36082659751169,
            -7.782830695656751
          ]
        ]
      },
      "properties": {
        "segment_id": "SEG-0023",
        "nama_ruas": "Jalan Tentara Pelajar",
        "chunk_no": 1,
        "n_chunks": 1,
        "length_km": 0.595,
        "volume_per_hour": 1832,
        "emisi_CO2_g_per_jam": 3465961.9,
        "decision_score": 69.19,
        "priority_tier": "Sangat Tinggi"
      }
    },
    {
      "type": "Feature",
      "geometry": {
        "type": "LineString",
        "coordinates": [
          [
            110.35929935932342,
            -7.787528779786825
          ],
          [
            110.35933754755787,
            -7.787622933159046
          ],
          [
            110.35939774366292,
            -7.787659976916006
          ],
          [
            110.3595088749338,
            -7.787678498794484
          ],
          [
            110.35962926714392,
            -7.787604411280566
          ],
          [
            110.3596709413705,
            -7.787493280009689
          ],
          [
            110.35956130255543,
            -7.787266836554805
          ]
        ]
      },
      "properties": {
        "segment_id": "SEG-0024",
        "nama_ruas": "Jalan Tentara Pelajar",
        "chunk_no": 1,
        "n_chunks": 1,
        "length_km": 0.088,
        "volume_per_hour": 1819,
        "emisi_CO2_g_per_jam": 510310.0,
        "decision_score": 53.66,
        "priority_tier": "Tinggi"
      }
    },
    {
      "type": "Feature",
      "geometry": {
        "type": "LineString",
        "coordinates": [
          [
            110.35750247711746,
            -7.789370550379368
          ],
          [
            110.35854688915155,
            -7.789429682698993
          ],
          [
            110.35938349344379,
            -7.789483311179264
          ],
          [
            110.36054186861763,
            -7.789579842443752
          ],
          [
            110.36121758746904,
            -7.789590568139806
          ],
          [
            110.36170024379147,
            -7.789612019531914
          ],
          [
            110.3620220146731,
            -7.789730002188509
          ],
          [
            110.3621273746653,
            -7.789790538484675
          ]
        ]
      },
      "properties": {
        "segment_id": "SEG-0025",
        "nama_ruas": "Jalan Gran Lor",
        "chunk_no": 1,
        "n_chunks": 1,
        "length_km": 0.515,
        "volume_per_hour": 1881,
        "emisi_CO2_g_per_jam": 3077730.9,
        "decision_score": 70.01,
        "priority_tier": "Sangat Tinggi"
      }
    },
    {
      "type": "Feature",
      "geometry": {
        "type": "LineString",
        "coordinates": [
          [
            110.3621273746653,
            -7.789790538484675
          ],
          [
            110.36250561231039,
            -7.789905811642486
          ],
          [
            110.36271198203802,
            -7.789952244831205
          ],
          [
            110.36286160009055,
            -7.789962563317587
          ],
          [
            110.36309376603415,
            -7.789972881803969
          ],
          [
            110.36338268365284,
            -7.790003837263114
          ],
          [
            110.36357357565092,
            -7.789998678019924
          ],
          [
            110.36379542310813,
            -7.789962563317587
          ],
          [
            110.36402758905172,
            -7.78992644861525
          ],
          [
            110.36446612472295,
            -7.78987485618334
          ],
          [
            110.36480663477356,
            -7.78987485618334
          ],
          [
            110.36565444310699,
            -7.789934901395396
          ],
          [
            110.36609566118358,
            -7.789966098633135
          ]
        ]
      },
      "properties": {
        "segment_id": "SEG-0026",
        "nama_ruas": "Jalan Pasar Kembang",
        "chunk_no": 1,
        "n_chunks": 1,
        "length_km": 0.441,
        "volume_per_hour": 1627,
        "emisi_CO2_g_per_jam": 2282989.8,
        "decision_score": 63.09,
        "priority_tier": "Sangat Tinggi"
      }
    },
    {
      "type": "Feature",
      "geometry": {
        "type": "LineString",
        "coordinates": [
          [
            110.3662926802733,
            -7.789524157980865
          ],
          [
            110.36645393693357,
            -7.789589855138754
          ],
          [
            110.3668540923498,
            -7.789619717483248
          ],
          [
            110.36773801774685,
            -7.789679442172238
          ],
          [
            110.36827553994776,
            -7.789661524765541
          ],
          [
            110.36848588189939,
            -7.78969424754133
          ]
        ]
      },
      "properties": {
        "segment_id": "SEG-0027",
        "nama_ruas": "Jalan Kleringan",
        "chunk_no": 1,
        "n_chunks": 1,
        "length_km": 0.244,
        "volume_per_hour": 1863,
        "emisi_CO2_g_per_jam": 1443854.5,
        "decision_score": 62.5,
        "priority_tier": "Sangat Tinggi"
      }
    },
    {
      "type": "Feature",
      "geometry": {
        "type": "LineString",
        "coordinates": [
          [
            110.3662926802733,
            -7.789524157980865
          ],
          [
            110.36632562528328,
            -7.789300777808764
          ],
          [
            110.36631368034548,
            -7.789121603741795
          ],
          [
            110.36642715725456,
            -7.788142118842364
          ],
          [
            110.36707084008985,
            -7.782864648227288
          ]
        ]
      },
      "properties": {
        "segment_id": "SEG-0028",
        "nama_ruas": "Jalan Margo Utomo",
        "chunk_no": 1,
        "n_chunks": 1,
        "length_km": 0.746,
        "volume_per_hour": 1414,
        "emisi_CO2_g_per_jam": 3353226.6,
        "decision_score": 64.77,
        "priority_tier": "Sangat Tinggi"
      }
    },
    {
      "type": "Feature",
      "geometry": {
        "type": "LineString",
        "coordinates": [
          [
            110.37331431302268,
            -7.786899251185726
          ],
          [
            110.37332326856495,
            -7.786897460077265
          ],
          [
            110.37362554173373,
            -7.786837272290793
          ],
          [
            110.37395295740623,
            -7.786842469364959
          ],
          [
            110.37436872333957,
            -7.786884045958294
          ],
          [
            110.37465456241875,
            -7.786946410848295
          ],
          [
            110.37511710201963,
            -7.787221855779136
          ],
          [
            110.37528700134438,
            -7.78749886554776
          ],
          [
            110.37520574514558,
            -7.787716779899077
          ],
          [
            110.37499521772143,
            -7.78812675435664
          ],
          [
            110.37489549420472,
            -7.788307734072141
          ],
          [
            110.37482901186026,
            -7.78839268373452
          ],
          [
            110.37462956482685,
            -7.788529341887041
          ],
          [
            110.3743968766212,
            -7.788573663450021
          ],
          [
            110.37418265573346,
            -7.788584743840765
          ],
          [
            110.37401644987229,
            -7.788566276522857
          ],
          [
            110.37370989239501,
            -7.788477633396898
          ],
          [
            110.3734513499443,
            -7.788366829489448
          ],
          [
            110.37331469179178,
            -7.788274492899907
          ],
          [
            110.37324082252015,
            -7.788159995528876
          ],
          [
            110.37318233454154,
            -7.787858151057483
          ],
          [
            110.3731706467121,
            -7.787687232190424
          ],
          [
            110.37318069575898,
            -7.787197147411406
          ],
          [
            110.37319554454231,
            -7.787103105116959
          ],
          [
            110.37331433480898,
            -7.786900171744731
          ],
          [
            110.37331431302268,
            -7.786899251185726
          ]
        ]
      },
      "properties": {
        "segment_id": "SEG-0029",
        "nama_ruas": "Jalan Yos Sudarso",
        "chunk_no": 1,
        "n_chunks": 1,
        "length_km": 0.696,
        "volume_per_hour": 1259,
        "emisi_CO2_g_per_jam": 2784791.3,
        "decision_score": 56.15,
        "priority_tier": "Tinggi"
      }
    },
    {
      "type": "Feature",
      "geometry": {
        "type": "LineString",
        "coordinates": [
          [
            110.37494345717381,
            -7.782990997870407
          ],
          [
            110.37460335682718,
            -7.785068656924803
          ],
          [
            110.37434097056108,
            -7.786678781296646
          ],
          [
            110.37430422886789,
            -7.786869150664773
          ],
          [
            110.37430297283315,
            -7.786877152556132
          ]
        ]
      },
      "properties": {
        "segment_id": "SEG-0030",
        "nama_ruas": "Jalan Suroto",
        "chunk_no": 1,
        "n_chunks": 1,
        "length_km": 0.438,
        "volume_per_hour": 1504,
        "emisi_CO2_g_per_jam": 2093964.5,
        "decision_score": 55.36,
        "priority_tier": "Tinggi"
      }
    },
    {
      "type": "Feature",
      "geometry": {
        "type": "LineString",
        "coordinates": [
          [
            110.37494413410737,
            -7.78822085411847
          ],
          [
            110.37546107823125,
            -7.788456989088644
          ],
          [
            110.37601631451247,
            -7.788591011639282
          ],
          [
            110.37640561811195,
            -7.78857824758684
          ],
          [
            110.37679492171142,
            -7.788527191377073
          ],
          [
            110.37720800004922,
            -7.788477000613057
          ],
          [
            110.37766287727746,
            -7.788335730590447
          ],
          [
            110.37808600006889,
            -7.788195000199039
          ],
          [
            110.37824841752325,
            -7.788176438685393
          ],
          [
            110.3783709050862,
            -7.788231235753022
          ],
          [
            110.37839499992936,
            -7.788287999991155
          ]
        ]
      },
      "properties": {
        "segment_id": "SEG-0031",
        "nama_ruas": "Jalan Atmosukarto",
        "chunk_no": 1,
        "n_chunks": 1,
        "length_km": 0.399,
        "volume_per_hour": 1498,
        "emisi_CO2_g_per_jam": 1900795.8,
        "decision_score": 53.83,
        "priority_tier": "Tinggi"
      }
    },
    {
      "type": "Feature",
      "geometry": {
        "type": "LineString",
        "coordinates": [
          [
            110.37720800004922,
            -7.788477000613057
          ],
          [
            110.37732961541388,
            -7.788431740704003
          ],
          [
            110.37800790911483,
            -7.788151067448441
          ],
          [
            110.37845523211588,
            -7.788001959781424
          ]
        ]
      },
      "properties": {
        "segment_id": "SEG-0032",
        "nama_ruas": "Jalan Atmosukarto",
        "chunk_no": 1,
        "n_chunks": 1,
        "length_km": 0.147,
        "volume_per_hour": 1587,
        "emisi_CO2_g_per_jam": 743267.4,
        "decision_score": 49.05,
        "priority_tier": "Sedang"
      }
    },
    {
      "type": "Feature",
      "geometry": {
        "type": "LineString",
        "coordinates": [
          [
            110.37845523211588,
            -7.788001959781424
          ],
          [
            110.37876225256026,
            -7.786308023479123
          ],
          [
            110.3790543815628,
            -7.78434577233025
          ],
          [
            110.37924094770369,
            -7.783030862780118
          ]
        ]
      },
      "properties": {
        "segment_id": "SEG-0033",
        "nama_ruas": "Jalan Dokter Wahidin",
        "chunk_no": 1,
        "n_chunks": 1,
        "length_km": 0.56,
        "volume_per_hour": 1114,
        "emisi_CO2_g_per_jam": 1982143.7,
        "decision_score": 46.53,
        "priority_tier": "Sedang"
      }
    },
    {
      "type": "Feature",
      "geometry": {
        "type": "LineString",
        "coordinates": [
          [
            110.37862581207843,
            -7.787063115821709
          ],
          [
            110.37881122433836,
            -7.78711544992734
          ],
          [
            110.37898018873655,
            -7.78716778403297
          ],
          [
            110.37929949262102,
            -7.787270573639612
          ],
          [
            110.37958380429896,
            -7.78735368013009
          ],
          [
            110.38036523225304,
            -7.787581520694296
          ],
          [
            110.38047025970084,
            -7.787571972744496
          ],
          [
            110.38105745861353,
            -7.787400109648102
          ],
          [
            110.38141550673102,
            -7.787280760275606
          ],
          [
            110.3815969177772,
            -7.787247342451307
          ],
          [
            110.38189290422099,
            -7.787180506802709
          ]
        ]
      },
      "properties": {
        "segment_id": "SEG-0034",
        "nama_ruas": "Jalan Kusbini",
        "chunk_no": 1,
        "n_chunks": 1,
        "length_km": 0.375,
        "volume_per_hour": 1124,
        "emisi_CO2_g_per_jam": 1338815.7,
        "decision_score": 43.51,
        "priority_tier": "Sedang"
      }
    },
    {
      "type": "Feature",
      "geometry": {
        "type": "LineString",
        "coordinates": [
          [
            110.38189290422099,
            -7.787180506802709
          ],
          [
            110.3820507914331,
            -7.787010317806974
          ],
          [
            110.38209614419465,
            -7.786886194459577
          ],
          [
            110.38213910996875,
            -7.786571112116187
          ],
          [
            110.382151044906,
            -7.786375379145293
          ],
          [
            110.3822109982552,
            -7.78624136577641
          ],
          [
            110.38232318666535,
            -7.786141112303513
          ],
          [
            110.38240911821354,
            -7.786119629416464
          ],
          [
            110.38289367666587,
            -7.786145886278413
          ],
          [
            110.38337107415586,
            -7.786160208203112
          ],
          [
            110.38419219783864,
            -7.786169756152914
          ],
          [
            110.38594567368465,
            -7.786215712712176
          ],
          [
            110.38629609244902,
            -7.786215712712176
          ],
          [
            110.38664651121337,
            -7.786221457282084
          ],
          [
            110.38701990825737,
            -7.786123799593655
          ],
          [
            110.38720947906431,
            -7.786020397335319
          ]
        ]
      },
      "properties": {
        "segment_id": "SEG-0035",
        "nama_ruas": "Jalan Langensari",
        "chunk_no": 1,
        "n_chunks": 1,
        "length_km": 0.674,
        "volume_per_hour": 1025,
        "emisi_CO2_g_per_jam": 2195596.8,
        "decision_score": 43.08,
        "priority_tier": "Sedang"
      }
    },
    {
      "type": "Feature",
      "geometry": {
        "type": "LineString",
        "coordinates": [
          [
            110.38720947906431,
            -7.786020397335319
          ],
          [
            110.38788498379024,
            -7.785365679115489
          ],
          [
            110.38814364576609,
            -7.784904937471028
          ],
          [
            110.38808706345887,
            -7.784056202862812
          ],
          [
            110.38800623159142,
            -7.783433797483454
          ],
          [
            110.38796307774365,
            -7.783057472356124
          ]
        ]
      },
      "properties": {
        "segment_id": "SEG-0036",
        "nama_ruas": "Jalan Munggur",
        "chunk_no": 1,
        "n_chunks": 1,
        "length_km": 0.369,
        "volume_per_hour": 767,
        "emisi_CO2_g_per_jam": 900446.9,
        "decision_score": 30.09,
        "priority_tier": "Rendah"
      }
    },
    {
      "type": "Feature",
      "geometry": {
        "type": "LineString",
        "coordinates": [
          [
            110.37762899967868,
            -7.797274000694529
          ],
          [
            110.37768100027802,
            -7.796780000396666
          ],
          [
            110.3777416725864,
            -7.796269577946135
          ],
          [
            110.37778235805041,
            -7.795594179749537
          ],
          [
            110.37779791065454,
            -7.795240358005683
          ],
          [
            110.37780499970103,
            -7.79484400015042
          ],
          [
            110.37788646156186,
            -7.793758919454349
          ],
          [
            110.37790740296681,
            -7.793261194785399
          ],
          [
            110.3779235693403,
            -7.792751954020469
          ],
          [
            110.3779235693403,
            -7.792621313242049
          ]
        ]
      },
      "properties": {
        "segment_id": "SEG-0037",
        "nama_ruas": "Jalan Dokter Sutomo",
        "chunk_no": 1,
        "n_chunks": 2,
        "length_km": 0.519,
        "volume_per_hour": 1135,
        "emisi_CO2_g_per_jam": 1871757.3,
        "decision_score": 48.59,
        "priority_tier": "Sedang"
      }
    },
    {
      "type": "Feature",
      "geometry": {
        "type": "LineString",
        "coordinates": [
          [
            110.3779235693403,
            -7.792621313242049
          ],
          [
            110.3779235693403,
            -7.792420543363927
          ],
          [
            110.37791548615355,
            -7.792081049520641
          ],
          [
            110.37798823483426,
            -7.790957486563098
          ],
          [
            110.37802297146258,
            -7.790699443038474
          ],
          [
            110.37833248486622,
            -7.789080376885761
          ],
          [
            110.37840377857331,
            -7.788590232649517
          ],
          [
            110.37839499992936,
            -7.788287999991155
          ],
          [
            110.37845523211588,
            -7.788001959781424
          ]
        ]
      },
      "properties": {
        "segment_id": "SEG-0038",
        "nama_ruas": "Jalan Dokter Sutomo",
        "chunk_no": 2,
        "n_chunks": 2,
        "length_km": 0.519,
        "volume_per_hour": 1315,
        "emisi_CO2_g_per_jam": 2168599.8,
        "decision_score": 52.46,
        "priority_tier": "Tinggi"
      }
    },
    {
      "type": "Feature",
      "geometry": {
        "type": "LineString",
        "coordinates": [
          [
            110.36905944687393,
            -7.796610793186154
          ],
          [
            110.36925230966429,
            -7.796879364000603
          ],
          [
            110.36931998406538,
            -7.797070444662488
          ],
          [
            110.369339888301,
            -7.797468529374749
          ],
          [
            110.36935183084239,
            -7.79802186712479
          ],
          [
            110.36935979253663,
            -7.798427913531296
          ],
          [
            110.3693435481917,
            -7.799366107312268
          ],
          [
            110.36927116202426,
            -7.801526863553913
          ]
        ]
      },
      "properties": {
        "segment_id": "SEG-0039",
        "nama_ruas": "Jalan Mayor Suryotomo",
        "chunk_no": 1,
        "n_chunks": 1,
        "length_km": 0.555,
        "volume_per_hour": 1501,
        "emisi_CO2_g_per_jam": 2648548.1,
        "decision_score": 61.84,
        "priority_tier": "Sangat Tinggi"
      }
    },
    {
      "type": "Feature",
      "geometry": {
        "type": "LineString",
        "coordinates": [
          [
            110.3526908938676,
            -7.781706420340038
          ],
          [
            110.3526908938676,
            -7.782542203633661
          ],
          [
            110.35267975009036,
            -7.783701156467485
          ],
          [
            110.35264631875862,
            -7.785105272400771
          ],
          [
            110.35260174364961,
            -7.785773899035669
          ],
          [
            110.35259059987237,
            -7.786420238116071
          ],
          [
            110.35262403120412,
            -7.786721120101775
          ],
          [
            110.3527354689766,
            -7.786854845428755
          ],
          [
            110.35288033808082,
            -7.786966283201238
          ],
          [
            110.35314778873479,
            -7.78714458363721
          ],
          [
            110.35364925871096,
            -7.787501184509156
          ],
          [
            110.35388616447312,
            -7.787827951077655
          ]
        ]
      },
      "properties": {
        "segment_id": "SEG-0040",
        "nama_ruas": "Jalan Haji Oemar Said Cokroaminoto",
        "chunk_no": 1,
        "n_chunks": 3,
        "length_km": 0.746,
        "volume_per_hour": 1294,
        "emisi_CO2_g_per_jam": 3068576.2,
        "decision_score": 54.72,
        "priority_tier": "Tinggi"
      }
    },
    {
      "type": "Feature",
      "geometry": {
        "type": "LineString",
        "coordinates": [
          [
            110.35388616447312,
            -7.787827951077655
          ],
          [
            110.35397242825117,
            -7.787946935599089
          ],
          [
            110.35399471580565,
            -7.788236673807544
          ],
          [
            110.35401700336016,
            -7.788637849788484
          ],
          [
            110.35394233472361,
            -7.789578674609051
          ],
          [
            110.35389753354168,
            -7.790131222519542
          ],
          [
            110.35336600044064,
            -7.793182999995395
          ],
          [
            110.35315884645316,
            -7.794439477916017
          ]
        ]
      },
      "properties": {
        "segment_id": "SEG-0041",
        "nama_ruas": "Jalan Haji Oemar Said Cokroaminoto",
        "chunk_no": 2,
        "n_chunks": 3,
        "length_km": 0.746,
        "volume_per_hour": 1285,
        "emisi_CO2_g_per_jam": 3047233.7,
        "decision_score": 56.37,
        "priority_tier": "Tinggi"
      }
    },
    {
      "type": "Feature",
      "geometry": {
        "type": "LineString",
        "coordinates": [
          [
            110.35315884645316,
            -7.794439477916017
          ],
          [
            110.35302702142494,
            -7.795239053339826
          ],
          [
            110.35279592608798,
            -7.79639453002462
          ],
          [
            110.35254933554202,
            -7.797589545747304
          ],
          [
            110.35207485258005,
            -7.79973357326518
          ],
          [
            110.35194408034866,
            -7.800276780995548
          ],
          [
            110.35181330811729,
            -7.801011117371787
          ]
        ]
      },
      "properties": {
        "segment_id": "SEG-0042",
        "nama_ruas": "Jalan Haji Oemar Said Cokroaminoto",
        "chunk_no": 3,
        "n_chunks": 3,
        "length_km": 0.746,
        "volume_per_hour": 1415,
        "emisi_CO2_g_per_jam": 3355514.2,
        "decision_score": 58.47,
        "priority_tier": "Tinggi"
      }
    },
    {
      "type": "Feature",
      "geometry": {
        "type": "LineString",
        "coordinates": [
          [
            110.35750247711746,
            -7.789370550379368
          ],
          [
            110.35741157268697,
            -7.790447697591476
          ],
          [
            110.35741157268697,
            -7.791077135526043
          ],
          [
            110.35731473608165,
            -7.791464481947316
          ],
          [
            110.35709685371968,
            -7.791900246671247
          ],
          [
            110.35700001711436,
            -7.792166547335872
          ],
          [
            110.35687897135772,
            -7.793038076783734
          ],
          [
            110.35668749516793,
            -7.795196535650457
          ]
        ]
      },
      "properties": {
        "segment_id": "SEG-0043",
        "nama_ruas": "Jalan Letnan Jendral Suprapto",
        "chunk_no": 1,
        "n_chunks": 2,
        "length_km": 0.659,
        "volume_per_hour": 1661,
        "emisi_CO2_g_per_jam": 3479822.9,
        "decision_score": 66.57,
        "priority_tier": "Sangat Tinggi"
      }
    },
    {
      "type": "Feature",
      "geometry": {
        "type": "LineString",
        "coordinates": [
          [
            110.35668749516793,
            -7.795196535650457
          ],
          [
            110.3566126706931,
            -7.796040011548594
          ],
          [
            110.35650694643174,
            -7.797436789366586
          ],
          [
            110.35643707633741,
            -7.79825194046697
          ],
          [
            110.35634391621169,
            -7.799567827243301
          ],
          [
            110.35623911107021,
            -7.801104969318311
          ]
        ]
      },
      "properties": {
        "segment_id": "SEG-0044",
        "nama_ruas": "Jalan Letnan Jendral Suprapto",
        "chunk_no": 2,
        "n_chunks": 2,
        "length_km": 0.659,
        "volume_per_hour": 1303,
        "emisi_CO2_g_per_jam": 2729806.9,
        "decision_score": 56.11,
        "priority_tier": "Tinggi"
      }
    },
    {
      "type": "Feature",
      "geometry": {
        "type": "LineString",
        "coordinates": [
          [
            110.34774614686722,
            -7.800907539651178
          ],
          [
            110.34866115041977,
            -7.800936172729371
          ],
          [
            110.34966850378414,
            -7.800957072176764
          ],
          [
            110.35052205832416,
            -7.800978411040266
          ],
          [
            110.35181330811729,
            -7.801011117371787
          ],
          [
            110.35319836993028,
            -7.801060269539153
          ],
          [
            110.35535937338602,
            -7.801099540492846
          ],
          [
            110.35623911107021,
            -7.801104969318311
          ]
        ]
      },
      "properties": {
        "segment_id": "SEG-0045",
        "nama_ruas": "Jalan R.E. Martadinata",
        "chunk_no": 1,
        "n_chunks": 1,
        "length_km": 0.936,
        "volume_per_hour": 1308,
        "emisi_CO2_g_per_jam": 3892627.9,
        "decision_score": 59.57,
        "priority_tier": "Sangat Tinggi"
      }
    },
    {
      "type": "Feature",
      "geometry": {
        "type": "LineString",
        "coordinates": [
          [
            110.36616299972275,
            -7.789980000676451
          ],
          [
            110.36538799995628,
            -7.796354001435986
          ]
        ]
      },
      "properties": {
        "segment_id": "SEG-0046",
        "nama_ruas": "Jalan Malioboro",
        "chunk_no": 1,
        "n_chunks": 1,
        "length_km": 0.714,
        "volume_per_hour": 2469,
        "emisi_CO2_g_per_jam": 5604547.6,
        "decision_score": 96.81,
        "priority_tier": "Sangat Tinggi"
      }
    },
    {
      "type": "Feature",
      "geometry": {
        "type": "LineString",
        "coordinates": [
          [
            110.36538799995628,
            -7.796354001435986
          ],
          [
            110.36787399858622,
            -7.796580000166841
          ],
          [
            110.36889699595231,
            -7.796664007957588
          ],
          [
            110.36907199987297,
            -7.796653999982084
          ]
        ]
      },
      "properties": {
        "segment_id": "SEG-0047",
        "nama_ruas": "Jalan Suryatmajan",
        "chunk_no": 1,
        "n_chunks": 1,
        "length_km": 0.407,
        "volume_per_hour": 1770,
        "emisi_CO2_g_per_jam": 2293053.6,
        "decision_score": 65.1,
        "priority_tier": "Sangat Tinggi"
      }
    },
    {
      "type": "Feature",
      "geometry": {
        "type": "LineString",
        "coordinates": [
          [
            110.36907199987297,
            -7.796653999982084
          ],
          [
            110.37006699989217,
            -7.796715000097151
          ],
          [
            110.37095399942757,
            -7.796760000373695
          ],
          [
            110.37170099970143,
            -7.796799000373539
          ],
          [
            110.37261000025137,
            -7.79683700032723
          ]
        ]
      },
      "properties": {
        "segment_id": "SEG-0048",
        "nama_ruas": "Jalan Juminahan",
        "chunk_no": 1,
        "n_chunks": 1,
        "length_km": 0.39,
        "volume_per_hour": 1546,
        "emisi_CO2_g_per_jam": 1918735.2,
        "decision_score": 58.29,
        "priority_tier": "Tinggi"
      }
    },
    {
      "type": "Feature",
      "geometry": {
        "type": "LineString",
        "coordinates": [
          [
            110.37261000025137,
            -7.79683700032723
          ],
          [
            110.37509499973453,
            -7.79703200032651
          ],
          [
            110.37718488382671,
            -7.797207012873595
          ],
          [
            110.37762899967868,
            -7.797274000694529
          ]
        ]
      },
      "properties": {
        "segment_id": "SEG-0049",
        "nama_ruas": "Jalan Mayor Jendral Bambang Sugeng",
        "chunk_no": 1,
        "n_chunks": 1,
        "length_km": 0.555,
        "volume_per_hour": 1550,
        "emisi_CO2_g_per_jam": 2736222.0,
        "decision_score": 60.13,
        "priority_tier": "Sangat Tinggi"
      }
    },
    {
      "type": "Feature",
      "geometry": {
        "type": "LineString",
        "coordinates": [
          [
            110.38498111865033,
            -7.797676646393397
          ],
          [
            110.38602304753368,
            -7.792284997127741
          ],
          [
            110.38618658839742,
            -7.791424134763144
          ]
        ]
      },
      "properties": {
        "segment_id": "SEG-0050",
        "nama_ruas": "Jalan Gondosuli",
        "chunk_no": 1,
        "n_chunks": 1,
        "length_km": 0.708,
        "volume_per_hour": 852,
        "emisi_CO2_g_per_jam": 1917587.4,
        "decision_score": 38.53,
        "priority_tier": "Sedang"
      }
    },
    {
      "type": "Feature",
      "geometry": {
        "type": "LineString",
        "coordinates": [
          [
            110.38618658839742,
            -7.791424134763144
          ],
          [
            110.38668367118949,
            -7.788624906463669
          ],
          [
            110.38782202970117,
            -7.788137038530089
          ],
          [
            110.38769193158555,
            -7.787307663043004
          ],
          [
            110.38702517874299,
            -7.787128778134025
          ],
          [
            110.38720947906431,
            -7.786020397335319
          ]
        ]
      },
      "properties": {
        "segment_id": "SEG-0051",
        "nama_ruas": "Jalan Mojo",
        "chunk_no": 1,
        "n_chunks": 1,
        "length_km": 0.747,
        "volume_per_hour": 821,
        "emisi_CO2_g_per_jam": 1950159.0,
        "decision_score": 37.21,
        "priority_tier": "Sedang"
      }
    },
    {
      "type": "Feature",
      "geometry": {
        "type": "LineString",
        "coordinates": [
          [
            110.37816057485365,
            -7.789986681494495
          ],
          [
            110.37844680587905,
            -7.789979898768774
          ],
          [
            110.37905361705799,
            -7.789944721309125
          ],
          [
            110.37930865364045,
            -7.789956447129008
          ],
          [
            110.37946108929893,
            -7.789982830223744
          ],
          [
            110.37962525077728,
            -7.790012144773451
          ],
          [
            110.38268001518026,
            -7.790613742503793
          ],
          [
            110.38516075924159,
            -7.791155753811313
          ],
          [
            110.38585247816144,
            -7.79130288093483
          ],
          [
            110.38619687110047,
            -7.791381382266513
          ]
        ]
      },
      "properties": {
        "segment_id": "SEG-0052",
        "nama_ruas": "Jalan Kompol Bambang Suprapto",
        "chunk_no": 1,
        "n_chunks": 1,
        "length_km": 0.902,
        "volume_per_hour": 923,
        "emisi_CO2_g_per_jam": 2647073.0,
        "decision_score": 46.82,
        "priority_tier": "Sedang"
      }
    },
    {
      "type": "Feature",
      "geometry": {
        "type": "LineString",
        "coordinates": [
          [
            110.38619687110047,
            -7.791381382266513
          ],
          [
            110.38959326213435,
            -7.79215381526882
          ],
          [
            110.39166301581986,
            -7.792444874380844
          ],
          [
            110.39311831137998,
            -7.792635337227701
          ]
        ]
      },
      "properties": {
        "segment_id": "SEG-0053",
        "nama_ruas": "Jalan Melati Wetan",
        "chunk_no": 1,
        "n_chunks": 1,
        "length_km": 0.776,
        "volume_per_hour": 978,
        "emisi_CO2_g_per_jam": 2412995.5,
        "decision_score": 41.01,
        "priority_tier": "Sedang"
      }
    },
    {
      "type": "Feature",
      "geometry": {
        "type": "LineString",
        "coordinates": [
          [
            110.39372935055957,
            -7.788106413754467
          ],
          [
            110.39453014811644,
            -7.787829214600158
          ],
          [
            110.39489974698886,
            -7.787675215069988
          ],
          [
            110.39510209498576,
            -7.787500551808989
          ]
        ]
      },
      "properties": {
        "segment_id": "SEG-0054",
        "nama_ruas": "Jalan Profesor Mukti Ali",
        "chunk_no": 1,
        "n_chunks": 1,
        "length_km": 0.167,
        "volume_per_hour": 794,
        "emisi_CO2_g_per_jam": 422113.1,
        "decision_score": 25.05,
        "priority_tier": "Sangat Rendah"
      }
    },
    {
      "type": "Feature",
      "geometry": {
        "type": "LineString",
        "coordinates": [
          [
            110.3926648131176,
            -7.796344177024419
          ],
          [
            110.39311831137998,
            -7.792635337227701
          ],
          [
            110.39372935055957,
            -7.788106413754467
          ]
        ]
      },
      "properties": {
        "segment_id": "SEG-0055",
        "nama_ruas": "Jalan Ipda Tut Harsono",
        "chunk_no": 1,
        "n_chunks": 1,
        "length_km": 0.923,
        "volume_per_hour": 857,
        "emisi_CO2_g_per_jam": 2516563.3,
        "decision_score": 37.14,
        "priority_tier": "Rendah"
      }
    },
    {
      "type": "Feature",
      "geometry": {
        "type": "LineString",
        "coordinates": [
          [
            110.3926648131176,
            -7.796344177024419
          ],
          [
            110.39227981429218,
            -7.79954736725198
          ],
          [
            110.39223925646121,
            -7.800293005964088
          ],
          [
            110.3919910827856,
            -7.80206000253439
          ]
        ]
      },
      "properties": {
        "segment_id": "SEG-0056",
        "nama_ruas": "Jalan Timoho",
        "chunk_no": 1,
        "n_chunks": 1,
        "length_km": 0.64,
        "volume_per_hour": 885,
        "emisi_CO2_g_per_jam": 1801297.2,
        "decision_score": 34.72,
        "priority_tier": "Rendah"
      }
    },
    {
      "type": "Feature",
      "geometry": {
        "type": "LineString",
        "coordinates": [
          [
            110.38498111865033,
            -7.797676646393397
          ],
          [
            110.38459077102446,
            -7.799798793189166
          ],
          [
            110.38425120206044,
            -7.801900886776004
          ]
        ]
      },
      "properties": {
        "segment_id": "SEG-0057",
        "nama_ruas": "Jalan Cendana",
        "chunk_no": 1,
        "n_chunks": 1,
        "length_km": 0.477,
        "volume_per_hour": 991,
        "emisi_CO2_g_per_jam": 1501754.3,
        "decision_score": 39.47,
        "priority_tier": "Sedang"
      }
    },
    {
      "type": "Feature",
      "geometry": {
        "type": "LineString",
        "coordinates": [
          [
            110.36538799995628,
            -7.796354001435986
          ],
          [
            110.36478179213964,
            -7.801393155122446
          ]
        ]
      },
      "properties": {
        "segment_id": "SEG-0058",
        "nama_ruas": "Jalan Margo Mulyo",
        "chunk_no": 1,
        "n_chunks": 1,
        "length_km": 0.564,
        "volume_per_hour": 1769,
        "emisi_CO2_g_per_jam": 3174148.5,
        "decision_score": 68.72,
        "priority_tier": "Sangat Tinggi"
      }
    },
    {
      "type": "Feature",
      "geometry": {
        "type": "LineString",
        "coordinates": [
          [
            110.35623911107021,
            -7.801104969318311
          ],
          [
            110.36478179213964,
            -7.801393155122446
          ]
        ]
      },
      "properties": {
        "segment_id": "SEG-0059",
        "nama_ruas": "Jalan Kyai Haji Ahmad Dahlan",
        "chunk_no": 1,
        "n_chunks": 1,
        "length_km": 0.942,
        "volume_per_hour": 1233,
        "emisi_CO2_g_per_jam": 3691896.7,
        "decision_score": 60.97,
        "priority_tier": "Sangat Tinggi"
      }
    },
    {
      "type": "Feature",
      "geometry": {
        "type": "LineString",
        "coordinates": [
          [
            110.3621273746653,
            -7.789790538484675
          ],
          [
            110.36183874703384,
            -7.790972288365121
          ],
          [
            110.36131315863776,
            -7.793528559200624
          ],
          [
            110.36124364149033,
            -7.795406367795319
          ],
          [
            110.36136403054036,
            -7.795597895829466
          ],
          [
            110.36141587321299,
            -7.795638824255228
          ]
        ]
      },
      "properties": {
        "segment_id": "SEG-0060",
        "nama_ruas": "Jalan Bhayangkara",
        "chunk_no": 1,
        "n_chunks": 2,
        "length_km": 0.667,
        "volume_per_hour": 1519,
        "emisi_CO2_g_per_jam": 3219780.9,
        "decision_score": 66.13,
        "priority_tier": "Sangat Tinggi"
      }
    },
    {
      "type": "Feature",
      "geometry": {
        "type": "LineString",
        "coordinates": [
          [
            110.36141587321299,
            -7.795638824255228
          ],
          [
            110.36157197526315,
            -7.795762062715879
          ],
          [
            110.36199800010769,
            -7.796072000122649
          ],
          [
            110.36215200001487,
            -7.796326000144745
          ],
          [
            110.36216507782103,
            -7.797182015493428
          ],
          [
            110.36215313263021,
            -7.798424315338719
          ],
          [
            110.36208713452872,
            -7.799444671817121
          ],
          [
            110.3620730986221,
            -7.799888206466179
          ],
          [
            110.36202100026901,
            -7.801252000679256
          ],
          [
            110.36201896761239,
            -7.801299805504775
          ]
        ]
      },
      "properties": {
        "segment_id": "SEG-0061",
        "nama_ruas": "Jalan Bhayangkara",
        "chunk_no": 2,
        "n_chunks": 2,
        "length_km": 0.667,
        "volume_per_hour": 1802,
        "emisi_CO2_g_per_jam": 3819647.9,
        "decision_score": 72.69,
        "priority_tier": "Sangat Tinggi"
      }
    },
    {
      "type": "Feature",
      "geometry": {
        "type": "LineString",
        "coordinates": [
          [
            110.36478179213964,
            -7.801393155122446
          ],
          [
            110.36576786642938,
            -7.801443874650483
          ],
          [
            110.36731438744408,
            -7.801502233934056
          ],
          [
            110.36890759588563,
            -7.801543085432558
          ],
          [
            110.36916437673335,
            -7.8015372495042
          ],
          [
            110.36927116202426,
            -7.801526863553913
          ],
          [
            110.36978700140266,
            -7.801526127390314
          ],
          [
            110.37087688122608,
            -7.801526127390314
          ]
        ]
      },
      "properties": {
        "segment_id": "SEG-0062",
        "nama_ruas": "Jalan Panembahan Senopati",
        "chunk_no": 1,
        "n_chunks": 1,
        "length_km": 0.672,
        "volume_per_hour": 1511,
        "emisi_CO2_g_per_jam": 3228039.3,
        "decision_score": 63.15,
        "priority_tier": "Sangat Tinggi"
      }
    },
    {
      "type": "Feature",
      "geometry": {
        "type": "LineString",
        "coordinates": [
          [
            110.37087688122608,
            -7.801526127390314
          ],
          [
            110.37508200003435,
            -7.801655000377934
          ],
          [
            110.37759974959972,
            -7.801722544157498
          ],
          [
            110.3780029201001,
            -7.801731540019059
          ],
          [
            110.37867250028073,
            -7.801743939652034
          ]
        ]
      },
      "properties": {
        "segment_id": "SEG-0063",
        "nama_ruas": "Jalan Sultan Agung",
        "chunk_no": 1,
        "n_chunks": 1,
        "length_km": 0.859,
        "volume_per_hour": 1322,
        "emisi_CO2_g_per_jam": 3611585.9,
        "decision_score": 59.79,
        "priority_tier": "Sangat Tinggi"
      }
    },
    {
      "type": "Feature",
      "geometry": {
        "type": "LineString",
        "coordinates": [
          [
            110.37762899967868,
            -7.797274000694529
          ],
          [
            110.37767299990907,
            -7.797558000301422
          ],
          [
            110.37791500027708,
            -7.79793799983878
          ],
          [
            110.37793439412768,
            -7.798441418943986
          ],
          [
            110.37790205422634,
            -7.79889417756269
          ],
          [
            110.37784723381915,
            -7.799413678789564
          ],
          [
            110.37796696134504,
            -7.79961322466604
          ],
          [
            110.37809999192936,
            -7.799772861367223
          ],
          [
            110.37808668887092,
            -7.800398105113517
          ],
          [
            110.3779935674619,
            -7.80166189566454
          ],
          [
            110.37798706235644,
            -7.80173132585145
          ]
        ]
      },
      "properties": {
        "segment_id": "SEG-0064",
        "nama_ruas": "Jalan Suryopranoto",
        "chunk_no": 1,
        "n_chunks": 1,
        "length_km": 0.514,
        "volume_per_hour": 1424,
        "emisi_CO2_g_per_jam": 2325142.4,
        "decision_score": 54.15,
        "priority_tier": "Tinggi"
      }
    },
    {
      "type": "Feature",
      "geometry": {
        "type": "LineString",
        "coordinates": [
          [
            110.37867250028073,
            -7.801743939652034
          ],
          [
            110.38425120206044,
            -7.801900886776004
          ],
          [
            110.38653621136406,
            -7.801947861787787
          ]
        ]
      },
      "properties": {
        "segment_id": "SEG-0065",
        "nama_ruas": "Jalan Kusumanegara",
        "chunk_no": 1,
        "n_chunks": 3,
        "length_km": 0.867,
        "volume_per_hour": 1088,
        "emisi_CO2_g_per_jam": 2998111.7,
        "decision_score": 49.14,
        "priority_tier": "Tinggi"
      }
    },
    {
      "type": "Feature",
      "geometry": {
        "type": "LineString",
        "coordinates": [
          [
            110.38653621136406,
            -7.801947861787787
          ],
          [
            110.3919910827856,
            -7.80206000253439
          ],
          [
            110.39440068471289,
            -7.802121789668837
          ]
        ]
      },
      "properties": {
        "segment_id": "SEG-0066",
        "nama_ruas": "Jalan Kusumanegara",
        "chunk_no": 2,
        "n_chunks": 3,
        "length_km": 0.867,
        "volume_per_hour": 820,
        "emisi_CO2_g_per_jam": 2259606.1,
        "decision_score": 36.64,
        "priority_tier": "Rendah"
      }
    },
    {
      "type": "Feature",
      "geometry": {
        "type": "LineString",
        "coordinates": [
          [
            110.39440068471289,
            -7.802121789668837
          ],
          [
            110.3951948964833,
            -7.802142154887209
          ],
          [
            110.39624175459255,
            -7.802180350031438
          ],
          [
            110.39706691670489,
            -7.802236430067126
          ],
          [
            110.40226045475623,
            -7.802432637855929
          ]
        ]
      },
      "properties": {
        "segment_id": "SEG-0067",
        "nama_ruas": "Jalan Kusumanegara",
        "chunk_no": 3,
        "n_chunks": 3,
        "length_km": 0.867,
        "volume_per_hour": 686,
        "emisi_CO2_g_per_jam": 1890353.4,
        "decision_score": 28.5,
        "priority_tier": "Rendah"
      }
    },
    {
      "type": "Feature",
      "geometry": {
        "type": "LineString",
        "coordinates": [
          [
            110.35181330811729,
            -7.801011117371787
          ],
          [
            110.35039082109023,
            -7.807786681219799
          ]
        ]
      },
      "properties": {
        "segment_id": "SEG-0068",
        "nama_ruas": "Jalan Kapten Pierre Tendean",
        "chunk_no": 1,
        "n_chunks": 1,
        "length_km": 0.77,
        "volume_per_hour": 957,
        "emisi_CO2_g_per_jam": 2341710.7,
        "decision_score": 44.02,
        "priority_tier": "Sedang"
      }
    },
    {
      "type": "Feature",
      "geometry": {
        "type": "LineString",
        "coordinates": [
          [
            110.35039082109023,
            -7.807786681219799
          ],
          [
            110.34950370321559,
            -7.811895466976107
          ]
        ]
      },
      "properties": {
        "segment_id": "SEG-0069",
        "nama_ruas": "Jalan Bugisan",
        "chunk_no": 1,
        "n_chunks": 1,
        "length_km": 0.467,
        "volume_per_hour": 708,
        "emisi_CO2_g_per_jam": 1051818.0,
        "decision_score": 29.01,
        "priority_tier": "Rendah"
      }
    },
    {
      "type": "Feature",
      "geometry": {
        "type": "LineString",
        "coordinates": [
          [
            110.34592086395679,
            -7.811391881030431
          ],
          [
            110.34700476783638,
            -7.811549966852284
          ],
          [
            110.34752580457811,
            -7.811617633961601
          ],
          [
            110.3487302791239,
            -7.811786801734885
          ],
          [
            110.34950370321559,
            -7.811895466976107
          ]
        ]
      },
      "properties": {
        "segment_id": "SEG-0070",
        "nama_ruas": "Jalan Madumurti",
        "chunk_no": 1,
        "n_chunks": 1,
        "length_km": 0.399,
        "volume_per_hour": 788,
        "emisi_CO2_g_per_jam": 998886.1,
        "decision_score": 29.7,
        "priority_tier": "Rendah"
      }
    },
    {
      "type": "Feature",
      "geometry": {
        "type": "LineString",
        "coordinates": [
          [
            110.35647968165839,
            -7.801116486274451
          ],
          [
            110.35646169760194,
            -7.801498147916673
          ],
          [
            110.35640518170975,
            -7.803707426204822
          ],
          [
            110.35637337033928,
            -7.803903596322622
          ],
          [
            110.35632810357548,
            -7.804034014456794
          ],
          [
            110.35622523832632,
            -7.804342610204265
          ],
          [
            110.35618676652528,
            -7.804520542283901
          ],
          [
            110.35617947854712,
            -7.804959489913648
          ],
          [
            110.35616286185304,
            -7.805349982224871
          ],
          [
            110.35611716594427,
            -7.806093579285603
          ],
          [
            110.35610067759579,
            -7.807021334888083
          ]
        ]
      },
      "properties": {
        "segment_id": "SEG-0071",
        "nama_ruas": "Jalan K. Haji Wakhid Hasyim",
        "chunk_no": 1,
        "n_chunks": 2,
        "length_km": 0.66,
        "volume_per_hour": 1057,
        "emisi_CO2_g_per_jam": 2219315.0,
        "decision_score": 46.85,
        "priority_tier": "Sedang"
      }
    },
    {
      "type": "Feature",
      "geometry": {
        "type": "LineString",
        "coordinates": [
          [
            110.35610067759579,
            -7.807021334888083
          ],
          [
            110.35609029778844,
            -7.80760537909612
          ],
          [
            110.35608548881332,
            -7.808081467633526
          ],
          [
            110.3560480852059,
            -7.808897093258533
          ],
          [
            110.35601468326692,
            -7.809687605814314
          ],
          [
            110.35593117841947,
            -7.812159349298585
          ],
          [
            110.35581206084206,
            -7.812947861718945
          ]
        ]
      },
      "properties": {
        "segment_id": "SEG-0072",
        "nama_ruas": "Jalan K. Haji Wakhid Hasyim",
        "chunk_no": 2,
        "n_chunks": 2,
        "length_km": 0.66,
        "volume_per_hour": 984,
        "emisi_CO2_g_per_jam": 2066041.6,
        "decision_score": 42.33,
        "priority_tier": "Sedang"
      }
    },
    {
      "type": "Feature",
      "geometry": {
        "type": "LineString",
        "coordinates": [
          [
            110.34950370321559,
            -7.811895466976107
          ],
          [
            110.35019366152164,
            -7.811999979199962
          ],
          [
            110.3507921521498,
            -7.812072523518526
          ],
          [
            110.35153573141508,
            -7.812199476076013
          ],
          [
            110.3524697395166,
            -7.812308292553859
          ],
          [
            110.353712060972,
            -7.81250778942991
          ],
          [
            110.35485463398938,
            -7.812725422385602
          ],
          [
            110.35547126069717,
            -7.812852374943088
          ],
          [
            110.35587999856313,
            -7.812971000611128
          ],
          [
            110.35601622715636,
            -7.813059990279949
          ]
        ]
      },
      "properties": {
        "segment_id": "SEG-0073",
        "nama_ruas": "Jalan Sugeng Jeroni",
        "chunk_no": 1,
        "n_chunks": 1,
        "length_km": 0.731,
        "volume_per_hour": 1025,
        "emisi_CO2_g_per_jam": 2382946.2,
        "decision_score": 41.69,
        "priority_tier": "Sedang"
      }
    },
    {
      "type": "Feature",
      "geometry": {
        "type": "LineString",
        "coordinates": [
          [
            110.35601622715636,
            -7.813059990279949
          ],
          [
            110.35669241378413,
            -7.813189088629715
          ],
          [
            110.35712186728526,
            -7.813242107580471
          ],
          [
            110.36281862222215,
            -7.814007611539556
          ]
        ]
      },
      "properties": {
        "segment_id": "SEG-0074",
        "nama_ruas": "Jalan M. T. Haryono",
        "chunk_no": 1,
        "n_chunks": 1,
        "length_km": 0.757,
        "volume_per_hour": 826,
        "emisi_CO2_g_per_jam": 1987855.9,
        "decision_score": 37.91,
        "priority_tier": "Sedang"
      }
    },
    {
      "type": "Feature",
      "geometry": {
        "type": "LineString",
        "coordinates": [
          [
            110.36281862222215,
            -7.814007611539556
          ],
          [
            110.36499173524176,
            -7.814308264768841
          ],
          [
            110.36573402293713,
            -7.814394927799266
          ],
          [
            110.36662806918073,
            -7.814536542979655
          ],
          [
            110.36714743849427,
            -7.814647149407538
          ],
          [
            110.36732056159877,
            -7.81468562120854
          ],
          [
            110.36774856038494,
            -7.814709666084167
          ],
          [
            110.36841219895223,
            -7.814791418661297
          ]
        ]
      },
      "properties": {
        "segment_id": "SEG-0075",
        "nama_ruas": "Jalan Mayor Jenderal Sutoyo",
        "chunk_no": 1,
        "n_chunks": 1,
        "length_km": 0.623,
        "volume_per_hour": 761,
        "emisi_CO2_g_per_jam": 1506953.3,
        "decision_score": 33.43,
        "priority_tier": "Rendah"
      }
    },
    {
      "type": "Feature",
      "geometry": {
        "type": "LineString",
        "coordinates": [
          [
            110.36841219895223,
            -7.814791418661297
          ],
          [
            110.36892002643565,
            -7.81471955574576
          ],
          [
            110.3693008841081,
            -7.814737691825401
          ],
          [
            110.37064295400154,
            -7.814946256741273
          ],
          [
            110.37205756821353,
            -7.815136685577503
          ],
          [
            110.3734540463459,
            -7.815336182453554
          ],
          [
            110.37618099855428,
            -7.815743999885626
          ]
        ]
      },
      "properties": {
        "segment_id": "SEG-0076",
        "nama_ruas": "Jalan Kolonel Sugiono",
        "chunk_no": 1,
        "n_chunks": 1,
        "length_km": 0.865,
        "volume_per_hour": 820,
        "emisi_CO2_g_per_jam": 2254562.0,
        "decision_score": 37.87,
        "priority_tier": "Sedang"
      }
    },
    {
      "type": "Feature",
      "geometry": {
        "type": "LineString",
        "coordinates": [
          [
            110.37618099855428,
            -7.815743999885626
          ],
          [
            110.38147196735781,
            -7.8164970409580885
          ]
        ]
      },
      "properties": {
        "segment_id": "SEG-0077",
        "nama_ruas": "Jalan Menteri Supeno",
        "chunk_no": 1,
        "n_chunks": 2,
        "length_km": 0.589,
        "volume_per_hour": 728,
        "emisi_CO2_g_per_jam": 1363100.0,
        "decision_score": 29.78,
        "priority_tier": "Rendah"
      }
    },
    {
      "type": "Feature",
      "geometry": {
        "type": "LineString",
        "coordinates": [
          [
            110.38147196735781,
            -7.8164970409580885
          ],
          [
            110.38676293616133,
            -7.817250082030551
          ]
        ]
      },
      "properties": {
        "segment_id": "SEG-0078",
        "nama_ruas": "Jalan Menteri Supeno",
        "chunk_no": 2,
        "n_chunks": 2,
        "length_km": 0.589,
        "volume_per_hour": 767,
        "emisi_CO2_g_per_jam": 1436120.7,
        "decision_score": 28.87,
        "priority_tier": "Rendah"
      }
    },
    {
      "type": "Feature",
      "geometry": {
        "type": "LineString",
        "coordinates": [
          [
            110.38676293616133,
            -7.817250082030551
          ],
          [
            110.39075789213398,
            -7.817972831827005
          ]
        ]
      },
      "properties": {
        "segment_id": "SEG-0079",
        "nama_ruas": "Jalan Perintis Kemerdekaan",
        "chunk_no": 1,
        "n_chunks": 1,
        "length_km": 0.447,
        "volume_per_hour": 660,
        "emisi_CO2_g_per_jam": 938864.2,
        "decision_score": 22.39,
        "priority_tier": "Sangat Rendah"
      }
    },
    {
      "type": "Feature",
      "geometry": {
        "type": "LineString",
        "coordinates": [
          [
            110.39075789213398,
            -7.817972831827005
          ],
          [
            110.39460700021294,
            -7.818934000403772
          ],
          [
            110.39587929734108,
            -7.8192541910749656
          ]
        ]
      },
      "properties": {
        "segment_id": "SEG-0080",
        "nama_ruas": "Jalan Ngeksigondo",
        "chunk_no": 1,
        "n_chunks": 2,
        "length_km": 0.582,
        "volume_per_hour": 643,
        "emisi_CO2_g_per_jam": 1189730.3,
        "decision_score": 19.39,
        "priority_tier": "Sangat Rendah"
      }
    },
    {
      "type": "Feature",
      "geometry": {
        "type": "LineString",
        "coordinates": [
          [
            110.39587929734108,
            -7.8192541910749656
          ],
          [
            110.40017927631084,
            -7.820336338571805
          ],
          [
            110.40100145497861,
            -7.820532425029602
          ]
        ]
      },
      "properties": {
        "segment_id": "SEG-0081",
        "nama_ruas": "Jalan Ngeksigondo",
        "chunk_no": 2,
        "n_chunks": 2,
        "length_km": 0.582,
        "volume_per_hour": 543,
        "emisi_CO2_g_per_jam": 1004701.6,
        "decision_score": 14.76,
        "priority_tier": "Sangat Rendah"
      }
    },
    {
      "type": "Feature",
      "geometry": {
        "type": "LineString",
        "coordinates": [
          [
            110.36870207737627,
            -7.814749836975932
          ],
          [
            110.36870207737627,
            -7.814224273335593
          ],
          [
            110.36881942680964,
            -7.812899840612928
          ],
          [
            110.36883936129352,
            -7.812517098522251
          ],
          [
            110.36911110607105,
            -7.808861753825867
          ],
          [
            110.3691499718247,
            -7.808120076256822
          ]
        ]
      },
      "properties": {
        "segment_id": "SEG-0082",
        "nama_ruas": "Jalan Brigadir Jenderal Katamso",
        "chunk_no": 1,
        "n_chunks": 2,
        "length_km": 0.739,
        "volume_per_hour": 987,
        "emisi_CO2_g_per_jam": 2319388.4,
        "decision_score": 43.76,
        "priority_tier": "Sedang"
      }
    },
    {
      "type": "Feature",
      "geometry": {
        "type": "LineString",
        "coordinates": [
          [
            110.3691499718247,
            -7.808120076256822
          ],
          [
            110.36927699943402,
            -7.805696000569924
          ],
          [
            110.36939940835582,
            -7.803941989896913
          ],
          [
            110.3692074815957,
            -7.803557114997975
          ],
          [
            110.3692074815957,
            -7.803201734481524
          ],
          [
            110.36927116202426,
            -7.801526863553913
          ]
        ]
      },
      "properties": {
        "segment_id": "SEG-0083",
        "nama_ruas": "Jalan Brigadir Jenderal Katamso",
        "chunk_no": 2,
        "n_chunks": 2,
        "length_km": 0.739,
        "volume_per_hour": 1545,
        "emisi_CO2_g_per_jam": 3630653.6,
        "decision_score": 63.97,
        "priority_tier": "Sangat Tinggi"
      }
    },
    {
      "type": "Feature",
      "geometry": {
        "type": "LineString",
        "coordinates": [
          [
            110.37618099855428,
            -7.815743999885626
          ],
          [
            110.37687321916147,
            -7.811299846329368
          ],
          [
            110.37737863756071,
            -7.808735360201742
          ]
        ]
      },
      "properties": {
        "segment_id": "SEG-0084",
        "nama_ruas": "Jalan Taman Siswa",
        "chunk_no": 1,
        "n_chunks": 2,
        "length_km": 0.791,
        "volume_per_hour": 800,
        "emisi_CO2_g_per_jam": 2011028.6,
        "decision_score": 37.13,
        "priority_tier": "Rendah"
      }
    },
    {
      "type": "Feature",
      "geometry": {
        "type": "LineString",
        "coordinates": [
          [
            110.37737863756071,
            -7.808735360201742
          ],
          [
            110.37745149772005,
            -7.808365668737881
          ],
          [
            110.37769273365387,
            -7.806711479477436
          ],
          [
            110.37862999997458,
            -7.802003000238244
          ],
          [
            110.37867250028073,
            -7.801743939652034
          ]
        ]
      },
      "properties": {
        "segment_id": "SEG-0085",
        "nama_ruas": "Jalan Taman Siswa",
        "chunk_no": 2,
        "n_chunks": 2,
        "length_km": 0.791,
        "volume_per_hour": 872,
        "emisi_CO2_g_per_jam": 2192021.2,
        "decision_score": 41.82,
        "priority_tier": "Sedang"
      }
    },
    {
      "type": "Feature",
      "geometry": {
        "type": "LineString",
        "coordinates": [
          [
            110.38392422121943,
            -7.816845487015939
          ],
          [
            110.38331192881115,
            -7.814286104749323
          ],
          [
            110.38219097085793,
            -7.809350554789396
          ]
        ]
      },
      "properties": {
        "segment_id": "SEG-0086",
        "nama_ruas": "Jalan Batikan",
        "chunk_no": 1,
        "n_chunks": 2,
        "length_km": 0.855,
        "volume_per_hour": 651,
        "emisi_CO2_g_per_jam": 1769877.0,
        "decision_score": 30.8,
        "priority_tier": "Rendah"
      }
    },
    {
      "type": "Feature",
      "geometry": {
        "type": "LineString",
        "coordinates": [
          [
            110.38219097085793,
            -7.809350554789396
          ],
          [
            110.38077009287535,
            -7.803094464407155
          ],
          [
            110.38051499966758,
            -7.801843000054362
          ]
        ]
      },
      "properties": {
        "segment_id": "SEG-0087",
        "nama_ruas": "Jalan Batikan",
        "chunk_no": 2,
        "n_chunks": 2,
        "length_km": 0.855,
        "volume_per_hour": 1131,
        "emisi_CO2_g_per_jam": 3074856.9,
        "decision_score": 49.76,
        "priority_tier": "Tinggi"
      }
    },
    {
      "type": "Feature",
      "geometry": {
        "type": "LineString",
        "coordinates": [
          [
            110.38392422121943,
            -7.816845487015939
          ],
          [
            110.38901827205883,
            -7.815212060885295
          ],
          [
            110.39073727545694,
            -7.81469966564163
          ]
        ]
      },
      "properties": {
        "segment_id": "SEG-0088",
        "nama_ruas": "Jalan Veteran",
        "chunk_no": 1,
        "n_chunks": 3,
        "length_km": 0.788,
        "volume_per_hour": 673,
        "emisi_CO2_g_per_jam": 1685415.5,
        "decision_score": 28.48,
        "priority_tier": "Rendah"
      }
    },
    {
      "type": "Feature",
      "geometry": {
        "type": "LineString",
        "coordinates": [
          [
            110.39073727545694,
            -7.81469966564163
          ],
          [
            110.3916659288974,
            -7.814422855481493
          ],
          [
            110.39212417719638,
            -7.812589862285567
          ],
          [
            110.39306613203317,
            -7.81118965914979
          ],
          [
            110.39304067379435,
            -7.809025708849044
          ],
          [
            110.3933103097451,
            -7.80874570228479
          ]
        ]
      },
      "properties": {
        "segment_id": "SEG-0089",
        "nama_ruas": "Jalan Veteran",
        "chunk_no": 2,
        "n_chunks": 3,
        "length_km": 0.788,
        "volume_per_hour": 569,
        "emisi_CO2_g_per_jam": 1424965.2,
        "decision_score": 23.19,
        "priority_tier": "Sangat Rendah"
      }
    },
    {
      "type": "Feature",
      "geometry": {
        "type": "LineString",
        "coordinates": [
          [
            110.3933103097451,
            -7.80874570228479
          ],
          [
            110.39436450221362,
            -7.807650963952098
          ],
          [
            110.3951948964833,
            -7.802142154887209
          ]
        ]
      },
      "properties": {
        "segment_id": "SEG-0090",
        "nama_ruas": "Jalan Veteran",
        "chunk_no": 3,
        "n_chunks": 3,
        "length_km": 0.788,
        "volume_per_hour": 692,
        "emisi_CO2_g_per_jam": 1732998.0,
        "decision_score": 27.96,
        "priority_tier": "Rendah"
      }
    },
    {
      "type": "Feature",
      "geometry": {
        "type": "LineString",
        "coordinates": [
          [
            110.3916659288974,
            -7.814422855481493
          ],
          [
            110.3930141420989,
            -7.813933358996371
          ],
          [
            110.39396595734797,
            -7.813670789272491
          ],
          [
            110.39499982563575,
            -7.813408219548611
          ],
          [
            110.3961813893932,
            -7.813408219548611
          ],
          [
            110.39636190607837,
            -7.810487131370444
          ]
        ]
      },
      "properties": {
        "segment_id": "SEG-0091",
        "nama_ruas": "Jalan Ki Perjawi",
        "chunk_no": 1,
        "n_chunks": 1,
        "length_km": 0.84,
        "volume_per_hour": 527,
        "emisi_CO2_g_per_jam": 1407922.7,
        "decision_score": 22.36,
        "priority_tier": "Sangat Rendah"
      }
    },
    {
      "type": "Feature",
      "geometry": {
        "type": "LineString",
        "coordinates": [
          [
            110.39636190607837,
            -7.810487131370444
          ],
          [
            110.40208190605517,
            -7.810639316651077
          ]
        ]
      },
      "properties": {
        "segment_id": "SEG-0092",
        "nama_ruas": "Jalan Rejowinangun",
        "chunk_no": 1,
        "n_chunks": 1,
        "length_km": 0.63,
        "volume_per_hour": 627,
        "emisi_CO2_g_per_jam": 1256756.4,
        "decision_score": 20.86,
        "priority_tier": "Sangat Rendah"
      }
    },
    {
      "type": "Feature",
      "geometry": {
        "type": "LineString",
        "coordinates": [
          [
            110.40226045475623,
            -7.802432637855929
          ],
          [
            110.40212807424703,
            -7.8085172764521396
          ]
        ]
      },
      "properties": {
        "segment_id": "SEG-0093",
        "nama_ruas": "Jalan Gedong Kuning",
        "chunk_no": 1,
        "n_chunks": 3,
        "length_km": 0.677,
        "volume_per_hour": 554,
        "emisi_CO2_g_per_jam": 1192131.7,
        "decision_score": 18.98,
        "priority_tier": "Sangat Rendah"
      }
    },
    {
      "type": "Feature",
      "geometry": {
        "type": "LineString",
        "coordinates": [
          [
            110.40212807424703,
            -7.8085172764521396
          ],
          [
            110.40208190605517,
            -7.810639316651077
          ],
          [
            110.40213104722741,
            -7.814371654280911
          ],
          [
            110.40212204353075,
            -7.814602345575235
          ]
        ]
      },
      "properties": {
        "segment_id": "SEG-0094",
        "nama_ruas": "Jalan Gedong Kuning",
        "chunk_no": 2,
        "n_chunks": 3,
        "length_km": 0.677,
        "volume_per_hour": 503,
        "emisi_CO2_g_per_jam": 1082386.7,
        "decision_score": 15.88,
        "priority_tier": "Sangat Rendah"
      }
    },
    {
      "type": "Feature",
      "geometry": {
        "type": "LineString",
        "coordinates": [
          [
            110.40212204353075,
            -7.814602345575235
          ],
          [
            110.40203100594047,
            -7.816934896338516
          ],
          [
            110.40197073159791,
            -7.817510992778146
          ],
          [
            110.40150163927986,
            -7.818958192482807
          ],
          [
            110.40136852603672,
            -7.81926328807026
          ],
          [
            110.40100145497861,
            -7.820532425029602
          ]
        ]
      },
      "properties": {
        "segment_id": "SEG-0095",
        "nama_ruas": "Jalan Gedong Kuning",
        "chunk_no": 3,
        "n_chunks": 3,
        "length_km": 0.677,
        "volume_per_hour": 453,
        "emisi_CO2_g_per_jam": 974793.6,
        "decision_score": 12.23,
        "priority_tier": "Sangat Rendah"
      }
    },
    {
      "type": "Feature",
      "geometry": {
        "type": "LineString",
        "coordinates": [
          [
            110.35603599856256,
            -7.813131999941788
          ],
          [
            110.35596631234606,
            -7.817490907295212
          ],
          [
            110.3556230351637,
            -7.819522471644944
          ]
        ]
      },
      "properties": {
        "segment_id": "SEG-0096",
        "nama_ruas": "Jalan Bantul",
        "chunk_no": 1,
        "n_chunks": 2,
        "length_km": 0.714,
        "volume_per_hour": 864,
        "emisi_CO2_g_per_jam": 1961008.0,
        "decision_score": 35.37,
        "priority_tier": "Rendah"
      }
    },
    {
      "type": "Feature",
      "geometry": {
        "type": "LineString",
        "coordinates": [
          [
            110.3556230351637,
            -7.819522471644944
          ],
          [
            110.35511976453228,
            -7.822500900522914
          ],
          [
            110.35460063876694,
            -7.825148378436175
          ],
          [
            110.35450333734981,
            -7.825695093392523
          ],
          [
            110.35449047006935,
            -7.825823766197096
          ],
          [
            110.35449047006934,
            -7.825841761631513
          ]
        ]
      },
      "properties": {
        "segment_id": "SEG-0097",
        "nama_ruas": "Jalan Bantul",
        "chunk_no": 2,
        "n_chunks": 2,
        "length_km": 0.714,
        "volume_per_hour": 612,
        "emisi_CO2_g_per_jam": 1389047.2,
        "decision_score": 23.94,
        "priority_tier": "Sangat Rendah"
      }
    },
    {
      "type": "Feature",
      "geometry": {
        "type": "LineString",
        "coordinates": [
          [
            110.400415549648,
            -7.827488007506487
          ],
          [
            110.40046305751869,
            -7.823766557636123
          ],
          [
            110.40079561261349,
            -7.821850406851808
          ],
          [
            110.40100145497861,
            -7.820532425029602
          ]
        ]
      },
      "properties": {
        "segment_id": "SEG-0098",
        "nama_ruas": "Jalan Kemasan",
        "chunk_no": 1,
        "n_chunks": 1,
        "length_km": 0.778,
        "volume_per_hour": 383,
        "emisi_CO2_g_per_jam": 947885.4,
        "decision_score": 10.78,
        "priority_tier": "Sangat Rendah"
      }
    },
    {
      "type": "Feature",
      "geometry": {
        "type": "LineString",
        "coordinates": [
          [
            110.400415549648,
            -7.827488007506487
          ],
          [
            110.40128329918481,
            -7.827522199108828
          ],
          [
            110.4026805028725,
            -7.827738739901754
          ],
          [
            110.40386888106512,
            -7.827787104130522
          ],
          [
            110.40452753657682,
            -7.827906465962045
          ],
          [
            110.4046983599925,
            -7.827924171781756
          ]
        ]
      },
      "properties": {
        "segment_id": "SEG-0099",
        "nama_ruas": "Jalan Karanglo",
        "chunk_no": 1,
        "n_chunks": 1,
        "length_km": 0.475,
        "volume_per_hour": 355,
        "emisi_CO2_g_per_jam": 536360.3,
        "decision_score": 3.09,
        "priority_tier": "Sangat Rendah"
      }
    },
    {
      "type": "Feature",
      "geometry": {
        "type": "LineString",
        "coordinates": [
          [
            110.36091393123303,
            -7.825858326900232
          ],
          [
            110.36139675055077,
            -7.822947090689159
          ],
          [
            110.36189374753862,
            -7.819936708934147
          ]
        ]
      },
      "properties": {
        "segment_id": "SEG-0100",
        "nama_ruas": "Jalan Mayor Jenderal Donald Isaac Panjaitan",
        "chunk_no": 1,
        "n_chunks": 2,
        "length_km": 0.667,
        "volume_per_hour": 851,
        "emisi_CO2_g_per_jam": 1805538.6,
        "decision_score": 32.73,
        "priority_tier": "Rendah"
      }
    },
    {
      "type": "Feature",
      "geometry": {
        "type": "LineString",
        "coordinates": [
          [
            110.36189374753862,
            -7.819936708934147
          ],
          [
            110.36270968931315,
            -7.814994433042666
          ],
          [
            110.36281862222215,
            -7.814007611539556
          ]
        ]
      },
      "properties": {
        "segment_id": "SEG-0101",
        "nama_ruas": "Jalan Mayor Jenderal Donald Isaac Panjaitan",
        "chunk_no": 2,
        "n_chunks": 2,
        "length_km": 0.667,
        "volume_per_hour": 1037,
        "emisi_CO2_g_per_jam": 2200169.0,
        "decision_score": 41.21,
        "priority_tier": "Sedang"
      }
    },
    {
      "type": "Feature",
      "geometry": {
        "type": "LineString",
        "coordinates": [
          [
            110.39409052405853,
            -7.827140625239622
          ],
          [
            110.39496114825855,
            -7.827289175730226
          ],
          [
            110.3956677136182,
            -7.827329550893634
          ],
          [
            110.39672756165766,
            -7.827369926057043
          ],
          [
            110.39728272015452,
            -7.827349738475339
          ],
          [
            110.39804984825928,
            -7.827450676383859
          ],
          [
            110.39848388126592,
            -7.827551614292379
          ],
          [
            110.39919044662557,
            -7.827753490109421
          ],
          [
            110.3993519472792,
            -7.827773677691125
          ],
          [
            110.40024020087418,
            -7.827814052854533
          ],
          [
            110.40040170152781,
            -7.827713114946013
          ],
          [
            110.400415549648,
            -7.827488007506487
          ]
        ]
      },
      "properties": {
        "segment_id": "SEG-0102",
        "nama_ruas": "Jalan Mondorakan",
        "chunk_no": 1,
        "n_chunks": 1,
        "length_km": 0.731,
        "volume_per_hour": 499,
        "emisi_CO2_g_per_jam": 1159370.6,
        "decision_score": 11.85,
        "priority_tier": "Sangat Rendah"
      }
    },
    {
      "type": "Feature",
      "geometry": {
        "type": "LineString",
        "coordinates": [
          [
            110.39343430584859,
            -7.826885644057199
          ],
          [
            110.39201500029208,
            -7.826187000329753
          ],
          [
            110.39109400008812,
            -7.82570799982426
          ],
          [
            110.39019864021664,
            -7.825158186149855
          ]
        ]
      },
      "properties": {
        "segment_id": "SEG-0103",
        "nama_ruas": "Jalan Tegal Gendu",
        "chunk_no": 1,
        "n_chunks": 1,
        "length_km": 0.405,
        "volume_per_hour": 463,
        "emisi_CO2_g_per_jam": 596571.1,
        "decision_score": 10.56,
        "priority_tier": "Sangat Rendah"
      }
    },
    {
      "type": "Feature",
      "geometry": {
        "type": "LineString",
        "coordinates": [
          [
            110.39202055900165,
            -7.836849443447022
          ],
          [
            110.39152872876787,
            -7.836001228074167
          ],
          [
            110.39048744673718,
            -7.833545152441008
          ],
          [
            110.39010590144298,
            -7.832570092244699
          ],
          [
            110.39008470448219,
            -7.831807001656283
          ],
          [
            110.39002919382719,
            -7.831199853867254
          ]
        ]
      },
      "properties": {
        "segment_id": "SEG-0104",
        "nama_ruas": "Jalan Imogiri Timur",
        "chunk_no": 1,
        "n_chunks": 2,
        "length_km": 0.674,
        "volume_per_hour": 546,
        "emisi_CO2_g_per_jam": 1170057.8,
        "decision_score": 11.99,
        "priority_tier": "Sangat Rendah"
      }
    },
    {
      "type": "Feature",
      "geometry": {
        "type": "LineString",
        "coordinates": [
          [
            110.39002919382719,
            -7.831199853867254
          ],
          [
            110.38991512879588,
            -7.829952267587216
          ],
          [
            110.38987273487429,
            -7.82948593444985
          ],
          [
            110.38991512879588,
            -7.828712245381039
          ],
          [
            110.39019864021664,
            -7.825158186149855
          ]
        ]
      },
      "properties": {
        "segment_id": "SEG-0105",
        "nama_ruas": "Jalan Imogiri Timur",
        "chunk_no": 2,
        "n_chunks": 2,
        "length_km": 0.674,
        "volume_per_hour": 560,
        "emisi_CO2_g_per_jam": 1200059.3,
        "decision_score": 15.5,
        "priority_tier": "Sangat Rendah"
      }
    },
    {
      "type": "Feature",
      "geometry": {
        "type": "LineString",
        "coordinates": [
          [
            110.38676293616133,
            -7.817250082030551
          ],
          [
            110.39029086537818,
            -7.823608559221116
          ],
          [
            110.39019864021664,
            -7.825158186149855
          ]
        ]
      },
      "properties": {
        "segment_id": "SEG-0106",
        "nama_ruas": "Jalan Pramuka",
        "chunk_no": 1,
        "n_chunks": 1,
        "length_km": 0.979,
        "volume_per_hour": 638,
        "emisi_CO2_g_per_jam": 1986921.6,
        "decision_score": 25.21,
        "priority_tier": "Sangat Rendah"
      }
    },
    {
      "type": "Feature",
      "geometry": {
        "type": "LineString",
        "coordinates": [
          [
            110.36847900040561,
            -7.81489100011953
          ],
          [
            110.36798287231179,
            -7.82083191750894
          ]
        ]
      },
      "properties": {
        "segment_id": "SEG-0107",
        "nama_ruas": "Jalan Parangtritis",
        "chunk_no": 1,
        "n_chunks": 2,
        "length_km": 0.663,
        "volume_per_hour": 820,
        "emisi_CO2_g_per_jam": 1728333.2,
        "decision_score": 33.77,
        "priority_tier": "Rendah"
      }
    },
    {
      "type": "Feature",
      "geometry": {
        "type": "LineString",
        "coordinates": [
          [
            110.36798287231179,
            -7.82083191750894
          ],
          [
            110.36748674421796,
            -7.82677283489835
          ]
        ]
      },
      "properties": {
        "segment_id": "SEG-0108",
        "nama_ruas": "Jalan Parangtritis",
        "chunk_no": 2,
        "n_chunks": 2,
        "length_km": 0.663,
        "volume_per_hour": 625,
        "emisi_CO2_g_per_jam": 1317327.0,
        "decision_score": 24.9,
        "priority_tier": "Sangat Rendah"
      }
    },
    {
      "type": "Feature",
      "geometry": {
        "type": "LineString",
        "coordinates": [
          [
            110.36176856642585,
            -7.820787550948705
          ],
          [
            110.36783600043111,
            -7.822057001429414
          ]
        ]
      },
      "properties": {
        "segment_id": "SEG-0109",
        "nama_ruas": "Jalan Mangkuyudan",
        "chunk_no": 1,
        "n_chunks": 1,
        "length_km": 0.683,
        "volume_per_hour": 616,
        "emisi_CO2_g_per_jam": 1338075.3,
        "decision_score": 26.62,
        "priority_tier": "Sangat Rendah"
      }
    },
    {
      "type": "Feature",
      "geometry": {
        "type": "LineString",
        "coordinates": [
          [
            110.36128392758516,
            -7.823773551547779
          ],
          [
            110.36414486009632,
            -7.824101855278568
          ],
          [
            110.36508287075571,
            -7.824133122300547
          ],
          [
            110.36609904897006,
            -7.824258190388467
          ],
          [
            110.36769300013191,
            -7.824334000313797
          ]
        ]
      },
      "properties": {
        "segment_id": "SEG-0110",
        "nama_ruas": "Jalan Johokaryan",
        "chunk_no": 1,
        "n_chunks": 1,
        "length_km": 0.709,
        "volume_per_hour": 810,
        "emisi_CO2_g_per_jam": 1826747.4,
        "decision_score": 29.75,
        "priority_tier": "Rendah"
      }
    },
    {
      "type": "Feature",
      "geometry": {
        "type": "LineString",
        "coordinates": [
          [
            110.36769300013191,
            -7.824510000336204
          ],
          [
            110.3733032831201,
            -7.823997098087546
          ]
        ]
      },
      "properties": {
        "segment_id": "SEG-0111",
        "nama_ruas": "Jalan Menukan",
        "chunk_no": 1,
        "n_chunks": 1,
        "length_km": 0.621,
        "volume_per_hour": 666,
        "emisi_CO2_g_per_jam": 1314368.3,
        "decision_score": 25.14,
        "priority_tier": "Sangat Rendah"
      }
    },
    {
      "type": "Feature",
      "geometry": {
        "type": "LineString",
        "coordinates": [
          [
            110.37315767339571,
            -7.815289120106492
          ],
          [
            110.37315767339571,
            -7.819474992674042
          ],
          [
            110.37313124544316,
            -7.821090390451685
          ],
          [
            110.3731067469133,
            -7.821543613254257
          ],
          [
            110.37305774985354,
            -7.822107079441238
          ],
          [
            110.37305774985354,
            -7.822584800773678
          ],
          [
            110.3733032831201,
            -7.823997098087546
          ]
        ]
      },
      "properties": {
        "segment_id": "SEG-0112",
        "nama_ruas": "Jalan Sisingamangaraja",
        "chunk_no": 1,
        "n_chunks": 1,
        "length_km": 0.971,
        "volume_per_hour": 644,
        "emisi_CO2_g_per_jam": 1988220.6,
        "decision_score": 29.33,
        "priority_tier": "Rendah"
      }
    },
    {
      "type": "Feature",
      "geometry": {
        "type": "LineString",
        "coordinates": [
          [
            110.39013720723322,
            -7.825930442711627
          ],
          [
            110.38863238503603,
            -7.825660346419824
          ],
          [
            110.38769347887882,
            -7.825454558768927
          ],
          [
            110.38441373819263,
            -7.825325941487116
          ],
          [
            110.38382209869631,
            -7.825223047661667
          ],
          [
            110.38316615055908,
            -7.825210185933486
          ],
          [
            110.38260926259697,
            -7.825137996753214
          ]
        ]
      },
      "properties": {
        "segment_id": "SEG-0113",
        "nama_ruas": "Jalan Sorogenen",
        "chunk_no": 1,
        "n_chunks": 2,
        "length_km": 0.836,
        "volume_per_hour": 520,
        "emisi_CO2_g_per_jam": 1382783.8,
        "decision_score": 18.76,
        "priority_tier": "Sangat Rendah"
      }
    },
    {
      "type": "Feature",
      "geometry": {
        "type": "LineString",
        "coordinates": [
          [
            110.38260926259697,
            -7.825137996753214
          ],
          [
            110.3824716172373,
            -7.825120153836219
          ],
          [
            110.38140409379827,
            -7.82478574890351
          ],
          [
            110.3783364937873,
            -7.824793621619983
          ],
          [
            110.37785437190644,
            -7.824836161785941
          ],
          [
            110.37752823063408,
            -7.824949602228499
          ],
          [
            110.37606768493616,
            -7.825389183943408
          ],
          [
            110.3756564633319,
            -7.825417544054047
          ],
          [
            110.37515950702787,
            -7.825433499616783
          ]
        ]
      },
      "properties": {
        "segment_id": "SEG-0114",
        "nama_ruas": "Jalan Sorogenen",
        "chunk_no": 2,
        "n_chunks": 2,
        "length_km": 0.836,
        "volume_per_hour": 647,
        "emisi_CO2_g_per_jam": 1720502.1,
        "decision_score": 25.75,
        "priority_tier": "Sangat Rendah"
      }
    },
    {
      "type": "Feature",
      "geometry": {
        "type": "LineString",
        "coordinates": [
          [
            110.37618099855428,
            -7.815743999885626
          ],
          [
            110.37585199957016,
            -7.818129000153192
          ],
          [
            110.37605506736367,
            -7.818774674574335
          ],
          [
            110.3764773626259,
            -7.819859205588692
          ],
          [
            110.3766701974678,
            -7.820349884344805
          ]
        ]
      },
      "properties": {
        "segment_id": "SEG-0115",
        "nama_ruas": "Jalan Lowanu",
        "chunk_no": 1,
        "n_chunks": 2,
        "length_km": 0.531,
        "volume_per_hour": 662,
        "emisi_CO2_g_per_jam": 1117063.3,
        "decision_score": 26.85,
        "priority_tier": "Sangat Rendah"
      }
    },
    {
      "type": "Feature",
      "geometry": {
        "type": "LineString",
        "coordinates": [
          [
            110.3766701974678,
            -7.820349884344805
          ],
          [
            110.37821819315842,
            -7.82428884367635
          ],
          [
            110.3784349943946,
            -7.824790249373646
          ]
        ]
      },
      "properties": {
        "segment_id": "SEG-0116",
        "nama_ruas": "Jalan Lowanu",
        "chunk_no": 2,
        "n_chunks": 2,
        "length_km": 0.531,
        "volume_per_hour": 768,
        "emisi_CO2_g_per_jam": 1295928.3,
        "decision_score": 26.57,
        "priority_tier": "Sangat Rendah"
      }
    },
    {
      "type": "Feature",
      "geometry": {
        "type": "LineString",
        "coordinates": [
          [
            110.39460066206476,
            -7.827209048757823
          ],
          [
            110.39464298756718,
            -7.826235562202193
          ],
          [
            110.39481228957686,
            -7.825526610036679
          ],
          [
            110.395129730845,
            -7.824722425490723
          ],
          [
            110.39550007899116,
            -7.822817777881881
          ],
          [
            110.39562705549842,
            -7.822701382750229
          ],
          [
            110.3958363417104,
            -7.822625278673144
          ]
        ]
      },
      "properties": {
        "segment_id": "SEG-0117",
        "nama_ruas": "Jalan Nyi Pembayun",
        "chunk_no": 1,
        "n_chunks": 2,
        "length_km": 0.545,
        "volume_per_hour": 559,
        "emisi_CO2_g_per_jam": 968137.8,
        "decision_score": 14.41,
        "priority_tier": "Sangat Rendah"
      }
    },
    {
      "type": "Feature",
      "geometry": {
        "type": "LineString",
        "coordinates": [
          [
            110.3958363417104,
            -7.822625278673144
          ],
          [
            110.39632542628833,
            -7.822447429735718
          ],
          [
            110.39714019220989,
            -7.8221828953456
          ],
          [
            110.39772216786815,
            -7.8221828953456
          ],
          [
            110.39839937590685,
            -7.822309871852856
          ],
          [
            110.39938344383808,
            -7.822563824867369
          ],
          [
            110.39977495473545,
            -7.822648475872207
          ],
          [
            110.40064262753503,
            -7.822775452379462
          ]
        ]
      },
      "properties": {
        "segment_id": "SEG-0118",
        "nama_ruas": "Jalan Nyi Pembayun",
        "chunk_no": 2,
        "n_chunks": 2,
        "length_km": 0.545,
        "volume_per_hour": 543,
        "emisi_CO2_g_per_jam": 940427.2,
        "decision_score": 13.79,
        "priority_tier": "Sangat Rendah"
      }
    },
    {
      "type": "Feature",
      "geometry": {
        "type": "LineString",
        "coordinates": [
          [
            110.38641794517376,
            -7.816042907587093
          ],
          [
            110.38632526284124,
            -7.814537570335382
          ],
          [
            110.38638481907357,
            -7.813688894024502
          ],
          [
            110.38701015951317,
            -7.811559758718256
          ]
        ]
      },
      "properties": {
        "segment_id": "SEG-0119",
        "nama_ruas": "Jalan Pandeyan",
        "chunk_no": 1,
        "n_chunks": 1,
        "length_km": 0.509,
        "volume_per_hour": 709,
        "emisi_CO2_g_per_jam": 1147201.2,
        "decision_score": 26.95,
        "priority_tier": "Sangat Rendah"
      }
    },
    {
      "type": "Feature",
      "geometry": {
        "type": "LineString",
        "coordinates": [
          [
            110.38701015951317,
            -7.811559758718256
          ],
          [
            110.387859567249,
            -7.807661356639695
          ],
          [
            110.38803192670765,
            -7.806816795292243
          ],
          [
            110.38803985507789,
            -7.806741475775025
          ]
        ]
      },
      "properties": {
        "segment_id": "SEG-0120",
        "nama_ruas": "Jalan Galagahsari",
        "chunk_no": 1,
        "n_chunks": 2,
        "length_km": 0.548,
        "volume_per_hour": 846,
        "emisi_CO2_g_per_jam": 1473351.0,
        "decision_score": 33.01,
        "priority_tier": "Rendah"
      }
    },
    {
      "type": "Feature",
      "geometry": {
        "type": "LineString",
        "coordinates": [
          [
            110.38803985507789,
            -7.806741475775025
          ],
          [
            110.38810087049113,
            -7.80616182934932
          ],
          [
            110.38877307237992,
            -7.804834661517609
          ],
          [
            110.38875583643406,
            -7.803903920440826
          ],
          [
            110.38896266778445,
            -7.80264569639258
          ],
          [
            110.38910055535138,
            -7.802007966395524
          ]
        ]
      },
      "properties": {
        "segment_id": "SEG-0121",
        "nama_ruas": "Jalan Galagahsari",
        "chunk_no": 2,
        "n_chunks": 2,
        "length_km": 0.548,
        "volume_per_hour": 865,
        "emisi_CO2_g_per_jam": 1506440.4,
        "decision_score": 33.48,
        "priority_tier": "Rendah"
      }
    },
    {
      "type": "Feature",
      "geometry": {
        "type": "LineString",
        "coordinates": [
          [
            110.37295351719665,
            -7.790421579401769
          ],
          [
            110.37453136219868,
            -7.790447028514705
          ],
          [
            110.37613974613622,
            -7.790335052417787
          ],
          [
            110.37811459730005,
            -7.790223076320869
          ]
        ]
      },
      "properties": {
        "segment_id": "SEG-0122",
        "nama_ruas": "Jalan Lempuyangan",
        "chunk_no": 1,
        "n_chunks": 1,
        "length_km": 0.569,
        "volume_per_hour": 1571,
        "emisi_CO2_g_per_jam": 2844405.6,
        "decision_score": 61.92,
        "priority_tier": "Sangat Tinggi"
      }
    },
    {
      "type": "Feature",
      "geometry": {
        "type": "LineString",
        "coordinates": [
          [
            110.37261000025137,
            -7.79683700032723
          ],
          [
            110.37270603154555,
            -7.795931247522118
          ],
          [
            110.37269114248747,
            -7.794859235339953
          ],
          [
            110.37365893126304,
            -7.79200053618751
          ],
          [
            110.37407582488943,
            -7.790854078714917
          ],
          [
            110.37406093583135,
            -7.790452074146605
          ]
        ]
      },
      "properties": {
        "segment_id": "SEG-0123",
        "nama_ruas": "Jalan Hayam Wuruk",
        "chunk_no": 1,
        "n_chunks": 1,
        "length_km": 0.736,
        "volume_per_hour": 1331,
        "emisi_CO2_g_per_jam": 3114908.3,
        "decision_score": 60.88,
        "priority_tier": "Sangat Tinggi"
      }
    },
    {
      "type": "Feature",
      "geometry": {
        "type": "LineString",
        "coordinates": [
          [
            110.3688546929054,
            -7.794722724254423
          ],
          [
            110.37063606147794,
            -7.793452508320438
          ],
          [
            110.37096679163116,
            -7.793391261995767
          ],
          [
            110.37231421077394,
            -7.793403511260701
          ],
          [
            110.37315941005441,
            -7.793477006850307
          ]
        ]
      },
      "properties": {
        "segment_id": "SEG-0124",
        "nama_ruas": "Jalan Mas Suharto",
        "chunk_no": 1,
        "n_chunks": 1,
        "length_km": 0.521,
        "volume_per_hour": 1706,
        "emisi_CO2_g_per_jam": 2825047.3,
        "decision_score": 66.44,
        "priority_tier": "Sangat Tinggi"
      }
    },
    {
      "type": "Feature",
      "geometry": {
        "type": "LineString",
        "coordinates": [
          [
            110.37295351719665,
            -7.790421579401769
          ],
          [
            110.37286577399156,
            -7.790707491035683
          ],
          [
            110.37261761445062,
            -7.79097069054881
          ],
          [
            110.37245217475666,
            -7.791271489992384
          ],
          [
            110.37212129536873,
            -7.792136288392658
          ],
          [
            110.37179793596688,
            -7.792888287001593
          ],
          [
            110.37159589158632,
            -7.793398650811809
          ]
        ]
      },
      "properties": {
        "segment_id": "SEG-0125",
        "nama_ruas": "Jalan Tukangan",
        "chunk_no": 1,
        "n_chunks": 1,
        "length_km": 0.366,
        "volume_per_hour": 1345,
        "emisi_CO2_g_per_jam": 1565545.4,
        "decision_score": 53.29,
        "priority_tier": "Tinggi"
      }
    },
    {
      "type": "Feature",
      "geometry": {
        "type": "LineString",
        "coordinates": [
          [
            110.37230513582169,
            -7.791653925420531
          ],
          [
            110.37362416985789,
            -7.792106793772959
          ]
        ]
      },
      "properties": {
        "segment_id": "SEG-0126",
        "nama_ruas": "Jalan Tegal Kemuning",
        "chunk_no": 1,
        "n_chunks": 1,
        "length_km": 0.154,
        "volume_per_hour": 1641,
        "emisi_CO2_g_per_jam": 802491.5,
        "decision_score": 53.18,
        "priority_tier": "Tinggi"
      }
    },
    {
      "type": "Feature",
      "geometry": {
        "type": "LineString",
        "coordinates": [
          [
            110.37295351719665,
            -7.790421579401769
          ],
          [
            110.37293099976591,
            -7.790226000329596
          ],
          [
            110.3729905541136,
            -7.789958845179387
          ],
          [
            110.37306904679032,
            -7.789860729333476
          ],
          [
            110.37335685327166,
            -7.789762613487565
          ],
          [
            110.37352200004034,
            -7.789704001438452
          ],
          [
            110.37376893982449,
            -7.789599087077714
          ],
          [
            110.37396170265446,
            -7.788553311389322
          ]
        ]
      },
      "properties": {
        "segment_id": "SEG-0127",
        "nama_ruas": "Jalan Emplasemen Laweyan",
        "chunk_no": 1,
        "n_chunks": 1,
        "length_km": 0.267,
        "volume_per_hour": 1465,
        "emisi_CO2_g_per_jam": 1243307.2,
        "decision_score": 52.31,
        "priority_tier": "Tinggi"
      }
    },
    {
      "type": "Feature",
      "geometry": {
        "type": "LineString",
        "coordinates": [
          [
            110.37145316245527,
            -7.782942584605309
          ],
          [
            110.37127416363616,
            -7.784128451781918
          ],
          [
            110.37154266186482,
            -7.784878009336945
          ],
          [
            110.3721691577317,
            -7.786466623856553
          ],
          [
            110.37229221941985,
            -7.786858183773358
          ],
          [
            110.3727956535986,
            -7.786902933478135
          ],
          [
            110.37331431302268,
            -7.786899251185726
          ]
        ]
      },
      "properties": {
        "segment_id": "SEG-0128",
        "nama_ruas": "Jalan Faridan Muridan Noto",
        "chunk_no": 1,
        "n_chunks": 1,
        "length_km": 0.57,
        "volume_per_hour": 1251,
        "emisi_CO2_g_per_jam": 2266793.0,
        "decision_score": 53.59,
        "priority_tier": "Tinggi"
      }
    },
    {
      "type": "Feature",
      "geometry": {
        "type": "LineString",
        "coordinates": [
          [
            110.37229221941985,
            -7.786858183773358
          ],
          [
            110.37225551045802,
            -7.787281587517289
          ],
          [
            110.3722557765807,
            -7.787970461113341
          ]
        ]
      },
      "properties": {
        "segment_id": "SEG-0129",
        "nama_ruas": "Jalan Ngadikan",
        "chunk_no": 1,
        "n_chunks": 1,
        "length_km": 0.124,
        "volume_per_hour": 1284,
        "emisi_CO2_g_per_jam": 505667.9,
        "decision_score": 45.21,
        "priority_tier": "Sedang"
      }
    },
    {
      "type": "Feature",
      "geometry": {
        "type": "LineString",
        "coordinates": [
          [
            110.3698372319016,
            -7.789440783018611
          ],
          [
            110.36911012196748,
            -7.788704469161274
          ],
          [
            110.36871435326916,
            -7.787903727841421
          ],
          [
            110.36856709049769,
            -7.78740671598772
          ],
          [
            110.36858593387142,
            -7.786807705819396
          ],
          [
            110.36869724360041,
            -7.786418121767896
          ],
          [
            110.36889601097363,
            -7.78611599536061
          ],
          [
            110.36953206656791,
            -7.785631002969965
          ]
        ]
      },
      "properties": {
        "segment_id": "SEG-0130",
        "nama_ruas": "Jalan Ahmad Jajuli",
        "chunk_no": 1,
        "n_chunks": 1,
        "length_km": 0.511,
        "volume_per_hour": 1749,
        "emisi_CO2_g_per_jam": 2844475.9,
        "decision_score": 66.63,
        "priority_tier": "Sangat Tinggi"
      }
    },
    {
      "type": "Feature",
      "geometry": {
        "type": "LineString",
        "coordinates": [
          [
            110.37127416363616,
            -7.784128451781918
          ],
          [
            110.36953206656791,
            -7.785631002969965
          ],
          [
            110.36954796795777,
            -7.786219354394681
          ],
          [
            110.36969903116142,
            -7.786815656514325
          ],
          [
            110.37000910826363,
            -7.787388106549183
          ],
          [
            110.37052590343399,
            -7.787777690600683
          ],
          [
            110.37135277570655,
            -7.788127521177541
          ],
          [
            110.37179801462256,
            -7.788183176042041
          ]
        ]
      },
      "properties": {
        "segment_id": "SEG-0131",
        "nama_ruas": "Jalan Nyoman Oka",
        "chunk_no": 1,
        "n_chunks": 1,
        "length_km": 0.681,
        "volume_per_hour": 1371,
        "emisi_CO2_g_per_jam": 2966800.5,
        "decision_score": 60.87,
        "priority_tier": "Sangat Tinggi"
      }
    },
    {
      "type": "Feature",
      "geometry": {
        "type": "LineString",
        "coordinates": [
          [
            110.36609566118358,
            -7.789966098633135
          ],
          [
            110.36644532771832,
            -7.789979740900733
          ],
          [
            110.36656598782396,
            -7.790028004942991
          ],
          [
            110.36673491197188,
            -7.790091351498455
          ],
          [
            110.36687065459073,
            -7.790097384503737
          ],
          [
            110.3671330903205,
            -7.790115483519584
          ],
          [
            110.36735027851066,
            -7.790127549530149
          ],
          [
            110.36763986276421,
            -7.790151681551277
          ],
          [
            110.36774092281522,
            -7.790184020767592
          ],
          [
            110.36789857649475,
            -7.790264868808379
          ],
          [
            110.3679955941437,
            -7.790337632045086
          ],
          [
            110.3681435442866,
            -7.790392582786033
          ],
          [
            110.36822800636054,
            -7.790380516775469
          ],
          [
            110.3683064354292,
            -7.790347335246416
          ],
          [
            110.36835469947147,
            -7.790299071204158
          ],
          [
            110.36842106252958,
            -7.790178411098514
          ],
          [
            110.36849345859297,
            -7.789958206405711
          ],
          [
            110.36851155760881,
            -7.789894859850247
          ],
          [
            110.3685477556405,
            -7.789704820183856
          ],
          [
            110.36885543890989,
            -7.789734985210267
          ],
          [
            110.36893085147592,
            -7.789731968707627
          ],
          [
            110.36906357759213,
            -7.789647506633675
          ],
          [
            110.36923250174004,
            -7.789547962046518
          ],
          [
            110.36935617834833,
            -7.789523830025389
          ],
          [
            110.36972982008741,
            -7.78948541825782
          ],
          [
            110.37002314631249,
            -7.789345739103022
          ],
          [
            110.370259475747,
            -7.789179822753722
          ],
          [
            110.3718954484848,
            -7.788134246611467
          ],
          [
            110.37205923398295,
            -7.788045334483913
          ],
          [
            110.3722557765807,
            -7.787970461113341
          ],
          [
            110.3724336008358,
            -7.787937704013715
          ],
          [
            110.37280796768867,
            -7.787886228571447
          ],
          [
            110.37318233454154,
            -7.787858151057483
          ]
        ]
      },
      "properties": {
        "segment_id": "SEG-0132",
        "nama_ruas": "Jalan Abu Bakar Ali",
        "chunk_no": 1,
        "n_chunks": 1,
        "length_km": 0.897,
        "volume_per_hour": 2164,
        "emisi_CO2_g_per_jam": 6169641.7,
        "decision_score": 92.38,
        "priority_tier": "Sangat Tinggi"
      }
    },
    {
      "type": "Feature",
      "geometry": {
        "type": "LineString",
        "coordinates": [
          [
            110.36848588189939,
            -7.78969424754133
          ],
          [
            110.3685477556405,
            -7.789704820183856
          ]
        ]
      },
      "properties": {
        "segment_id": "SEG-0133",
        "nama_ruas": "Jalan Abu Bakar Ali",
        "chunk_no": 1,
        "n_chunks": 1,
        "length_km": 0.02,
        "volume_per_hour": 1917,
        "emisi_CO2_g_per_jam": 121911.7,
        "decision_score": 55.52,
        "priority_tier": "Tinggi"
      }
    },
    {
      "type": "Feature",
      "geometry": {
        "type": "LineString",
        "coordinates": [
          [
            110.36893085147592,
            -7.789731968707627
          ],
          [
            110.36898705588102,
            -7.789807537907246
          ],
          [
            110.36901771718959,
            -7.789821689280438
          ],
          [
            110.36904837849818,
            -7.789812255031643
          ],
          [
            110.36907432268237,
            -7.78976980091207
          ],
          [
            110.36914272098612,
            -7.789694326921716
          ],
          [
            110.36922527066307,
            -7.789637721428951
          ],
          [
            110.3693290473998,
            -7.78959290874718
          ],
          [
            110.3694870710671,
            -7.789557530314201
          ],
          [
            110.36972982008741,
            -7.78948541825782
          ]
        ]
      },
      "properties": {
        "segment_id": "SEG-0134",
        "nama_ruas": "Jalan Abu Bakar Ali",
        "chunk_no": 1,
        "n_chunks": 1,
        "length_km": 0.104,
        "volume_per_hour": 1695,
        "emisi_CO2_g_per_jam": 559441.0,
        "decision_score": 54.27,
        "priority_tier": "Tinggi"
      }
    },
    {
      "type": "Feature",
      "geometry": {
        "type": "LineString",
        "coordinates": [
          [
            110.37762899967868,
            -7.797274000694529
          ],
          [
            110.37942832282897,
            -7.79739467650535
          ],
          [
            110.38007943394085,
            -7.797422985684128
          ],
          [
            110.38099948225111,
            -7.79739467650535
          ],
          [
            110.38238277500673,
            -7.797349212844813
          ],
          [
            110.38265739669264,
            -7.797391462334953
          ],
          [
            110.38333338853488,
            -7.797497086060302
          ],
          [
            110.38393544376936,
            -7.797518210805372
          ],
          [
            110.38424122836324,
            -7.797518210805372
          ]
        ]
      },
      "properties": {
        "segment_id": "SEG-0135",
        "nama_ruas": "Jalan Kenari",
        "chunk_no": 1,
        "n_chunks": 3,
        "length_km": 0.73,
        "volume_per_hour": 1196,
        "emisi_CO2_g_per_jam": 2777810.1,
        "decision_score": 51.77,
        "priority_tier": "Tinggi"
      }
    },
    {
      "type": "Feature",
      "geometry": {
        "type": "LineString",
        "coordinates": [
          [
            110.38424122836324,
            -7.797518210805372
          ],
          [
            110.38428400206301,
            -7.797518210805372
          ],
          [
            110.38498111865033,
            -7.797676646393397
          ],
          [
            110.38821012427006,
            -7.798494917114194
          ],
          [
            110.39066245543759,
            -7.799147553634582
          ]
        ]
      },
      "properties": {
        "segment_id": "SEG-0136",
        "nama_ruas": "Jalan Kenari",
        "chunk_no": 2,
        "n_chunks": 3,
        "length_km": 0.73,
        "volume_per_hour": 763,
        "emisi_CO2_g_per_jam": 1772131.4,
        "decision_score": 35.53,
        "priority_tier": "Rendah"
      }
    },
    {
      "type": "Feature",
      "geometry": {
        "type": "LineString",
        "coordinates": [
          [
            110.39066245543759,
            -7.799147553634582
          ],
          [
            110.39089711503958,
            -7.799210003367371
          ],
          [
            110.3926381055039,
            -7.799716262047569
          ],
          [
            110.39418860008672,
            -7.800141702634319
          ],
          [
            110.39537983372962,
            -7.800434783927413
          ],
          [
            110.39531678217021,
            -7.801502255030949
          ],
          [
            110.3951948964833,
            -7.802142154887209
          ]
        ]
      },
      "properties": {
        "segment_id": "SEG-0137",
        "nama_ruas": "Jalan Kenari",
        "chunk_no": 3,
        "n_chunks": 3,
        "length_km": 0.73,
        "volume_per_hour": 907,
        "emisi_CO2_g_per_jam": 2106583.4,
        "decision_score": 35.88,
        "priority_tier": "Rendah"
      }
    },
    {
      "type": "Feature",
      "geometry": {
        "type": "LineString",
        "coordinates": [
          [
            110.3673913200422,
            -7.790131171068119
          ],
          [
            110.36748391678856,
            -7.790229379738501
          ],
          [
            110.36755501526657,
            -7.790320792067351
          ],
          [
            110.36760289791502,
            -7.790399145492079
          ],
          [
            110.367602897915,
            -7.790525535684467
          ],
          [
            110.367606786844,
            -7.790648036947858
          ],
          [
            110.36762115114227,
            -7.790734222737605
          ],
          [
            110.36776766698485,
            -7.790504393964947
          ],
          [
            110.36783948847629,
            -7.790452682491099
          ],
          [
            110.36795727572229,
            -7.790366496701354
          ],
          [
            110.3679955941437,
            -7.790337632045086
          ],
          [
            110.36820434165288,
            -7.790314785227506
          ],
          [
            110.36826179884605,
            -7.790297548069556
          ],
          [
            110.36829627316196,
            -7.790257328034341
          ],
          [
            110.36832500175854,
            -7.790182633683227
          ],
          [
            110.36843991614487,
            -7.789929822033304
          ],
          [
            110.36846002616247,
            -7.789774687611761
          ],
          [
            110.36848588189939,
            -7.78969424754133
          ]
        ]
      },
      "properties": {
        "segment_id": "SEG-0138",
        "nama_ruas": "Jalan Mataram",
        "chunk_no": 1,
        "n_chunks": 1,
        "length_km": 0.239,
        "volume_per_hour": 1900,
        "emisi_CO2_g_per_jam": 1443416.7,
        "decision_score": 63.27,
        "priority_tier": "Sangat Tinggi"
      }
    },
    {
      "type": "Feature",
      "geometry": {
        "type": "LineString",
        "coordinates": [
          [
            110.36762115114227,
            -7.790734222737605
          ],
          [
            110.36760146740413,
            -7.791595205746827
          ],
          [
            110.36760146740413,
            -7.792926064686229
          ],
          [
            110.36767910084227,
            -7.793591494155931
          ],
          [
            110.36796745361247,
            -7.794068385275883
          ],
          [
            110.36815599196221,
            -7.794256923625632
          ],
          [
            110.36852197817055,
            -7.794500914431189
          ],
          [
            110.3688546929054,
            -7.794722724254423
          ],
          [
            110.36897668830818,
            -7.794977805551142
          ],
          [
            110.36904323125515,
            -7.795299429794831
          ],
          [
            110.36905684316588,
            -7.795633898258968
          ],
          [
            110.36904449196494,
            -7.795992083085927
          ],
          [
            110.36902596516354,
            -7.796523184725899
          ],
          [
            110.36905944687393,
            -7.796610793186154
          ]
        ]
      },
      "properties": {
        "segment_id": "SEG-0139",
        "nama_ruas": "Jalan Mataram",
        "chunk_no": 1,
        "n_chunks": 1,
        "length_km": 0.717,
        "volume_per_hour": 2201,
        "emisi_CO2_g_per_jam": 5016697.3,
        "decision_score": 87.76,
        "priority_tier": "Sangat Tinggi"
      }
    }
  ]
}